  0
SECTION
  2
HEADER
  9
$ACADVER
  1
AC1027
  9
$ACADMAINTVER
 70
105
  9
$DWGCODEPAGE
  3
ANSI_1252
  9
$LASTSAVEDBY
  1
ezdxf
  9
$REQUIREDVERSIONS
160
0
  9
$INSBASE
 10
0.0
 20
0.0
 30
0.0
  9
$EXTMIN
 10
1e+20
 20
1e+20
 30
1e+20
  9
$EXTMAX
 10
-1e+20
 20
-1e+20
 30
-1e+20
  9
$LIMMIN
 10
0.0
 20
0.0
  9
$LIMMAX
 10
420.0
 20
297.0
  9
$ORTHOMODE
 70
0
  9
$REGENMODE
 70
1
  9
$FILLMODE
 70
1
  9
$QTEXTMODE
 70
0
  9
$MIRRTEXT
 70
1
  9
$LTSCALE
 40
1.0
  9
$ATTMODE
 70
1
  9
$TEXTSIZE
 40
2.5
  9
$TRACEWID
 40
1.0
  9
$TEXTSTYLE
  7
Standard
  9
$CLAYER
  8
0
  9
$CELTYPE
  6
ByLayer
  9
$CECOLOR
 62
256
  9
$CELTSCALE
 40
1.0
  9
$DISPSILH
 70
0
  9
$DIMSCALE
 40
1.0
  9
$DIMASZ
 40
2.5
  9
$DIMEXO
 40
0.625
  9
$DIMDLI
 40
3.75
  9
$DIMRND
 40
0.0
  9
$DIMDLE
 40
0.0
  9
$DIMEXE
 40
1.25
  9
$DIMTP
 40
0.0
  9
$DIMTM
 40
0.0
  9
$DIMTXT
 40
2.5
  9
$DIMCEN
 40
2.5
  9
$DIMTSZ
 40
0.0
  9
$DIMTOL
 70
0
  9
$DIMLIM
 70
0
  9
$DIMTIH
 70
0
  9
$DIMTOH
 70
0
  9
$DIMSE1
 70
0
  9
$DIMSE2
 70
0
  9
$DIMTAD
 70
1
  9
$DIMZIN
 70
8
  9
$DIMBLK
  1

  9
$DIMASO
 70
1
  9
$DIMSHO
 70
1
  9
$DIMPOST
  1

  9
$DIMAPOST
  1

  9
$DIMALT
 70
0
  9
$DIMALTD
 70
3
  9
$DIMALTF
 40
0.03937007874
  9
$DIMLFAC
 40
1.0
  9
$DIMTOFL
 70
1
  9
$DIMTVP
 40
0.0
  9
$DIMTIX
 70
0
  9
$DIMSOXD
 70
0
  9
$DIMSAH
 70
0
  9
$DIMBLK1
  1

  9
$DIMBLK2
  1

  9
$DIMSTYLE
  2
ISO-25
  9
$DIMCLRD
 70
0
  9
$DIMCLRE
 70
0
  9
$DIMCLRT
 70
0
  9
$DIMTFAC
 40
1.0
  9
$DIMGAP
 40
0.625
  9
$DIMJUST
 70
0
  9
$DIMSD1
 70
0
  9
$DIMSD2
 70
0
  9
$DIMTOLJ
 70
0
  9
$DIMTZIN
 70
8
  9
$DIMALTZ
 70
0
  9
$DIMALTTZ
 70
0
  9
$DIMUPT
 70
0
  9
$DIMDEC
 70
2
  9
$DIMTDEC
 70
2
  9
$DIMALTU
 70
2
  9
$DIMALTTD
 70
3
  9
$DIMTXSTY
  7
Standard
  9
$DIMAUNIT
 70
0
  9
$DIMADEC
 70
0
  9
$DIMALTRND
 40
0.0
  9
$DIMAZIN
 70
0
  9
$DIMDSEP
 70
44
  9
$DIMATFIT
 70
3
  9
$DIMFRAC
 70
0
  9
$DIMLDRBLK
  1

  9
$DIMLUNIT
 70
2
  9
$DIMLWD
 70
-2
  9
$DIMLWE
 70
-2
  9
$DIMTMOVE
 70
0
  9
$DIMFXL
 40
1.0
  9
$DIMFXLON
 70
0
  9
$DIMJOGANG
 40
0.785398163397
  9
$DIMTFILL
 70
0
  9
$DIMTFILLCLR
 70
0
  9
$DIMARCSYM
 70
0
  9
$DIMLTYPE
  6

  9
$DIMLTEX1
  6

  9
$DIMLTEX2
  6

  9
$DIMTXTDIRECTION
 70
0
  9
$LUNITS
 70
2
  9
$LUPREC
 70
4
  9
$SKETCHINC
 40
1.0
  9
$FILLETRAD
 40
10.0
  9
$AUNITS
 70
0
  9
$AUPREC
 70
2
  9
$MENU
  1
.
  9
$ELEVATION
 40
0.0
  9
$PELEVATION
 40
0.0
  9
$THICKNESS
 40
0.0
  9
$LIMCHECK
 70
0
  9
$CHAMFERA
 40
0.0
  9
$CHAMFERB
 40
0.0
  9
$CHAMFERC
 40
0.0
  9
$CHAMFERD
 40
0.0
  9
$SKPOLY
 70
0
  9
$TDCREATE
 40
2460854.642673611
  9
$TDUCREATE
 40
2458532.153996898
  9
$TDUPDATE
 40
2460854.642673611
  9
$TDUUPDATE
 40
2458532.1544311
  9
$TDINDWG
 40
0.0
  9
$TDUSRTIMER
 40
0.0
  9
$USRTIMER
 70
1
  9
$ANGBASE
 50
0.0
  9
$ANGDIR
 70
0
  9
$PDMODE
 70
0
  9
$PDSIZE
 40
0.0
  9
$PLINEWID
 40
0.0
  9
$SPLFRAME
 70
0
  9
$SPLINETYPE
 70
6
  9
$SPLINESEGS
 70
8
  9
$HANDSEED
  5
38
  9
$SURFTAB1
 70
6
  9
$SURFTAB2
 70
6
  9
$SURFTYPE
 70
6
  9
$SURFU
 70
6
  9
$SURFV
 70
6
  9
$UCSBASE
  2

  9
$UCSNAME
  2

  9
$UCSORG
 10
0.0
 20
0.0
 30
0.0
  9
$UCSXDIR
 10
1.0
 20
0.0
 30
0.0
  9
$UCSYDIR
 10
0.0
 20
1.0
 30
0.0
  9
$UCSORTHOREF
  2

  9
$UCSORTHOVIEW
 70
0
  9
$UCSORGTOP
 10
0.0
 20
0.0
 30
0.0
  9
$UCSORGBOTTOM
 10
0.0
 20
0.0
 30
0.0
  9
$UCSORGLEFT
 10
0.0
 20
0.0
 30
0.0
  9
$UCSORGRIGHT
 10
0.0
 20
0.0
 30
0.0
  9
$UCSORGFRONT
 10
0.0
 20
0.0
 30
0.0
  9
$UCSORGBACK
 10
0.0
 20
0.0
 30
0.0
  9
$PUCSBASE
  2

  9
$PUCSNAME
  2

  9
$PUCSORG
 10
0.0
 20
0.0
 30
0.0
  9
$PUCSXDIR
 10
1.0
 20
0.0
 30
0.0
  9
$PUCSYDIR
 10
0.0
 20
1.0
 30
0.0
  9
$PUCSORTHOREF
  2

  9
$PUCSORTHOVIEW
 70
0
  9
$PUCSORGTOP
 10
0.0
 20
0.0
 30
0.0
  9
$PUCSORGBOTTOM
 10
0.0
 20
0.0
 30
0.0
  9
$PUCSORGLEFT
 10
0.0
 20
0.0
 30
0.0
  9
$PUCSORGRIGHT
 10
0.0
 20
0.0
 30
0.0
  9
$PUCSORGFRONT
 10
0.0
 20
0.0
 30
0.0
  9
$PUCSORGBACK
 10
0.0
 20
0.0
 30
0.0
  9
$USERI1
 70
0
  9
$USERI2
 70
0
  9
$USERI3
 70
0
  9
$USERI4
 70
0
  9
$USERI5
 70
0
  9
$USERR1
 40
0.0
  9
$USERR2
 40
0.0
  9
$USERR3
 40
0.0
  9
$USERR4
 40
0.0
  9
$USERR5
 40
0.0
  9
$WORLDVIEW
 70
1
  9
$SHADEDGE
 70
3
  9
$SHADEDIF
 70
70
  9
$TILEMODE
 70
1
  9
$MAXACTVP
 70
64
  9
$PINSBASE
 10
0.0
 20
0.0
 30
0.0
  9
$PLIMCHECK
 70
0
  9
$PEXTMIN
 10
1e+20
 20
1e+20
 30
1e+20
  9
$PEXTMAX
 10
-1e+20
 20
-1e+20
 30
-1e+20
  9
$PLIMMIN
 10
0.0
 20
0.0
  9
$PLIMMAX
 10
420.0
 20
297.0
  9
$UNITMODE
 70
0
  9
$VISRETAIN
 70
1
  9
$PLINEGEN
 70
0
  9
$PSLTSCALE
 70
1
  9
$TREEDEPTH
 70
3020
  9
$CMLSTYLE
  2
Standard
  9
$CMLJUST
 70
0
  9
$CMLSCALE
 40
20.0
  9
$PROXYGRAPHICS
 70
1
  9
$MEASUREMENT
 70
1
  9
$CELWEIGHT
370
-1
  9
$ENDCAPS
280
0
  9
$JOINSTYLE
280
0
  9
$LWDISPLAY
290
0
  9
$INSUNITS
 70
6
  9
$HYPERLINKBASE
  1

  9
$STYLESHEET
  1

  9
$XEDIT
290
1
  9
$CEPSNTYPE
380
0
  9
$PSTYLEMODE
290
1
  9
$FINGERPRINTGUID
  2
{BDCA7853-EC76-46BB-A42A-B243508DD1E8}
  9
$VERSIONGUID
  2
{68A9360A-4E76-46B3-8016-7EE2AC3A1265}
  9
$EXTNAMES
290
1
  9
$PSVPSCALE
 40
0.0
  9
$OLESTARTUP
290
0
  9
$SORTENTS
280
127
  9
$INDEXCTL
280
0
  9
$HIDETEXT
280
1
  9
$XCLIPFRAME
280
1
  9
$HALOGAP
280
0
  9
$OBSCOLOR
 70
257
  9
$OBSLTYPE
280
0
  9
$INTERSECTIONDISPLAY
280
0
  9
$INTERSECTIONCOLOR
 70
257
  9
$DIMASSOC
280
2
  9
$PROJECTNAME
  1

  9
$CAMERADISPLAY
290
0
  9
$LENSLENGTH
 40
50.0
  9
$CAMERAHEIGHT
 40
0.0
  9
$STEPSPERSEC
 40
24.0
  9
$STEPSIZE
 40
100.0
  9
$3DDWFPREC
 40
2.0
  9
$PSOLWIDTH
 40
0.005
  9
$PSOLHEIGHT
 40
0.08
  9
$LOFTANG1
 40
1.570796326795
  9
$LOFTANG2
 40
1.570796326795
  9
$LOFTMAG1
 40
0.0
  9
$LOFTMAG2
 40
0.0
  9
$LOFTPARAM
 70
7
  9
$LOFTNORMALS
280
1
  9
$LATITUDE
 40
37.795
  9
$LONGITUDE
 40
-122.394
  9
$NORTHDIRECTION
 40
0.0
  9
$TIMEZONE
 70
-8000
  9
$LIGHTGLYPHDISPLAY
280
1
  9
$TILEMODELIGHTSYNCH
280
1
  9
$CMATERIAL
347
20
  9
$SOLIDHIST
280
0
  9
$SHOWHIST
280
1
  9
$DWFFRAME
280
2
  9
$DGNFRAME
280
2
  9
$REALWORLDSCALE
290
1
  9
$INTERFERECOLOR
 62
256
  9
$CSHADOW
280
0
  9
$SHADOWPLANELOCATION
 40
0.0
  0
ENDSEC
  0
SECTION
  2
CLASSES
  0
CLASS
  1
ACDBDICTIONARYWDFLT
  2
AcDbDictionaryWithDefault
  3
ObjectDBX Classes
 90
0
 91
0
280
0
281
0
  0
CLASS
  1
SUN
  2
AcDbSun
  3
SCENEOE
 90
1153
 91
0
280
0
281
0
  0
CLASS
  1
VISUALSTYLE
  2
AcDbVisualStyle
  3
ObjectDBX Classes
 90
4095
 91
0
280
0
281
0
  0
CLASS
  1
MATERIAL
  2
AcDbMaterial
  3
ObjectDBX Classes
 90
1153
 91
0
280
0
281
0
  0
CLASS
  1
SCALE
  2
AcDbScale
  3
ObjectDBX Classes
 90
1153
 91
0
280
0
281
0
  0
CLASS
  1
TABLESTYLE
  2
AcDbTableStyle
  3
ObjectDBX Classes
 90
4095
 91
0
280
0
281
0
  0
CLASS
  1
MLEADERSTYLE
  2
AcDbMLeaderStyle
  3
ACDB_MLEADERSTYLE_CLASS
 90
4095
 91
0
280
0
281
0
  0
CLASS
  1
DICTIONARYVAR
  2
AcDbDictionaryVar
  3
ObjectDBX Classes
 90
0
 91
0
280
0
281
0
  0
CLASS
  1
CELLSTYLEMAP
  2
AcDbCellStyleMap
  3
ObjectDBX Classes
 90
1152
 91
0
280
0
281
0
  0
CLASS
  1
MENTALRAYRENDERSETTINGS
  2
AcDbMentalRayRenderSettings
  3
SCENEOE
 90
1024
 91
0
280
0
281
0
  0
CLASS
  1
ACDBDETAILVIEWSTYLE
  2
AcDbDetailViewStyle
  3
ObjectDBX Classes
 90
1025
 91
0
280
0
281
0
  0
CLASS
  1
ACDBSECTIONVIEWSTYLE
  2
AcDbSectionViewStyle
  3
ObjectDBX Classes
 90
1025
 91
0
280
0
281
0
  0
CLASS
  1
RASTERVARIABLES
  2
AcDbRasterVariables
  3
ISM
 90
0
 91
0
280
0
281
0
  0
CLASS
  1
LAYOUT
  2
AcDbLayout
  3
ObjectDBX Classes
 90
0
 91
0
280
0
281
0
  0
CLASS
  1
ACDBPLACEHOLDER
  2
AcDbPlaceHolder
  3
ObjectDBX Classes
 90
0
 91
0
280
0
281
0
  0
ENDSEC
  0
SECTION
  2
TABLES
  0
TABLE
  2
VPORT
  5
8
330
0
100
AcDbSymbolTable
 70
1
  0
VPORT
  5
23
330
8
100
AcDbSymbolTableRecord
100
AcDbViewportTableRecord
  2
*Active
 70
0
 10
0.0
 20
0.0
 11
1.0
 21
1.0
 12
0.0
 22
0.0
 13
0.0
 23
0.0
 14
0.5
 24
0.5
 15
0.5
 25
0.5
 16
0.0
 26
0.0
 36
1.0
 17
0.0
 27
0.0
 37
0.0
 40
1000.0
 41
1.34
 42
50.0
 43
0.0
 44
0.0
 50
0.0
 51
0.0
 71
0
 72
1000
 73
1
 74
3
 75
0
 76
0
 77
0
 78
0
281
0
 65
0
146
0.0
  0
ENDTAB
  0
TABLE
  2
LTYPE
  5
2
330
0
100
AcDbSymbolTable
 70
3
  0
LTYPE
  5
24
330
2
100
AcDbSymbolTableRecord
100
AcDbLinetypeTableRecord
  2
ByBlock
 70
0
  3

 72
65
 73
0
 40
0.0
  0
LTYPE
  5
25
330
2
100
AcDbSymbolTableRecord
100
AcDbLinetypeTableRecord
  2
ByLayer
 70
0
  3

 72
65
 73
0
 40
0.0
  0
LTYPE
  5
26
330
2
100
AcDbSymbolTableRecord
100
AcDbLinetypeTableRecord
  2
Continuous
 70
0
  3

 72
65
 73
0
 40
0.0
  0
ENDTAB
  0
TABLE
  2
LAYER
  5
1
330
0
100
AcDbSymbolTable
 70
2
  0
LAYER
  5
27
330
1
100
AcDbSymbolTableRecord
100
AcDbLayerTableRecord
  2
0
 70
0
 62
7
  6
Continuous
370
-3
390
13
347
21
  0
LAYER
  5
28
330
1
100
AcDbSymbolTableRecord
100
AcDbLayerTableRecord
  2
Defpoints
 70
0
 62
7
  6
Continuous
290
0
370
-3
390
13
347
21
  0
ENDTAB
  0
TABLE
  2
STYLE
  5
5
330
0
100
AcDbSymbolTable
 70
1
  0
STYLE
  5
29
330
5
100
AcDbSymbolTableRecord
100
AcDbTextStyleTableRecord
  2
Standard
 70
0
 40
0.0
 41
1.0
 50
0.0
 71
0
 42
2.5
  3
txt
  4

  0
ENDTAB
  0
TABLE
  2
VIEW
  5
7
330
0
100
AcDbSymbolTable
 70
0
  0
ENDTAB
  0
TABLE
  2
UCS
  5
6
330
0
100
AcDbSymbolTable
 70
0
  0
ENDTAB
  0
TABLE
  2
APPID
  5
3
330
0
100
AcDbSymbolTable
 70
3
  0
APPID
  5
2A
330
3
100
AcDbSymbolTableRecord
100
AcDbRegAppTableRecord
  2
ACAD
 70
0
  0
APPID
  5
35
330
3
100
AcDbSymbolTableRecord
100
AcDbRegAppTableRecord
  2
HATCHBACKGROUNDCOLOR
 70
0
  0
APPID
  5
36
330
3
100
AcDbSymbolTableRecord
100
AcDbRegAppTableRecord
  2
EZDXF
 70
0
  0
ENDTAB
  0
TABLE
  2
DIMSTYLE
  5
4
330
0
100
AcDbSymbolTable
 70
1
100
AcDbDimStyleTable
  0
DIMSTYLE
105
2B
330
4
100
AcDbSymbolTableRecord
100
AcDbDimStyleTableRecord
  2
Standard
 70
0
 40
1.0
 41
2.5
 42
0.625
 43
3.75
 44
1.25
 45
0.0
 46
0.0
 47
0.0
 48
0.0
 49
2.5
140
2.5
141
2.5
142
0.0
143
0.03937007874
144
1.0
145
0.0
146
1.0
147
0.625
148
0.0
 69
0
 70
0
 71
0
 72
0
 73
0
 74
0
 75
0
 76
0
 77
1
 78
8
 79
3
170
0
171
3
172
1
173
0
174
0
175
0
176
0
177
0
178
0
179
2
271
2
272
2
273
2
274
3
275
0
276
0
277
2
278
44
279
0
280
0
281
0
282
0
283
0
284
8
285
0
286
0
288
0
289
3
290
0
371
-2
372
-2
  0
ENDTAB
  0
TABLE
  2
BLOCK_RECORD
  5
9
330
0
100
AcDbSymbolTable
 70
2
  0
BLOCK_RECORD
  5
17
330
9
100
AcDbSymbolTableRecord
100
AcDbBlockTableRecord
  2
*Model_Space
340
1A
 70
0
280
1
281
0
  0
BLOCK_RECORD
  5
1B
330
9
100
AcDbSymbolTableRecord
100
AcDbBlockTableRecord
  2
*Paper_Space
340
1E
 70
0
280
1
281
0
  0
ENDTAB
  0
ENDSEC
  0
SECTION
  2
BLOCKS
  0
BLOCK
  5
18
330
17
100
AcDbEntity
  8
0
100
AcDbBlockBegin
  2
*Model_Space
 70
0
 10
0.0
 20
0.0
 30
0.0
  3
*Model_Space
  1

  0
ENDBLK
  5
19
330
17
100
AcDbEntity
  8
0
100
AcDbBlockEnd
  0
BLOCK
  5
1C
330
1B
100
AcDbEntity
  8
0
100
AcDbBlockBegin
  2
*Paper_Space
 70
0
 10
0.0
 20
0.0
 30
0.0
  3
*Paper_Space
  1

  0
ENDBLK
  5
1D
330
1B
100
AcDbEntity
  8
0
100
AcDbBlockEnd
  0
ENDSEC
  0
SECTION
  2
ENTITIES
  0
CIRCLE
  5
2F
330
17
100
AcDbEntity
  8
0
 62
3
100
AcDbCircle
 10
0.0
 20
0.0
 30
0.0
 40
50.0
  0
LWPOLYLINE
  5
30
330
17
100
AcDbEntity
  8
0
 62
5
100
AcDbPolyline
 90
3799
 70
1
 10
-13.449831530827622
 20
-46.38737047080233
 10
-13.635135982514937
 20
-46.38737047080233
 10
-13.820440434202254
 20
-46.38737047080233
 10
-13.913092660045912
 20
-46.294718244958666
 10
-14.005744885889571
 20
-46.20206601911501
 10
-14.191049337576887
 20
-46.20206601911501
 10
-14.376353789264204
 20
-46.20206601911501
 10
-14.469006015107862
 20
-46.10941379327135
 10
-14.561658240951521
 20
-46.01676156742769
 10
-14.746962692638837
 20
-46.01676156742769
 10
-14.932267144326154
 20
-46.01676156742769
 10
-15.117571596013471
 20
-46.01676156742769
 10
-15.210223821857129
 20
-45.924109341584035
 10
-15.302876047700787
 20
-45.83145711574038
 10
-15.488180499388104
 20
-45.83145711574038
 10
-15.673484951075421
 20
-45.83145711574038
 10
-15.766137176919079
 20
-45.73880488989672
 10
-15.858789402762737
 20
-45.64615266405306
 10
-16.044093854450054
 20
-45.64615266405306
 10
-16.22939830613737
 20
-45.64615266405306
 10
-16.322050531981027
 20
-45.553500438209404
 10
-16.41470275782469
 20
-45.46084821236575
 10
-16.600007209512004
 20
-45.46084821236575
 10
-16.78531166119932
 20
-45.46084821236575
 10
-16.877963887042977
 20
-45.36819598652209
 10
-16.97061611288664
 20
-45.27554376067843
 10
-17.155920564573954
 20
-45.27554376067843
 10
-17.24857279041761
 20
-45.182891534834766
 10
-17.34122501626127
 20
-45.09023930899111
 10
-17.52652946794859
 20
-45.09023930899111
 10
-17.711833919635904
 20
-45.09023930899111
 10
-17.80448614547956
 20
-44.99758708314745
 10
-17.89713837132322
 20
-44.90493485730379
 10
-18.08244282301054
 20
-44.90493485730379
 10
-18.267747274697854
 20
-44.90493485730379
 10
-18.36039950054151
 20
-44.812282631460135
 10
-18.45305172638517
 20
-44.71963040561648
 10
-18.63835617807249
 20
-44.71963040561648
 10
-18.731008403916146
 20
-44.62697817977282
 10
-18.823660629759804
 20
-44.53432595392916
 10
-19.00896508144712
 20
-44.53432595392916
 10
-19.194269533134438
 20
-44.53432595392916
 10
-19.286921758978096
 20
-44.441673728085505
 10
-19.379573984821754
 20
-44.34902150224185
 10
-19.56487843650907
 20
-44.34902150224185
 10
-19.657530662352727
 20
-44.25636927639819
 10
-19.750182888196388
 20
-44.16371705055453
 10
-19.935487339883704
 20
-44.16371705055453
 10
-20.02813956572736
 20
-44.07106482471087
 10
-20.12079179157102
 20
-43.97841259886721
 10
-20.306096243258338
 20
-43.97841259886721
 10
-20.491400694945654
 20
-43.97841259886721
 10
-20.58405292078931
 20
-43.88576037302355
 10
-20.67670514663297
 20
-43.79310814717989
 10
-20.862009598320284
 20
-43.79310814717989
 10
-20.954661824163946
 20
-43.700455921336236
 10
-21.047314050007603
 20
-43.60780369549258
 10
-21.23261850169492
 20
-43.60780369549258
 10
-21.325270727538577
 20
-43.51515146964892
 10
-21.417922953382234
 20
-43.42249924380526
 10
-21.603227405069553
 20
-43.42249924380526
 10
-21.69587963091321
 20
-43.329847017961605
 10
-21.78853185675687
 20
-43.23719479211795
 10
-21.973836308444184
 20
-43.23719479211795
 10
-22.066488534287846
 20
-43.14454256627429
 10
-22.159140760131503
 20
-43.05189034043063
 10
-22.34444521181882
 20
-43.05189034043063
 10
-22.437097437662477
 20
-42.95923811458697
 10
-22.529749663506134
 20
-42.86658588874331
 10
-22.715054115193453
 20
-42.86658588874331
 10
-22.80770634103711
 20
-42.77393366289965
 10
-22.90035856688077
 20
-42.68128143705599
 10
-23.085663018568084
 20
-42.68128143705599
 10
-23.178315244411746
 20
-42.588629211212336
 10
-23.270967470255403
 20
-42.49597698536868
 10
-23.45627192194272
 20
-42.49597698536868
 10
-23.548924147786376
 20
-42.40332475952502
 10
-23.641576373630034
 20
-42.31067253368136
 10
-23.826880825317353
 20
-42.31067253368136
 10
-23.91953305116101
 20
-42.218020307837705
 10
-24.01218527700467
 20
-42.12536808199405
 10
-24.104837502848326
 20
-42.03271585615039
 10
-24.197489728691984
 20
-41.94006363030673
 10
-24.382794180379303
 20
-41.94006363030673
 10
-24.47544640622296
 20
-41.84741140446307
 10
-24.56809863206662
 20
-41.75475917861941
 10
-24.753403083753934
 20
-41.75475917861941
 10
-24.846055309597595
 20
-41.66210695277575
 10
-24.938707535441253
 20
-41.56945472693209
 10
-25.12401198712857
 20
-41.56945472693209
 10
-25.216664212972226
 20
-41.476802501088436
 10
-25.309316438815884
 20
-41.38415027524478
 10
-25.401968664659545
 20
-41.29149804940112
 10
-25.494620890503203
 20
-41.19884582355746
 10
-25.67992534219052
 20
-41.19884582355746
 10
-25.772577568034176
 20
-41.106193597713805
 10
-25.865229793877834
 20
-41.01354137187015
 10
-25.957882019721495
 20
-40.92088914602649
 10
-26.050534245565153
 20
-40.82823692018283
 10
-26.23583869725247
 20
-40.82823692018283
 10
-26.328490923096126
 20
-40.735584694339174
 10
-26.421143148939784
 20
-40.64293246849551
 10
-26.606447600627103
 20
-40.64293246849551
 10
-26.69909982647076
 20
-40.55028024265185
 10
-26.79175205231442
 20
-40.457628016808194
 10
-26.884404278158076
 20
-40.364975790964536
 10
-26.977056504001734
 20
-40.27232356512088
 10
-27.162360955689053
 20
-40.27232356512088
 10
-27.25501318153271
 20
-40.17967133927722
 10
-27.34766540737637
 20
-40.08701911343356
 10
-27.440317633220026
 20
-39.994366887589905
 10
-27.532969859063684
 20
-39.90171466174625
 10
-27.718274310751003
 20
-39.90171466174625
 10
-27.81092653659466
 20
-39.80906243590259
 10
-27.90357876243832
 20
-39.71641021005893
 10
-27.996230988281976
 20
-39.623757984215274
 10
-28.088883214125634
 20
-39.53110575837161
 10
-28.18153543996929
 20
-39.43845353252795
 10
-28.274187665812953
 20
-39.345801306684294
 10
-28.459492117500268
 20
-39.345801306684294
 10
-28.552144343343926
 20
-39.253149080840636
 10
-28.644796569187584
 20
-39.16049685499698
 10
-28.73744879503124
 20
-39.06784462915332
 10
-28.830101020874903
 20
-38.97519240330966
 10
-28.92275324671856
 20
-38.882540177466005
 10
-29.015405472562218
 20
-38.78988795162235
 10
-29.200709924249534
 20
-38.78988795162235
 10
-29.29336215009319
 20
-38.69723572577869
 10
-29.386014375936853
 20
-38.60458349993503
 10
-29.47866660178051
 20
-38.511931274091374
 10
-29.571318827624168
 20
-38.41927904824771
 10
-29.663971053467826
 20
-38.32662682240405
 10
-29.756623279311484
 20
-38.233974596560394
 10
-29.941927730998803
 20
-38.233974596560394
 10
-30.03457995684246
 20
-38.141322370716736
 10
-30.127232182686118
 20
-38.04867014487308
 10
-30.219884408529776
 20
-37.95601791902942
 10
-30.312536634373433
 20
-37.86336569318576
 10
-30.40518886021709
 20
-37.770713467342105
 10
-30.497841086060753
 20
-37.67806124149845
 10
-30.59049331190441
 20
-37.58540901565479
 10
-30.683145537748068
 20
-37.49275678981113
 10
-30.868449989435383
 20
-37.49275678981113
 10
-30.96110221527904
 20
-37.400104563967474
 10
-31.053754441122702
 20
-37.30745233812381
 10
-31.14640666696636
 20
-37.21480011228015
 10
-31.239058892810018
 20
-37.122147886436494
 10
-31.331711118653676
 20
-37.029495660592836
 10
-31.424363344497333
 20
-36.93684343474918
 10
-31.51701557034099
 20
-36.84419120890552
 10
-31.609667796184652
 20
-36.75153898306186
 10
-31.70232002202831
 20
-36.658886757218205
 10
-31.794972247871968
 20
-36.56623453137455
 10
-31.980276699559283
 20
-36.56623453137455
 10
-32.07292892540294
 20
-36.47358230553089
 10
-32.1655811512466
 20
-36.38093007968723
 10
-32.25823337709026
 20
-36.288277853843574
 10
-32.350885602933914
 20
-36.19562562799991
 10
-32.44353782877758
 20
-36.10297340215625
 10
-32.53619005462124
 20
-36.010321176312594
 10
-32.628842280464895
 20
-35.917668950468936
 10
-32.72149450630855
 20
-35.82501672462528
 10
-32.81414673215221
 20
-35.73236449878162
 10
-32.90679895799587
 20
-35.63971227293796
 10
-32.999451183839525
 20
-35.547060047094305
 10
-33.09210340968318
 20
-35.45440782125065
 10
-33.18475563552684
 20
-35.36175559540699
 10
-33.2774078613705
 20
-35.26910336956333
 10
-33.370060087214156
 20
-35.176451143719675
 10
-33.462712313057814
 20
-35.08379891787602
 10
-33.55536453890147
 20
-34.99114669203235
 10
-33.64801676474514
 20
-34.898494466188694
 10
-33.740668990588794
 20
-34.80584224034504
 10
-33.83332121643245
 20
-34.71319001450138
 10
-33.92597344227611
 20
-34.62053778865772
 10
-34.01862566811977
 20
-34.52788556281406
 10
-34.111277893963425
 20
-34.435233336970406
 10
-34.111277893963425
 20
-34.24992888528309
 10
-34.01862566811977
 20
-34.15727665943943
 10
-33.92597344227611
 20
-34.064624433595775
 10
-33.83332121643245
 20
-33.97197220775212
 10
-33.64801676474514
 20
-33.97197220775212
 10
-33.55536453890147
 20
-33.87931998190845
 10
-33.462712313057814
 20
-33.786667756064794
 10
-33.2774078613705
 20
-33.786667756064794
 10
-33.18475563552684
 20
-33.69401553022114
 10
-33.09210340968318
 20
-33.60136330437748
 10
-32.90679895799587
 20
-33.60136330437748
 10
-32.81414673215221
 20
-33.50871107853382
 10
-32.72149450630855
 20
-33.41605885269016
 10
-32.53619005462124
 20
-33.41605885269016
 10
-32.44353782877758
 20
-33.323406626846506
 10
-32.350885602933914
 20
-33.23075440100285
 10
-32.1655811512466
 20
-33.23075440100285
 10
-32.07292892540294
 20
-33.13810217515919
 10
-31.980276699559283
 20
-33.04544994931553
 10
-31.794972247871968
 20
-33.04544994931553
 10
-31.70232002202831
 20
-32.952797723471875
 10
-31.609667796184652
 20
-32.86014549762822
 10
-31.424363344497333
 20
-32.86014549762822
 10
-31.239058892810018
 20
-32.86014549762822
 10
-31.14640666696636
 20
-32.76749327178455
 10
-31.053754441122702
 20
-32.674841045940894
 10
-30.868449989435383
 20
-32.674841045940894
 10
-30.683145537748068
 20
-32.674841045940894
 10
-30.497841086060753
 20
-32.674841045940894
 10
-30.40518886021709
 20
-32.58218882009724
 10
-30.312536634373433
 20
-32.48953659425358
 10
-30.127232182686118
 20
-32.48953659425358
 10
-29.941927730998803
 20
-32.48953659425358
 10
-29.756623279311484
 20
-32.48953659425358
 10
-29.571318827624168
 20
-32.48953659425358
 10
-29.386014375936853
 20
-32.48953659425358
 10
-29.200709924249534
 20
-32.48953659425358
 10
-29.108057698405876
 20
-32.39688436840992
 10
-29.015405472562218
 20
-32.30423214256626
 10
-28.830101020874903
 20
-32.30423214256626
 10
-28.644796569187584
 20
-32.30423214256626
 10
-28.459492117500268
 20
-32.30423214256626
 10
-28.274187665812953
 20
-32.30423214256626
 10
-28.088883214125634
 20
-32.30423214256626
 10
-27.90357876243832
 20
-32.30423214256626
 10
-27.718274310751003
 20
-32.30423214256626
 10
-27.532969859063684
 20
-32.30423214256626
 10
-27.34766540737637
 20
-32.30423214256626
 10
-27.162360955689053
 20
-32.30423214256626
 10
-26.977056504001734
 20
-32.30423214256626
 10
-26.79175205231442
 20
-32.30423214256626
 10
-26.606447600627103
 20
-32.30423214256626
 10
-26.421143148939784
 20
-32.30423214256626
 10
-26.23583869725247
 20
-32.30423214256626
 10
-26.14318647140881
 20
-32.39688436840992
 10
-26.050534245565153
 20
-32.48953659425358
 10
-25.865229793877834
 20
-32.48953659425358
 10
-25.67992534219052
 20
-32.48953659425358
 10
-25.494620890503203
 20
-32.48953659425358
 10
-25.309316438815884
 20
-32.48953659425358
 10
-25.12401198712857
 20
-32.48953659425358
 10
-24.938707535441253
 20
-32.48953659425358
 10
-24.753403083753934
 20
-32.48953659425358
 10
-24.56809863206662
 20
-32.48953659425358
 10
-24.47544640622296
 20
-32.58218882009724
 10
-24.382794180379303
 20
-32.674841045940894
 10
-24.197489728691984
 20
-32.674841045940894
 10
-24.01218527700467
 20
-32.674841045940894
 10
-23.826880825317353
 20
-32.674841045940894
 10
-23.641576373630034
 20
-32.674841045940894
 10
-23.45627192194272
 20
-32.674841045940894
 10
-23.270967470255403
 20
-32.674841045940894
 10
-23.085663018568084
 20
-32.674841045940894
 10
-22.993010792724426
 20
-32.76749327178455
 10
-22.90035856688077
 20
-32.86014549762822
 10
-22.715054115193453
 20
-32.86014549762822
 10
-22.529749663506134
 20
-32.86014549762822
 10
-22.34444521181882
 20
-32.86014549762822
 10
-22.159140760131503
 20
-32.86014549762822
 10
-21.973836308444184
 20
-32.86014549762822
 10
-21.78853185675687
 20
-32.86014549762822
 10
-21.603227405069553
 20
-32.86014549762822
 10
-21.417922953382234
 20
-32.86014549762822
 10
-21.23261850169492
 20
-32.86014549762822
 10
-21.13996627585126
 20
-32.952797723471875
 10
-21.047314050007603
 20
-33.04544994931553
 10
-20.862009598320284
 20
-33.04544994931553
 10
-20.67670514663297
 20
-33.04544994931553
 10
-20.491400694945654
 20
-33.04544994931553
 10
-20.306096243258338
 20
-33.04544994931553
 10
-20.12079179157102
 20
-33.04544994931553
 10
-19.935487339883704
 20
-33.04544994931553
 10
-19.842835114040046
 20
-32.952797723471875
 10
-19.750182888196388
 20
-32.86014549762822
 10
-19.56487843650907
 20
-32.86014549762822
 10
-19.379573984821754
 20
-32.86014549762822
 10
-19.194269533134438
 20
-32.86014549762822
 10
-19.00896508144712
 20
-32.86014549762822
 10
-18.91631285560346
 20
-32.76749327178455
 10
-18.823660629759804
 20
-32.674841045940894
 10
-18.63835617807249
 20
-32.674841045940894
 10
-18.45305172638517
 20
-32.674841045940894
 10
-18.36039950054151
 20
-32.58218882009724
 10
-18.267747274697854
 20
-32.48953659425358
 10
-18.175095048854196
 20
-32.39688436840992
 10
-18.08244282301054
 20
-32.30423214256626
 10
-17.989790597166877
 20
-32.211579916722606
 10
-17.89713837132322
 20
-32.11892769087895
 10
-17.80448614547956
 20
-32.02627546503529
 10
-17.80448614547956
 20
-31.84097101334797
 10
-17.711833919635904
 20
-31.748318787504314
 10
-17.619181693792246
 20
-31.655666561660656
 10
-17.619181693792246
 20
-31.47036210997334
 10
-17.52652946794859
 20
-31.37770988412968
 10
-17.433877242104927
 20
-31.28505765828602
 10
-17.433877242104927
 20
-31.099753206598706
 10
-17.433877242104927
 20
-30.91444875491139
 10
-17.433877242104927
 20
-30.72914430322407
 10
-17.433877242104927
 20
-30.543839851536756
 10
-17.433877242104927
 20
-30.35853539984944
 10
-17.433877242104927
 20
-30.17323094816212
 10
-17.433877242104927
 20
-29.987926496474806
 10
-17.433877242104927
 20
-29.80262204478749
 10
-17.433877242104927
 20
-29.61731759310017
 10
-17.433877242104927
 20
-29.432013141412856
 10
-17.433877242104927
 20
-29.24670868972554
 10
-17.52652946794859
 20
-29.154056463881883
 10
-17.619181693792246
 20
-29.06140423803822
 10
-17.619181693792246
 20
-28.876099786350906
 10
-17.619181693792246
 20
-28.69079533466359
 10
-17.619181693792246
 20
-28.50549088297627
 10
-17.711833919635904
 20
-28.412838657132614
 10
-17.80448614547956
 20
-28.320186431288956
 10
-17.80448614547956
 20
-28.13488197960164
 10
-17.80448614547956
 20
-27.94957752791432
 10
-17.89713837132322
 20
-27.856925302070664
 10
-17.989790597166877
 20
-27.764273076227006
 10
-17.989790597166877
 20
-27.57896862453969
 10
-17.989790597166877
 20
-27.39366417285237
 10
-18.08244282301054
 20
-27.301011947008714
 10
-18.175095048854196
 20
-27.208359721165056
 10
-18.175095048854196
 20
-27.02305526947774
 10
-18.175095048854196
 20
-26.837750817790422
 10
-18.267747274697854
 20
-26.745098591946764
 10
-18.36039950054151
 20
-26.652446366103106
 10
-18.36039950054151
 20
-26.46714191441579
 10
-18.45305172638517
 20
-26.374489688572133
 10
-18.545703952228827
 20
-26.281837462728472
 10
-18.545703952228827
 20
-26.096533011041156
 10
-18.63835617807249
 20
-26.0038807851975
 10
-18.731008403916146
 20
-25.91122855935384
 10
-18.731008403916146
 20
-25.725924107666522
 10
-18.823660629759804
 20
-25.633271881822864
 10
-18.91631285560346
 20
-25.540619655979206
 10
-18.91631285560346
 20
-25.35531520429189
 10
-19.00896508144712
 20
-25.262662978448233
 10
-19.101617307290777
 20
-25.170010752604572
 10
-19.101617307290777
 20
-24.984706300917257
 10
-19.194269533134438
 20
-24.8920540750736
 10
-19.286921758978096
 20
-24.79940184922994
 10
-19.379573984821754
 20
-24.706749623386283
 10
-19.47222621066541
 20
-24.614097397542622
 10
-19.47222621066541
 20
-24.428792945855307
 10
-19.56487843650907
 20
-24.33614072001165
 10
-19.657530662352727
 20
-24.24348849416799
 10
-19.657530662352727
 20
-24.058184042480672
 10
-19.750182888196388
 20
-23.965531816637014
 10
-19.842835114040046
 20
-23.872879590793357
 10
-19.935487339883704
 20
-23.7802273649497
 10
-20.02813956572736
 20
-23.68757513910604
 10
-20.02813956572736
 20
-23.502270687418726
 10
-20.12079179157102
 20
-23.409618461575064
 10
-20.213444017414677
 20
-23.316966235731407
 10
-20.306096243258338
 20
-23.22431400988775
 10
-20.398748469101996
 20
-23.13166178404409
 10
-20.398748469101996
 20
-22.946357332356776
 10
-20.491400694945654
 20
-22.853705106513114
 10
-20.58405292078931
 20
-22.761052880669457
 10
-20.67670514663297
 20
-22.6684006548258
 10
-20.769357372476627
 20
-22.57574842898214
 10
-20.862009598320284
 20
-22.483096203138484
 10
-20.954661824163946
 20
-22.390443977294826
 10
-20.954661824163946
 20
-22.205139525607507
 10
-21.047314050007603
 20
-22.11248729976385
 10
-21.13996627585126
 20
-22.01983507392019
 10
-21.23261850169492
 20
-21.927182848076534
 10
-21.325270727538577
 20
-21.834530622232876
 10
-21.325270727538577
 20
-21.649226170545557
 10
-21.417922953382234
 20
-21.5565739447019
 10
-21.510575179225896
 20
-21.46392171885824
 10
-21.603227405069553
 20
-21.371269493014584
 10
-21.69587963091321
 20
-21.278617267170926
 10
-21.69587963091321
 20
-21.093312815483607
 10
-21.78853185675687
 20
-21.00066058963995
 10
-21.881184082600527
 20
-20.90800836379629
 10
-21.973836308444184
 20
-20.815356137952634
 10
-22.066488534287846
 20
-20.722703912108976
 10
-22.159140760131503
 20
-20.630051686265315
 10
-22.25179298597516
 20
-20.537399460421657
 10
-22.25179298597516
 20
-20.35209500873434
 10
-22.34444521181882
 20
-20.259442782890684
 10
-22.437097437662477
 20
-20.166790557047026
 10
-22.529749663506134
 20
-20.074138331203365
 10
-22.622401889349796
 20
-19.981486105359707
 10
-22.622401889349796
 20
-19.79618165367239
 10
-22.715054115193453
 20
-19.703529427828734
 10
-22.80770634103711
 20
-19.610877201985076
 10
-22.90035856688077
 20
-19.518224976141415
 10
-22.993010792724426
 20
-19.425572750297757
 10
-22.993010792724426
 20
-19.24026829861044
 10
-23.085663018568084
 20
-19.147616072766784
 10
-23.178315244411746
 20
-19.054963846923126
 10
-23.270967470255403
 20
-18.962311621079465
 10
-23.36361969609906
 20
-18.869659395235807
 10
-23.36361969609906
 20
-18.68435494354849
 10
-23.45627192194272
 20
-18.591702717704834
 10
-23.548924147786376
 20
-18.499050491861176
 10
-23.548924147786376
 20
-18.313746040173857
 10
-23.641576373630034
 20
-18.2210938143302
 10
-23.734228599473695
 20
-18.12844158848654
 10
-23.734228599473695
 20
-17.943137136799226
 10
-23.826880825317353
 20
-17.85048491095557
 10
-23.91953305116101
 20
-17.757832685111907
 10
-23.91953305116101
 20
-17.572528233424592
 10
-24.01218527700467
 20
-17.479876007580934
 10
-24.104837502848326
 20
-17.387223781737276
 10
-24.104837502848326
 20
-17.201919330049957
 10
-24.197489728691984
 20
-17.1092671042063
 10
-24.290141954535645
 20
-17.016614878362642
 10
-24.290141954535645
 20
-16.831310426675326
 10
-24.290141954535645
 20
-16.646005974988007
 10
-24.382794180379303
 20
-16.55335374914435
 10
-24.47544640622296
 20
-16.460701523300692
 10
-24.47544640622296
 20
-16.275397071613376
 10
-24.47544640622296
 20
-16.090092619926057
 10
-24.47544640622296
 20
-15.904788168238742
 10
-24.47544640622296
 20
-15.719483716551425
 10
-24.47544640622296
 20
-15.53417926486411
 10
-24.47544640622296
 20
-15.348874813176792
 10
-24.47544640622296
 20
-15.163570361489475
 10
-24.47544640622296
 20
-14.97826590980216
 10
-24.47544640622296
 20
-14.792961458114842
 10
-24.47544640622296
 20
-14.607657006427527
 10
-24.47544640622296
 20
-14.42235255474021
 10
-24.382794180379303
 20
-14.329700328896552
 10
-24.290141954535645
 20
-14.237048103052892
 10
-24.290141954535645
 20
-14.051743651365577
 10
-24.197489728691984
 20
-13.959091425521917
 10
-24.104837502848326
 20
-13.86643919967826
 10
-24.104837502848326
 20
-13.681134747990942
 10
-24.01218527700467
 20
-13.588482522147284
 10
-23.91953305116101
 20
-13.495830296303627
 10
-23.91953305116101
 20
-13.31052584461631
 10
-23.826880825317353
 20
-13.217873618772652
 10
-23.734228599473695
 20
-13.125221392928992
 10
-23.734228599473695
 20
-12.939916941241677
 10
-23.641576373630034
 20
-12.847264715398017
 10
-23.548924147786376
 20
-12.75461248955436
 10
-23.548924147786376
 20
-12.569308037867042
 10
-23.45627192194272
 20
-12.476655812023385
 10
-23.36361969609906
 20
-12.384003586179727
 10
-23.270967470255403
 20
-12.291351360336067
 10
-23.178315244411746
 20
-12.19869913449241
 10
-23.178315244411746
 20
-12.013394682805092
 10
-23.085663018568084
 20
-11.920742456961435
 10
-22.993010792724426
 20
-11.828090231117777
 10
-22.993010792724426
 20
-11.64278577943046
 10
-22.90035856688077
 20
-11.550133553586802
 10
-22.80770634103711
 20
-11.457481327743142
 10
-22.715054115193453
 20
-11.364829101899485
 10
-22.622401889349796
 20
-11.272176876055827
 10
-22.622401889349796
 20
-11.08687242436851
 10
-22.529749663506134
 20
-10.994220198524852
 10
-22.437097437662477
 20
-10.901567972681192
 10
-22.437097437662477
 20
-10.716263520993877
 10
-22.34444521181882
 20
-10.623611295150218
 10
-22.25179298597516
 20
-10.53095906930656
 10
-22.25179298597516
 20
-10.345654617619243
 10
-22.159140760131503
 20
-10.253002391775585
 10
-22.066488534287846
 20
-10.160350165931927
 10
-22.066488534287846
 20
-9.97504571424461
 10
-21.973836308444184
 20
-9.882393488400952
 10
-21.881184082600527
 20
-9.789741262557293
 10
-21.78853185675687
 20
-9.697089036713635
 10
-21.69587963091321
 20
-9.604436810869977
 10
-21.69587963091321
 20
-9.41913235918266
 10
-21.69587963091321
 20
-9.233827907495343
 10
-21.603227405069553
 20
-9.141175681651685
 10
-21.510575179225896
 20
-9.048523455808027
 10
-21.510575179225896
 20
-8.86321900412071
 10
-21.417922953382234
 20
-8.770566778277052
 10
-21.325270727538577
 20
-8.677914552433394
 10
-21.325270727538577
 20
-8.492610100746077
 10
-21.23261850169492
 20
-8.39995787490242
 10
-21.13996627585126
 20
-8.30730564905876
 10
-21.13996627585126
 20
-8.122001197371445
 10
-21.047314050007603
 20
-8.029348971527785
 10
-20.954661824163946
 20
-7.936696745684127
 10
-20.954661824163946
 20
-7.75139229399681
 10
-20.862009598320284
 20
-7.658740068153152
 10
-20.769357372476627
 20
-7.566087842309494
 10
-20.769357372476627
 20
-7.380783390622177
 10
-20.769357372476627
 20
-7.195478938934861
 10
-20.67670514663297
 20
-7.102826713091202
 10
-20.58405292078931
 20
-7.010174487247544
 10
-20.58405292078931
 20
-6.824870035560227
 10
-20.491400694945654
 20
-6.732217809716569
 10
-20.398748469101996
 20
-6.639565583872911
 10
-20.398748469101996
 20
-6.454261132185594
 10
-20.306096243258338
 20
-6.361608906341936
 10
-20.213444017414677
 20
-6.2689566804982775
 10
-20.213444017414677
 20
-6.083652228810961
 10
-20.12079179157102
 20
-5.9910000029673025
 10
-20.02813956572736
 20
-5.898347777123644
 10
-20.02813956572736
 20
-5.7130433254363275
 10
-20.02813956572736
 20
-5.527738873749011
 10
-19.935487339883704
 20
-5.435086647905353
 10
-19.842835114040046
 20
-5.342434422061694
 10
-19.842835114040046
 20
-5.157129970374378
 10
-19.750182888196388
 20
-5.064477744530719
 10
-19.657530662352727
 20
-4.971825518687061
 10
-19.657530662352727
 20
-4.786521066999744
 10
-19.56487843650907
 20
-4.693868841156086
 10
-19.47222621066541
 20
-4.601216615312428
 10
-19.379573984821754
 20
-4.50856438946877
 10
-19.286921758978096
 20
-4.415912163625111
 10
-19.286921758978096
 20
-4.230607711937795
 10
-19.194269533134438
 20
-4.137955486094136
 10
-19.101617307290777
 20
-4.045303260250478
 10
-19.101617307290777
 20
-3.8599988085631614
 10
-19.00896508144712
 20
-3.767346582719503
 10
-18.91631285560346
 20
-3.6746943568758446
 10
-18.823660629759804
 20
-3.5820421310321864
 10
-18.731008403916146
 20
-3.489389905188528
 10
-18.63835617807249
 20
-3.3967376793448696
 10
-18.545703952228827
 20
-3.3040854535012114
 10
-18.545703952228827
 20
-3.1187810018138946
 10
-18.45305172638517
 20
-3.0261287759702364
 10
-18.36039950054151
 20
-2.9334765501265783
 10
-18.267747274697854
 20
-2.8408243242829196
 10
-18.175095048854196
 20
-2.7481720984392615
 10
-18.08244282301054
 20
-2.6555198725956033
 10
-17.989790597166877
 20
-2.5628676467519447
 10
-17.89713837132322
 20
-2.4702154209082865
 10
-17.80448614547956
 20
-2.3775631950646283
 10
-17.711833919635904
 20
-2.28491096922097
 10
-17.619181693792246
 20
-2.1922587433773115
 10
-17.52652946794859
 20
-2.0996065175336533
 10
-17.34122501626127
 20
-2.0996065175336533
 10
-17.24857279041761
 20
-2.006954291689995
 10
-17.155920564573954
 20
-1.9143020658463368
 10
-17.063268338730296
 20
-1.8216498400026784
 10
-16.97061611288664
 20
-1.72899761415902
 10
-16.78531166119932
 20
-1.72899761415902
 10
-16.69265943535566
 20
-1.6363453883153618
 10
-16.600007209512004
 20
-1.5436931624717034
 10
-16.507354983668346
 20
-1.451040936628045
 10
-16.41470275782469
 20
-1.3583887107843868
 10
-16.22939830613737
 20
-1.3583887107843868
 10
-16.13674608029371
 20
-1.2657364849407284
 10
-16.044093854450054
 20
-1.1730842590970703
 10
-15.858789402762737
 20
-1.1730842590970703
 10
-15.766137176919079
 20
-1.0804320332534119
 10
-15.673484951075421
 20
-0.9877798074097536
 10
-15.488180499388104
 20
-0.9877798074097536
 10
-15.302876047700787
 20
-0.9877798074097536
 10
-15.210223821857129
 20
-0.8951275815660952
 10
-15.117571596013471
 20
-0.8024753557224369
 10
-14.932267144326154
 20
-0.8024753557224369
 10
-14.746962692638837
 20
-0.8024753557224369
 10
-14.65431046679518
 20
-0.7098231298787786
 10
-14.561658240951521
 20
-0.6171709040351203
 10
-14.376353789264204
 20
-0.6171709040351203
 10
-14.191049337576887
 20
-0.6171709040351203
 10
-14.005744885889571
 20
-0.6171709040351203
 10
-13.913092660045912
 20
-0.5245186781914619
 10
-13.820440434202254
 20
-0.43186645234780363
 10
-13.635135982514937
 20
-0.43186645234780363
 10
-13.449831530827622
 20
-0.43186645234780363
 10
-13.264527079140304
 20
-0.43186645234780363
 10
-13.171874853296647
 20
-0.33921422650414534
 10
-13.079222627452987
 20
-0.246562000660487
 10
-12.893918175765672
 20
-0.246562000660487
 10
-12.708613724078354
 20
-0.246562000660487
 10
-12.523309272391037
 20
-0.246562000660487
 10
-12.338004820703722
 20
-0.246562000660487
 10
-12.152700369016404
 20
-0.246562000660487
 10
-11.967395917329087
 20
-0.246562000660487
 10
-11.87474369148543
 20
-0.1539097748168287
 10
-11.782091465641772
 20
-0.061257548973170386
 10
-11.596787013954454
 20
-0.061257548973170386
 10
-11.411482562267139
 20
-0.061257548973170386
 10
-11.226178110579822
 20
-0.061257548973170386
 10
-11.040873658892504
 20
-0.061257548973170386
 10
-10.855569207205189
 20
-0.061257548973170386
 10
-10.670264755517872
 20
-0.061257548973170386
 10
-10.484960303830555
 20
-0.061257548973170386
 10
-10.299655852143239
 20
-0.061257548973170386
 10
-10.114351400455922
 20
-0.061257548973170386
 10
-9.929046948768605
 20
-0.061257548973170386
 10
-9.74374249708129
 20
-0.061257548973170386
 10
-9.558438045393972
 20
-0.061257548973170386
 10
-9.373133593706655
 20
-0.061257548973170386
 10
-9.18782914201934
 20
-0.061257548973170386
 10
-9.002524690332022
 20
-0.061257548973170386
 10
-8.817220238644705
 20
-0.061257548973170386
 10
-8.63191578695739
 20
-0.061257548973170386
 10
-8.446611335270072
 20
-0.061257548973170386
 10
-8.261306883582755
 20
-0.061257548973170386
 10
-8.07600243189544
 20
-0.061257548973170386
 10
-7.890697980208122
 20
-0.061257548973170386
 10
-7.705393528520806
 20
-0.061257548973170386
 10
-7.5200890768334885
 20
-0.061257548973170386
 10
-7.427436850989831
 20
-0.1539097748168287
 10
-7.334784625146172
 20
-0.246562000660487
 10
-7.149480173458856
 20
-0.246562000660487
 10
-6.964175721771539
 20
-0.246562000660487
 10
-6.778871270084222
 20
-0.246562000660487
 10
-6.593566818396906
 20
-0.246562000660487
 10
-6.4082623667095895
 20
-0.246562000660487
 10
-6.315610140865931
 20
-0.33921422650414534
 10
-6.222957915022272
 20
-0.43186645234780363
 10
-6.037653463334956
 20
-0.43186645234780363
 10
-5.8523490116476395
 20
-0.43186645234780363
 10
-5.667044559960322
 20
-0.43186645234780363
 10
-5.574392334116665
 20
-0.5245186781914619
 10
-5.481740108273006
 20
-0.6171709040351203
 10
-5.29643565658569
 20
-0.6171709040351203
 10
-5.111131204898372
 20
-0.6171709040351203
 10
-5.018478979054715
 20
-0.7098231298787786
 10
-4.925826753211056
 20
-0.8024753557224369
 10
-4.74052230152374
 20
-0.8024753557224369
 10
-4.555217849836422
 20
-0.8024753557224369
 10
-4.462565623992765
 20
-0.8951275815660952
 10
-4.369913398149106
 20
-0.9877798074097536
 10
-4.18460894646179
 20
-0.9877798074097536
 10
-3.999304494774473
 20
-0.9877798074097536
 10
-3.9066522689308147
 20
-1.0804320332534119
 10
-3.814000043087156
 20
-1.1730842590970703
 10
-3.6286955913998398
 20
-1.1730842590970703
 10
-3.443391139712523
 20
-1.1730842590970703
 10
-3.350738913868865
 20
-1.2657364849407284
 10
-3.2580866880252066
 20
-1.3583887107843868
 10
-3.07278223633789
 20
-1.3583887107843868
 10
-2.9801300104942317
 20
-1.451040936628045
 10
-2.887477784650573
 20
-1.5436931624717034
 10
-2.7021733329632567
 20
-1.5436931624717034
 10
-2.609521107119598
 20
-1.6363453883153618
 10
-2.51686888127594
 20
-1.72899761415902
 10
-2.331564429588623
 20
-1.72899761415902
 10
-2.1462599779013067
 20
-1.72899761415902
 10
-2.0536077520576486
 20
-1.8216498400026784
 10
-1.96095552621399
 20
-1.9143020658463368
 10
-1.7756510745266734
 20
-1.9143020658463368
 10
-1.6829988486830152
 20
-2.006954291689995
 10
-1.6829988486830152
 20
-2.1922587433773115
 10
-1.7756510745266734
 20
-2.28491096922097
 10
-1.96095552621399
 20
-2.28491096922097
 10
-2.0536077520576486
 20
-2.3775631950646283
 10
-2.1462599779013067
 20
-2.4702154209082865
 10
-2.331564429588623
 20
-2.4702154209082865
 10
-2.4242166554322817
 20
-2.5628676467519447
 10
-2.51686888127594
 20
-2.6555198725956033
 10
-2.609521107119598
 20
-2.7481720984392615
 10
-2.7021733329632567
 20
-2.8408243242829196
 10
-2.887477784650573
 20
-2.8408243242829196
 10
-2.9801300104942317
 20
-2.9334765501265783
 10
-3.07278223633789
 20
-3.0261287759702364
 10
-3.2580866880252066
 20
-3.0261287759702364
 10
-3.350738913868865
 20
-3.1187810018138946
 10
-3.443391139712523
 20
-3.2114332276575532
 10
-3.5360433655561816
 20
-3.3040854535012114
 10
-3.6286955913998398
 20
-3.3967376793448696
 10
-3.814000043087156
 20
-3.3967376793448696
 10
-3.9066522689308147
 20
-3.489389905188528
 10
-3.999304494774473
 20
-3.5820421310321864
 10
-4.18460894646179
 20
-3.5820421310321864
 10
-4.277261172305448
 20
-3.6746943568758446
 10
-4.369913398149106
 20
-3.767346582719503
 10
-4.462565623992765
 20
-3.8599988085631614
 10
-4.555217849836422
 20
-3.9526510344068195
 10
-4.647870075680081
 20
-4.045303260250478
 10
-4.74052230152374
 20
-4.137955486094136
 10
-4.925826753211056
 20
-4.137955486094136
 10
-5.018478979054715
 20
-4.230607711937795
 10
-5.111131204898372
 20
-4.323259937781453
 10
-5.203783430742031
 20
-4.415912163625111
 10
-5.29643565658569
 20
-4.50856438946877
 10
-5.389087882429347
 20
-4.601216615312428
 10
-5.481740108273006
 20
-4.693868841156086
 10
-5.574392334116665
 20
-4.786521066999744
 10
-5.667044559960322
 20
-4.879173292843403
 10
-5.759696785803981
 20
-4.971825518687061
 10
-5.8523490116476395
 20
-5.064477744530719
 10
-5.945001237491297
 20
-5.157129970374378
 10
-6.037653463334956
 20
-5.249782196218036
 10
-6.1303056891786145
 20
-5.342434422061694
 10
-6.222957915022272
 20
-5.435086647905353
 10
-6.315610140865931
 20
-5.527738873749011
 10
-6.4082623667095895
 20
-5.620391099592669
 10
-6.500914592553247
 20
-5.7130433254363275
 10
-6.593566818396906
 20
-5.805695551279986
 10
-6.6862190442405645
 20
-5.898347777123644
 10
-6.6862190442405645
 20
-6.083652228810961
 10
-6.778871270084222
 20
-6.176304454654619
 10
-6.871523495927881
 20
-6.2689566804982775
 10
-6.871523495927881
 20
-6.454261132185594
 10
-6.964175721771539
 20
-6.5469133580292524
 10
-7.056827947615197
 20
-6.639565583872911
 10
-7.056827947615197
 20
-6.824870035560227
 10
-7.056827947615197
 20
-7.010174487247544
 10
-7.056827947615197
 20
-7.195478938934861
 10
-6.964175721771539
 20
-7.288131164778519
 10
-6.871523495927881
 20
-7.380783390622177
 10
-6.778871270084222
 20
-7.473435616465836
 10
-6.593566818396906
 20
-7.473435616465836
 10
-6.4082623667095895
 20
-7.473435616465836
 10
-6.222957915022272
 20
-7.473435616465836
 10
-6.1303056891786145
 20
-7.380783390622177
 10
-6.037653463334956
 20
-7.288131164778519
 10
-5.8523490116476395
 20
-7.288131164778519
 10
-5.759696785803981
 20
-7.195478938934861
 10
-5.667044559960322
 20
-7.102826713091202
 10
-5.574392334116665
 20
-7.010174487247544
 10
-5.481740108273006
 20
-6.917522261403886
 10
-5.29643565658569
 20
-6.917522261403886
 10
-5.203783430742031
 20
-6.824870035560227
 10
-5.111131204898372
 20
-6.732217809716569
 10
-5.018478979054715
 20
-6.639565583872911
 10
-4.925826753211056
 20
-6.5469133580292524
 10
-4.833174527367397
 20
-6.454261132185594
 10
-4.74052230152374
 20
-6.361608906341936
 10
-4.647870075680081
 20
-6.2689566804982775
 10
-4.555217849836422
 20
-6.176304454654619
 10
-4.462565623992765
 20
-6.083652228810961
 10
-4.369913398149106
 20
-5.9910000029673025
 10
-4.277261172305448
 20
-5.898347777123644
 10
-4.18460894646179
 20
-5.805695551279986
 10
-4.091956720618131
 20
-5.7130433254363275
 10
-4.091956720618131
 20
-5.527738873749011
 10
-3.999304494774473
 20
-5.435086647905353
 10
-3.9066522689308147
 20
-5.342434422061694
 10
-3.814000043087156
 20
-5.249782196218036
 10
-3.721347817243498
 20
-5.157129970374378
 10
-3.6286955913998398
 20
-5.064477744530719
 10
-3.5360433655561816
 20
-4.971825518687061
 10
-3.443391139712523
 20
-4.879173292843403
 10
-3.350738913868865
 20
-4.786521066999744
 10
-3.350738913868865
 20
-4.601216615312428
 10
-3.2580866880252066
 20
-4.50856438946877
 10
-3.165434462181548
 20
-4.415912163625111
 10
-3.07278223633789
 20
-4.323259937781453
 10
-2.9801300104942317
 20
-4.230607711937795
 10
-2.887477784650573
 20
-4.137955486094136
 10
-2.794825558806915
 20
-4.045303260250478
 10
-2.794825558806915
 20
-3.8599988085631614
 10
-2.7021733329632567
 20
-3.767346582719503
 10
-2.609521107119598
 20
-3.6746943568758446
 10
-2.51686888127594
 20
-3.5820421310321864
 10
-2.4242166554322817
 20
-3.489389905188528
 10
-2.4242166554322817
 20
-3.3040854535012114
 10
-2.331564429588623
 20
-3.2114332276575532
 10
-2.238912203744965
 20
-3.1187810018138946
 10
-2.1462599779013067
 20
-3.0261287759702364
 10
-2.0536077520576486
 20
-2.9334765501265783
 10
-1.96095552621399
 20
-2.8408243242829196
 10
-1.8683033003703318
 20
-2.7481720984392615
 10
-1.8683033003703318
 20
-2.5628676467519447
 10
-1.7756510745266734
 20
-2.4702154209082865
 10
-1.6829988486830152
 20
-2.3775631950646283
 10
-1.5903466228393568
 20
-2.28491096922097
 10
-1.4976943969956984
 20
-2.1922587433773115
 10
-1.4976943969956984
 20
-2.006954291689995
 10
-1.5903466228393568
 20
-1.9143020658463368
 10
-1.6829988486830152
 20
-1.8216498400026784
 10
-1.6829988486830152
 20
-1.6363453883153618
 10
-1.6829988486830152
 20
-1.451040936628045
 10
-1.7756510745266734
 20
-1.3583887107843868
 10
-1.8683033003703318
 20
-1.2657364849407284
 10
-1.8683033003703318
 20
-1.0804320332534119
 10
-1.8683033003703318
 20
-0.8951275815660952
 10
-1.96095552621399
 20
-0.8024753557224369
 10
-2.0536077520576486
 20
-0.7098231298787786
 10
-2.0536077520576486
 20
-0.5245186781914619
 10
-2.0536077520576486
 20
-0.33921422650414534
 10
-2.1462599779013067
 20
-0.246562000660487
 10
-2.238912203744965
 20
-0.1539097748168287
 10
-2.238912203744965
 20
0.03139467687048793
 10
-2.331564429588623
 20
0.12404690271414624
 10
-2.4242166554322817
 20
0.21669912855780457
 10
-2.4242166554322817
 20
0.4020035802451212
 10
-2.51686888127594
 20
0.4946558060887795
 10
-2.609521107119598
 20
0.5873080319324379
 10
-2.609521107119598
 20
0.7726124836197544
 10
-2.7021733329632567
 20
0.8652647094634127
 10
-2.794825558806915
 20
0.9579169353070711
 10
-2.887477784650573
 20
1.0505691611507293
 10
-2.9801300104942317
 20
1.1432213869943877
 10
-3.07278223633789
 20
1.235873612838046
 10
-3.165434462181548
 20
1.3285258386817043
 10
-3.165434462181548
 20
1.513830290369021
 10
-3.2580866880252066
 20
1.6064825162126792
 10
-3.350738913868865
 20
1.6991347420563376
 10
-3.443391139712523
 20
1.7917869678999958
 10
-3.5360433655561816
 20
1.8844391937436542
 10
-3.6286955913998398
 20
1.9770914195873126
 10
-3.814000043087156
 20
1.9770914195873126
 10
-3.9066522689308147
 20
2.069743645430971
 10
-3.999304494774473
 20
2.162395871274629
 10
-4.091956720618131
 20
2.2550480971182876
 10
-4.18460894646179
 20
2.3477003229619458
 10
-4.369913398149106
 20
2.3477003229619458
 10
-4.462565623992765
 20
2.440352548805604
 10
-4.555217849836422
 20
2.5330047746492625
 10
-4.74052230152374
 20
2.5330047746492625
 10
-4.833174527367397
 20
2.6256570004929207
 10
-4.925826753211056
 20
2.718309226336579
 10
-5.111131204898372
 20
2.718309226336579
 10
-5.203783430742031
 20
2.8109614521802375
 10
-5.29643565658569
 20
2.9036136780238957
 10
-5.481740108273006
 20
2.9036136780238957
 10
-5.574392334116665
 20
2.996265903867554
 10
-5.667044559960322
 20
3.0889181297112125
 10
-5.8523490116476395
 20
3.0889181297112125
 10
-5.945001237491297
 20
3.1815703555548707
 10
-6.037653463334956
 20
3.274222581398529
 10
-6.222957915022272
 20
3.274222581398529
 10
-6.4082623667095895
 20
3.274222581398529
 10
-6.500914592553247
 20
3.3668748072421875
 10
-6.593566818396906
 20
3.4595270330858456
 10
-6.778871270084222
 20
3.4595270330858456
 10
-6.871523495927881
 20
3.552179258929504
 10
-6.964175721771539
 20
3.644831484773162
 10
-7.149480173458856
 20
3.644831484773162
 10
-7.242132399302514
 20
3.7374837106168206
 10
-7.334784625146172
 20
3.830135936460479
 10
-7.5200890768334885
 20
3.830135936460479
 10
-7.612741302677147
 20
3.922788162304137
 10
-7.705393528520806
 20
4.015440388147796
 10
-7.890697980208122
 20
4.015440388147796
 10
-7.983350206051781
 20
4.108092613991454
 10
-8.07600243189544
 20
4.200744839835112
 10
-8.261306883582755
 20
4.200744839835112
 10
-8.446611335270072
 20
4.200744839835112
 10
-8.53926356111373
 20
4.2933970656787706
 10
-8.63191578695739
 20
4.386049291522428
 10
-8.817220238644705
 20
4.386049291522428
 10
-8.909872464488364
 20
4.478701517366087
 10
-9.002524690332022
 20
4.5713537432097455
 10
-9.18782914201934
 20
4.5713537432097455
 10
-9.280481367862997
 20
4.664005969053403
 10
-9.373133593706655
 20
4.756658194897062
 10
-9.558438045393972
 20
4.756658194897062
 10
-9.65109027123763
 20
4.8493104207407205
 10
-9.74374249708129
 20
4.941962646584378
 10
-9.929046948768605
 20
4.941962646584378
 10
-10.021699174612264
 20
5.034614872428037
 10
-10.114351400455922
 20
5.1272670982716955
 10
-10.299655852143239
 20
5.1272670982716955
 10
-10.392308077986897
 20
5.219919324115353
 10
-10.484960303830555
 20
5.312571549959012
 10
-10.670264755517872
 20
5.312571549959012
 10
-10.76291698136153
 20
5.40522377580267
 10
-10.855569207205189
 20
5.497876001646328
 10
-11.040873658892504
 20
5.497876001646328
 10
-11.133525884736164
 20
5.590528227489987
 10
-11.226178110579822
 20
5.683180453333645
 10
-11.411482562267139
 20
5.683180453333645
 10
-11.504134788110797
 20
5.775832679177303
 10
-11.596787013954454
 20
5.868484905020962
 10
-11.782091465641772
 20
5.868484905020962
 10
-11.87474369148543
 20
5.96113713086462
 10
-11.967395917329087
 20
6.053789356708278
 10
-12.152700369016404
 20
6.053789356708278
 10
-12.245352594860062
 20
6.146441582551937
 10
-12.338004820703722
 20
6.239093808395595
 10
-12.523309272391037
 20
6.239093808395595
 10
-12.615961498234697
 20
6.331746034239253
 10
-12.708613724078354
 20
6.424398260082912
 10
-12.893918175765672
 20
6.424398260082912
 10
-12.98657040160933
 20
6.51705048592657
 10
-13.079222627452987
 20
6.609702711770228
 10
-13.264527079140304
 20
6.609702711770228
 10
-13.357179304983962
 20
6.702354937613887
 10
-13.449831530827622
 20
6.795007163457545
 10
-13.635135982514937
 20
6.795007163457545
 10
-13.820440434202254
 20
6.795007163457545
 10
-13.913092660045912
 20
6.887659389301203
 10
-14.005744885889571
 20
6.980311615144862
 10
-14.191049337576887
 20
6.980311615144862
 10
-14.283701563420546
 20
7.07296384098852
 10
-14.376353789264204
 20
7.165616066832178
 10
-14.561658240951521
 20
7.165616066832178
 10
-14.746962692638837
 20
7.165616066832178
 10
-14.839614918482496
 20
7.258268292675837
 10
-14.932267144326154
 20
7.350920518519494
 10
-15.117571596013471
 20
7.350920518519494
 10
-15.302876047700787
 20
7.350920518519494
 10
-15.395528273544446
 20
7.443572744363153
 10
-15.488180499388104
 20
7.536224970206812
 10
-15.673484951075421
 20
7.536224970206812
 10
-15.858789402762737
 20
7.536224970206812
 10
-16.044093854450054
 20
7.536224970206812
 10
-16.22939830613737
 20
7.536224970206812
 10
-16.322050531981027
 20
7.628877196050469
 10
-16.41470275782469
 20
7.721529421894128
 10
-16.600007209512004
 20
7.721529421894128
 10
-16.78531166119932
 20
7.721529421894128
 10
-16.97061611288664
 20
7.721529421894128
 10
-17.155920564573954
 20
7.721529421894128
 10
-17.34122501626127
 20
7.721529421894128
 10
-17.52652946794859
 20
7.721529421894128
 10
-17.711833919635904
 20
7.721529421894128
 10
-17.89713837132322
 20
7.721529421894128
 10
-18.08244282301054
 20
7.721529421894128
 10
-18.267747274697854
 20
7.721529421894128
 10
-18.45305172638517
 20
7.721529421894128
 10
-18.545703952228827
 20
7.628877196050469
 10
-18.63835617807249
 20
7.536224970206812
 10
-18.823660629759804
 20
7.536224970206812
 10
-19.00896508144712
 20
7.536224970206812
 10
-19.194269533134438
 20
7.536224970206812
 10
-19.379573984821754
 20
7.536224970206812
 10
-19.47222621066541
 20
7.443572744363153
 10
-19.56487843650907
 20
7.350920518519494
 10
-19.750182888196388
 20
7.350920518519494
 10
-19.935487339883704
 20
7.350920518519494
 10
-20.12079179157102
 20
7.350920518519494
 10
-20.213444017414677
 20
7.258268292675837
 10
-20.306096243258338
 20
7.165616066832178
 10
-20.491400694945654
 20
7.165616066832178
 10
-20.67670514663297
 20
7.165616066832178
 10
-20.769357372476627
 20
7.07296384098852
 10
-20.862009598320284
 20
6.980311615144862
 10
-21.047314050007603
 20
6.980311615144862
 10
-21.23261850169492
 20
6.980311615144862
 10
-21.325270727538577
 20
6.887659389301203
 10
-21.417922953382234
 20
6.795007163457545
 10
-21.603227405069553
 20
6.795007163457545
 10
-21.78853185675687
 20
6.795007163457545
 10
-21.881184082600527
 20
6.702354937613887
 10
-21.973836308444184
 20
6.609702711770228
 10
-22.159140760131503
 20
6.609702711770228
 10
-22.34444521181882
 20
6.609702711770228
 10
-22.437097437662477
 20
6.51705048592657
 10
-22.529749663506134
 20
6.424398260082912
 10
-22.715054115193453
 20
6.424398260082912
 10
-22.90035856688077
 20
6.424398260082912
 10
-22.993010792724426
 20
6.331746034239253
 10
-23.085663018568084
 20
6.239093808395595
 10
-23.270967470255403
 20
6.239093808395595
 10
-23.45627192194272
 20
6.239093808395595
 10
-23.641576373630034
 20
6.239093808395595
 10
-23.734228599473695
 20
6.146441582551937
 10
-23.826880825317353
 20
6.053789356708278
 10
-24.01218527700467
 20
6.053789356708278
 10
-24.197489728691984
 20
6.053789356708278
 10
-24.382794180379303
 20
6.053789356708278
 10
-24.47544640622296
 20
5.96113713086462
 10
-24.56809863206662
 20
5.868484905020962
 10
-24.753403083753934
 20
5.868484905020962
 10
-24.938707535441253
 20
5.868484905020962
 10
-25.12401198712857
 20
5.868484905020962
 10
-25.216664212972226
 20
5.775832679177303
 10
-25.309316438815884
 20
5.683180453333645
 10
-25.494620890503203
 20
5.683180453333645
 10
-25.67992534219052
 20
5.683180453333645
 10
-25.772577568034176
 20
5.590528227489987
 10
-25.865229793877834
 20
5.497876001646328
 10
-26.050534245565153
 20
5.497876001646328
 10
-26.23583869725247
 20
5.497876001646328
 10
-26.328490923096126
 20
5.40522377580267
 10
-26.421143148939784
 20
5.312571549959012
 10
-26.606447600627103
 20
5.312571549959012
 10
-26.69909982647076
 20
5.219919324115353
 10
-26.79175205231442
 20
5.1272670982716955
 10
-26.977056504001734
 20
5.1272670982716955
 10
-27.06970872984539
 20
5.034614872428037
 10
-27.162360955689053
 20
4.941962646584378
 10
-27.25501318153271
 20
4.8493104207407205
 10
-27.34766540737637
 20
4.756658194897062
 10
-27.440317633220026
 20
4.664005969053403
 10
-27.532969859063684
 20
4.5713537432097455
 10
-27.718274310751003
 20
4.5713537432097455
 10
-27.81092653659466
 20
4.478701517366087
 10
-27.90357876243832
 20
4.386049291522428
 10
-27.996230988281976
 20
4.2933970656787706
 10
-27.996230988281976
 20
4.108092613991454
 10
-28.088883214125634
 20
4.015440388147796
 10
-28.18153543996929
 20
3.922788162304137
 10
-28.274187665812953
 20
3.830135936460479
 10
-28.36683989165661
 20
3.7374837106168206
 10
-28.459492117500268
 20
3.644831484773162
 10
-28.552144343343926
 20
3.552179258929504
 10
-28.552144343343926
 20
3.3668748072421875
 10
-28.644796569187584
 20
3.274222581398529
 10
-28.73744879503124
 20
3.1815703555548707
 10
-28.73744879503124
 20
2.996265903867554
 10
-28.830101020874903
 20
2.9036136780238957
 10
-28.92275324671856
 20
2.8109614521802375
 10
-28.92275324671856
 20
2.6256570004929207
 10
-29.015405472562218
 20
2.5330047746492625
 10
-29.108057698405876
 20
2.440352548805604
 10
-29.108057698405876
 20
2.2550480971182876
 10
-29.200709924249534
 20
2.162395871274629
 10
-29.29336215009319
 20
2.069743645430971
 10
-29.29336215009319
 20
1.8844391937436542
 10
-29.29336215009319
 20
1.6991347420563376
 10
-29.386014375936853
 20
1.6064825162126792
 10
-29.47866660178051
 20
1.513830290369021
 10
-29.47866660178051
 20
1.3285258386817043
 10
-29.47866660178051
 20
1.1432213869943877
 10
-29.571318827624168
 20
1.0505691611507293
 10
-29.663971053467826
 20
0.9579169353070711
 10
-29.663971053467826
 20
0.7726124836197544
 10
-29.663971053467826
 20
0.5873080319324379
 10
-29.663971053467826
 20
0.4020035802451212
 10
-29.663971053467826
 20
0.21669912855780457
 10
-29.756623279311484
 20
0.12404690271414624
 10
-29.84927550515514
 20
0.03139467687048793
 10
-29.84927550515514
 20
-0.1539097748168287
 10
-29.84927550515514
 20
-0.33921422650414534
 10
-29.84927550515514
 20
-0.5245186781914619
 10
-29.84927550515514
 20
-0.7098231298787786
 10
-29.941927730998803
 20
-0.8024753557224369
 10
-30.03457995684246
 20
-0.8951275815660952
 10
-30.03457995684246
 20
-1.0804320332534119
 10
-30.03457995684246
 20
-1.2657364849407284
 10
-30.03457995684246
 20
-1.451040936628045
 10
-30.03457995684246
 20
-1.6363453883153618
 10
-30.03457995684246
 20
-1.8216498400026784
 10
-30.03457995684246
 20
-2.006954291689995
 10
-30.03457995684246
 20
-2.1922587433773115
 10
-30.03457995684246
 20
-2.3775631950646283
 10
-30.03457995684246
 20
-2.5628676467519447
 10
-30.03457995684246
 20
-2.7481720984392615
 10
-30.03457995684246
 20
-2.9334765501265783
 10
-30.03457995684246
 20
-3.1187810018138946
 10
-30.127232182686118
 20
-3.2114332276575532
 10
-30.219884408529776
 20
-3.3040854535012114
 10
-30.219884408529776
 20
-3.489389905188528
 10
-30.219884408529776
 20
-3.6746943568758446
 10
-30.219884408529776
 20
-3.8599988085631614
 10
-30.219884408529776
 20
-4.045303260250478
 10
-30.127232182686118
 20
-4.137955486094136
 10
-30.03457995684246
 20
-4.230607711937795
 10
-30.03457995684246
 20
-4.415912163625111
 10
-30.03457995684246
 20
-4.601216615312428
 10
-30.03457995684246
 20
-4.786521066999744
 10
-30.03457995684246
 20
-4.971825518687061
 10
-30.03457995684246
 20
-5.157129970374378
 10
-30.03457995684246
 20
-5.342434422061694
 10
-30.03457995684246
 20
-5.527738873749011
 10
-30.03457995684246
 20
-5.7130433254363275
 10
-30.03457995684246
 20
-5.898347777123644
 10
-30.03457995684246
 20
-6.083652228810961
 10
-30.03457995684246
 20
-6.2689566804982775
 10
-30.03457995684246
 20
-6.454261132185594
 10
-30.03457995684246
 20
-6.639565583872911
 10
-29.941927730998803
 20
-6.732217809716569
 10
-29.84927550515514
 20
-6.824870035560227
 10
-29.84927550515514
 20
-7.010174487247544
 10
-29.84927550515514
 20
-7.195478938934861
 10
-29.84927550515514
 20
-7.380783390622177
 10
-29.84927550515514
 20
-7.566087842309494
 10
-29.84927550515514
 20
-7.75139229399681
 10
-29.84927550515514
 20
-7.936696745684127
 10
-29.756623279311484
 20
-8.029348971527785
 10
-29.663971053467826
 20
-8.122001197371445
 10
-29.663971053467826
 20
-8.30730564905876
 10
-29.663971053467826
 20
-8.492610100746077
 10
-29.663971053467826
 20
-8.677914552433394
 10
-29.663971053467826
 20
-8.86321900412071
 10
-29.663971053467826
 20
-9.048523455808027
 10
-29.571318827624168
 20
-9.141175681651685
 10
-29.47866660178051
 20
-9.233827907495343
 10
-29.47866660178051
 20
-9.41913235918266
 10
-29.47866660178051
 20
-9.604436810869977
 10
-29.47866660178051
 20
-9.789741262557293
 10
-29.47866660178051
 20
-9.97504571424461
 10
-29.47866660178051
 20
-10.160350165931927
 10
-29.386014375936853
 20
-10.253002391775585
 10
-29.29336215009319
 20
-10.345654617619243
 10
-29.29336215009319
 20
-10.53095906930656
 10
-29.29336215009319
 20
-10.716263520993877
 10
-29.29336215009319
 20
-10.901567972681192
 10
-29.29336215009319
 20
-11.08687242436851
 10
-29.200709924249534
 20
-11.179524650212167
 10
-29.108057698405876
 20
-11.272176876055827
 10
-29.108057698405876
 20
-11.457481327743142
 10
-29.108057698405876
 20
-11.64278577943046
 10
-29.108057698405876
 20
-11.828090231117777
 10
-29.108057698405876
 20
-12.013394682805092
 10
-29.108057698405876
 20
-12.19869913449241
 10
-29.108057698405876
 20
-12.384003586179727
 10
-29.108057698405876
 20
-12.569308037867042
 10
-29.108057698405876
 20
-12.75461248955436
 10
-29.108057698405876
 20
-12.939916941241677
 10
-29.108057698405876
 20
-13.125221392928992
 10
-29.108057698405876
 20
-13.31052584461631
 10
-29.108057698405876
 20
-13.495830296303627
 10
-29.200709924249534
 20
-13.588482522147284
 10
-29.29336215009319
 20
-13.681134747990942
 10
-29.29336215009319
 20
-13.86643919967826
 10
-29.386014375936853
 20
-13.959091425521917
 10
-29.47866660178051
 20
-14.051743651365577
 10
-29.47866660178051
 20
-14.237048103052892
 10
-29.571318827624168
 20
-14.329700328896552
 10
-29.663971053467826
 20
-14.42235255474021
 10
-29.756623279311484
 20
-14.515004780583867
 10
-29.84927550515514
 20
-14.607657006427527
 10
-29.941927730998803
 20
-14.700309232271184
 10
-30.03457995684246
 20
-14.792961458114842
 10
-30.127232182686118
 20
-14.885613683958502
 10
-30.219884408529776
 20
-14.97826590980216
 10
-30.312536634373433
 20
-15.070918135645817
 10
-30.497841086060753
 20
-15.070918135645817
 10
-30.59049331190441
 20
-15.163570361489475
 10
-30.683145537748068
 20
-15.256222587333134
 10
-30.868449989435383
 20
-15.256222587333134
 10
-31.053754441122702
 20
-15.256222587333134
 10
-31.14640666696636
 20
-15.348874813176792
 10
-31.239058892810018
 20
-15.44152703902045
 10
-31.424363344497333
 20
-15.44152703902045
 10
-31.609667796184652
 20
-15.44152703902045
 10
-31.794972247871968
 20
-15.44152703902045
 10
-31.887624473715626
 20
-15.53417926486411
 10
-31.980276699559283
 20
-15.626831490707767
 10
-32.1655811512466
 20
-15.626831490707767
 10
-32.350885602933914
 20
-15.626831490707767
 10
-32.53619005462124
 20
-15.626831490707767
 10
-32.72149450630855
 20
-15.626831490707767
 10
-32.90679895799587
 20
-15.626831490707767
 10
-33.09210340968318
 20
-15.626831490707767
 10
-33.2774078613705
 20
-15.626831490707767
 10
-33.462712313057814
 20
-15.626831490707767
 10
-33.64801676474514
 20
-15.626831490707767
 10
-33.740668990588794
 20
-15.53417926486411
 10
-33.83332121643245
 20
-15.44152703902045
 10
-34.01862566811977
 20
-15.44152703902045
 10
-34.20393011980708
 20
-15.44152703902045
 10
-34.3892345714944
 20
-15.44152703902045
 10
-34.574539023181714
 20
-15.44152703902045
 10
-34.66719124902537
 20
-15.348874813176792
 10
-34.75984347486904
 20
-15.256222587333134
 10
-34.94514792655635
 20
-15.256222587333134
 10
-35.13045237824367
 20
-15.256222587333134
 10
-35.223104604087325
 20
-15.163570361489475
 10
-35.31575682993098
 20
-15.070918135645817
 10
-35.5010612816183
 20
-15.070918135645817
 10
-35.686365733305614
 20
-15.070918135645817
 10
-35.77901795914927
 20
-14.97826590980216
 10
-35.87167018499294
 20
-14.885613683958502
 10
-36.05697463668025
 20
-14.885613683958502
 10
-36.14962686252391
 20
-14.792961458114842
 10
-36.24227908836757
 20
-14.700309232271184
 10
-36.42758354005488
 20
-14.700309232271184
 10
-36.52023576589854
 20
-14.607657006427527
 10
-36.6128879917422
 20
-14.515004780583867
 10
-36.798192443429514
 20
-14.515004780583867
 10
-36.983496895116836
 20
-14.515004780583867
 10
-37.076149120960494
 20
-14.42235255474021
 10
-37.16880134680415
 20
-14.329700328896552
 10
-37.35410579849147
 20
-14.329700328896552
 10
-37.446758024335125
 20
-14.237048103052892
 10
-37.53941025017878
 20
-14.144395877209234
 10
-37.63206247602244
 20
-14.051743651365577
 10
-37.7247147018661
 20
-13.959091425521917
 10
-37.910019153553414
 20
-13.959091425521917
 10
-38.00267137939707
 20
-13.86643919967826
 10
-38.095323605240736
 20
-13.773786973834602
 10
-38.28062805692805
 20
-13.773786973834602
 10
-38.37328028277171
 20
-13.681134747990942
 10
-38.46593250861537
 20
-13.588482522147284
 10
-38.65123696030268
 20
-13.588482522147284
 10
-38.74388918614634
 20
-13.495830296303627
 10
-38.83654141199
 20
-13.403178070459967
 10
-39.021845863677314
 20
-13.403178070459967
 10
-39.11449808952097
 20
-13.31052584461631
 10
-39.20715031536463
 20
-13.217873618772652
 10
-39.39245476705195
 20
-13.217873618772652
 10
-39.48510699289561
 20
-13.125221392928992
 10
-39.57775921873927
 20
-13.032569167085335
 10
-39.670411444582925
 20
-12.939916941241677
 10
-39.76306367042658
 20
-12.847264715398017
 10
-39.9483681221139
 20
-12.847264715398017
 10
-40.041020347957556
 20
-12.75461248955436
 10
-40.13367257380121
 20
-12.661960263710702
 10
-40.31897702548853
 20
-12.661960263710702
 10
-40.411629251332194
 20
-12.569308037867042
 10
-40.50428147717585
 20
-12.476655812023385
 10
-40.68958592886317
 20
-12.476655812023385
 10
-40.782238154706825
 20
-12.384003586179727
 10
-40.87489038055048
 20
-12.291351360336067
 10
-40.96754260639414
 20
-12.19869913449241
 10
-41.0601948322378
 20
-12.106046908648752
 10
-41.24549928392511
 20
-12.106046908648752
 10
-41.33815150976877
 20
-12.013394682805092
 10
-41.43080373561243
 20
-11.920742456961435
 10
-41.61610818729975
 20
-11.920742456961435
 10
-41.70876041314341
 20
-11.828090231117777
 10
-41.80141263898707
 20
-11.735438005274117
 10
-41.98671709067438
 20
-11.735438005274117
 10
-42.07936931651804
 20
-11.64278577943046
 10
-42.1720215423617
 20
-11.550133553586802
 10
-42.35732599404901
 20
-11.550133553586802
 10
-42.44997821989267
 20
-11.457481327743142
 10
-42.54263044573633
 20
-11.364829101899485
 10
-42.72793489742365
 20
-11.364829101899485
 10
-42.82058712326731
 20
-11.272176876055827
 10
-42.91323934911097
 20
-11.179524650212167
 10
-43.09854380079828
 20
-11.179524650212167
 10
-43.2838482524856
 20
-11.179524650212167
 10
-43.376500478329255
 20
-11.08687242436851
 10
-43.46915270417291
 20
-10.994220198524852
 10
-43.65445715586023
 20
-10.994220198524852
 10
-43.74710938170389
 20
-10.901567972681192
 10
-43.83976160754755
 20
-10.808915746837535
 10
-44.02506605923487
 20
-10.808915746837535
 10
-44.21037051092218
 20
-10.808915746837535
 10
-44.30302273676584
 20
-10.716263520993877
 10
-44.3956749626095
 20
-10.623611295150218
 10
-44.58097941429681
 20
-10.623611295150218
 10
-44.76628386598413
 20
-10.623611295150218
 10
-44.95158831767145
 20
-10.623611295150218
 10
-45.04424054351511
 20
-10.53095906930656
 10
-45.13689276935877
 20
-10.438306843462902
 10
-45.32219722104608
 20
-10.438306843462902
 10
-45.5075016727334
 20
-10.438306843462902
 10
-45.69280612442071
 20
-10.438306843462902
 10
-45.87811057610803
 20
-10.438306843462902
 10
-45.970762801951686
 20
-10.345654617619243
 10
-46.06341502779535
 20
-10.253002391775585
 10
-46.248719479482666
 20
-10.253002391775585
 10
-46.43402393116998
 20
-10.253002391775585
 10
-46.6193283828573
 20
-10.253002391775585
 10
-46.61969172491943
 20
-10.345654617619243
 10
-46.61969172491943
 20
-10.53095906930656
 10
-46.61969172491943
 20
-10.716263520993877
 10
-46.61969172491943
 20
-10.901567972681192
 10
-46.61969172491943
 20
-11.08687242436851
 10
-46.6193283828573
 20
-11.087235766430641
 10
-46.43438727323211
 20
-11.272176876055827
 10
-46.43438727323211
 20
-11.457481327743142
 10
-46.43438727323211
 20
-11.64278577943046
 10
-46.43438727323211
 20
-11.828090231117777
 10
-46.43438727323211
 20
-12.013394682805092
 10
-46.43402393116998
 20
-12.013758024867224
 10
-46.249082821544796
 20
-12.19869913449241
 10
-46.249082821544796
 20
-12.384003586179727
 10
-46.249082821544796
 20
-12.569308037867042
 10
-46.249082821544796
 20
-12.75461248955436
 10
-46.248719479482666
 20
-12.754975831616491
 10
-46.06377836985748
 20
-12.939916941241677
 10
-46.06377836985748
 20
-13.125221392928992
 10
-46.06377836985748
 20
-13.31052584461631
 10
-46.06377836985748
 20
-13.495830296303627
 10
-46.06341502779535
 20
-13.496193638365758
 10
-45.878473918170165
 20
-13.681134747990942
 10
-45.878473918170165
 20
-13.86643919967826
 10
-45.878473918170165
 20
-14.051743651365577
 10
-45.878473918170165
 20
-14.237048103052892
 10
-45.87811057610803
 20
-14.237411445115024
 10
-45.69316946648284
 20
-14.42235255474021
 10
-45.69316946648284
 20
-14.607657006427527
 10
-45.69316946648284
 20
-14.792961458114842
 10
-45.69280612442071
 20
-14.793324800176974
 10
-45.50786501479553
 20
-14.97826590980216
 10
-45.50786501479553
 20
-15.163570361489475
 10
-45.50786501479553
 20
-15.348874813176792
 10
-45.50786501479553
 20
-15.53417926486411
 10
-45.5075016727334
 20
-15.534542606926241
 10
-45.32256056310821
 20
-15.719483716551425
 10
-45.32256056310821
 20
-15.904788168238742
 10
-45.32256056310821
 20
-16.090092619926057
 10
-45.32219722104608
 20
-16.09045596198819
 10
-45.137256111420896
 20
-16.275397071613376
 10
-45.137256111420896
 20
-16.460701523300692
 10
-45.137256111420896
 20
-16.646005974988007
 10
-45.13689276935877
 20
-16.64636931705014
 10
-44.95195165973358
 20
-16.831310426675326
 10
-44.95195165973358
 20
-17.016614878362642
 10
-44.95195165973358
 20
-17.201919330049957
 10
-44.95158831767145
 20
-17.20228267211209
 10
-44.766647208046265
 20
-17.387223781737276
 10
-44.766647208046265
 20
-17.572528233424592
 10
-44.76628386598413
 20
-17.572891575486725
 10
-44.58134275635895
 20
-17.757832685111907
 10
-44.58134275635895
 20
-17.943137136799226
 10
-44.58134275635895
 20
-18.12844158848654
 10
-44.58097941429681
 20
-18.128804930548675
 10
-44.39603830467163
 20
-18.313746040173857
 10
-44.39603830467163
 20
-18.499050491861176
 10
-44.39603830467163
 20
-18.68435494354849
 10
-44.3956749626095
 20
-18.68471828561062
 10
-44.21073385298431
 20
-18.869659395235807
 10
-44.21073385298431
 20
-19.054963846923126
 10
-44.21037051092218
 20
-19.055327188985256
 10
-44.025429401296996
 20
-19.24026829861044
 10
-44.025429401296996
 20
-19.425572750297757
 10
-44.025429401296996
 20
-19.610877201985076
 10
-44.02506605923487
 20
-19.611240544047206
 10
-43.84012494960968
 20
-19.79618165367239
 10
-43.84012494960968
 20
-19.981486105359707
 10
-43.83976160754755
 20
-19.98184944742184
 10
-43.654820497922366
 20
-20.166790557047026
 10
-43.654820497922366
 20
-20.35209500873434
 10
-43.65445715586023
 20
-20.35245835079647
 10
-43.46951604623505
 20
-20.537399460421657
 10
-43.46951604623505
 20
-20.722703912108976
 10
-43.46951604623505
 20
-20.90800836379629
 10
-43.46915270417291
 20
-20.90837170585842
 10
-43.28421159454773
 20
-21.093312815483607
 10
-43.28421159454773
 20
-21.278617267170926
 10
-43.2838482524856
 20
-21.278980609233056
 10
-43.09890714286041
 20
-21.46392171885824
 10
-43.09890714286041
 20
-21.649226170545557
 10
-43.09854380079828
 20
-21.64958951260769
 10
-42.9136026911731
 20
-21.834530622232876
 10
-42.9136026911731
 20
-22.01983507392019
 10
-42.91323934911097
 20
-22.02019841598232
 10
-42.72829823948578
 20
-22.205139525607507
 10
-42.72829823948578
 20
-22.390443977294826
 10
-42.72793489742365
 20
-22.390807319356956
 10
-42.542993787798466
 20
-22.57574842898214
 10
-42.542993787798466
 20
-22.761052880669457
 10
-42.54263044573633
 20
-22.76141622273159
 10
-42.35768933611115
 20
-22.946357332356776
 10
-42.35768933611115
 20
-23.13166178404409
 10
-42.35732599404901
 20
-23.13202512610622
 10
-42.17238488442383
 20
-23.316966235731407
 10
-42.17238488442383
 20
-23.502270687418726
 10
-42.1720215423617
 20
-23.502634029480856
 10
-41.98708043273651
 20
-23.68757513910604
 10
-41.98708043273651
 20
-23.872879590793357
 10
-41.98671709067438
 20
-23.87324293285549
 10
-41.8017759810492
 20
-24.058184042480672
 10
-41.8017759810492
 20
-24.24348849416799
 10
-41.80141263898707
 20
-24.24385183623012
 10
-41.61647152936188
 20
-24.428792945855307
 10
-41.61610818729975
 20
-24.42915628791744
 10
-41.431167077674566
 20
-24.614097397542622
 10
-41.431167077674566
 20
-24.79940184922994
 10
-41.43080373561243
 20
-24.79976519129207
 10
-41.24586262598725
 20
-24.984706300917257
 10
-41.24586262598725
 20
-25.170010752604572
 10
-41.24549928392511
 20
-25.170374094666705
 10
-41.06055817429993
 20
-25.35531520429189
 10
-41.06055817429993
 20
-25.540619655979206
 10
-41.0601948322378
 20
-25.54098299804134
 10
-40.87525372261261
 20
-25.725924107666522
 10
-40.87489038055048
 20
-25.726287449728655
 10
-40.6899492709253
 20
-25.91122855935384
 10
-40.6899492709253
 20
-26.096533011041156
 10
-40.68958592886317
 20
-26.09689635310329
 10
-40.50464481923798
 20
-26.281837462728472
 10
-40.50428147717585
 20
-26.282200804790605
 10
-40.319340367550666
 20
-26.46714191441579
 10
-40.319340367550666
 20
-26.652446366103106
 10
-40.31897702548853
 20
-26.65280970816524
 10
-40.13403591586335
 20
-26.837750817790422
 10
-40.13403591586335
 20
-27.02305526947774
 10
-40.13367257380121
 20
-27.02341861153987
 10
-39.94873146417603
 20
-27.208359721165056
 10
-39.9483681221139
 20
-27.20872306322719
 10
-39.76342701248871
 20
-27.39366417285237
 10
-39.76342701248871
 20
-27.57896862453969
 10
-39.76306367042658
 20
-27.57933196660182
 10
-39.5781225608014
 20
-27.764273076227006
 10
-39.57775921873927
 20
-27.76463641828914
 10
-39.39281810911408
 20
-27.94957752791432
 10
-39.39281810911408
 20
-28.13488197960164
 10
-39.39245476705195
 20
-28.13524532166377
 10
-39.207513657426766
 20
-28.320186431288956
 10
-39.20715031536463
 20
-28.32054977335109
 10
-39.02220920573945
 20
-28.50549088297627
 10
-39.021845863677314
 20
-28.505854225038405
 10
-38.83690475405213
 20
-28.69079533466359
 10
-38.83690475405213
 20
-28.876099786350906
 10
-38.83654141199
 20
-28.87646312841304
 10
-38.65160030236481
 20
-29.06140423803822
 10
-38.65123696030268
 20
-29.061767580100355
 10
-38.4662958506775
 20
-29.24670868972554
 10
-38.46593250861537
 20
-29.24707203178767
 10
-38.28099139899018
 20
-29.432013141412856
 10
-38.28099139899018
 20
-29.61731759310017
 10
-38.28062805692805
 20
-29.617680935162305
 10
-38.095686947302866
 20
-29.80262204478749
 10
-38.095323605240736
 20
-29.80298538684962
 10
-37.91038249561555
 20
-29.987926496474806
 10
-37.910019153553414
 20
-29.98828983853694
 10
-37.72507804392823
 20
-30.17323094816212
 10
-37.72507804392823
 20
-30.35853539984944
 10
-37.7247147018661
 20
-30.35889874191157
 10
-37.53977359224091
 20
-30.543839851536756
 10
-37.53941025017878
 20
-30.544203193598886
 10
-37.3544691405536
 20
-30.72914430322407
 10
-37.35410579849147
 20
-30.729507645286205
 10
-37.16916468886628
 20
-30.91444875491139
 10
-37.16880134680415
 20
-30.91481209697352
 10
-36.983860237178966
 20
-31.099753206598706
 10
-36.983860237178966
 20
-31.28505765828602
 10
-36.983496895116836
 20
-31.285421000348155
 10
-36.79855578549165
 20
-31.47036210997334
 10
-36.798192443429514
 20
-31.47072545203547
 10
-36.61325133380433
 20
-31.655666561660656
 10
-36.6128879917422
 20
-31.656029903722786
 10
-36.42794688211701
 20
-31.84097101334797
 10
-36.42758354005488
 20
-31.841334355410105
 10
-36.2426424304297
 20
-32.02627546503529
 10
-36.24227908836757
 20
-32.02663880709742
 10
-36.05733797874238
 20
-32.211579916722606
 10
-36.05733797874238
 20
-32.39688436840992
 10
-36.05697463668025
 20
-32.39724771047205
 10
-35.872033527055066
 20
-32.58218882009724
 10
-35.87167018499294
 20
-32.582552162159374
 10
-35.68672907536775
 20
-32.76749327178455
 10
-35.686365733305614
 20
-32.76785661384669
 10
-35.50142462368043
 20
-32.952797723471875
 10
-35.5010612816183
 20
-32.953161065534005
 10
-35.31612017199311
 20
-33.13810217515919
 10
-35.31575682993098
 20
-33.13846551722132
 10
-35.1308157203058
 20
-33.323406626846506
 10
-35.13045237824367
 20
-33.323769968908636
 10
-34.94551126861848
 20
-33.50871107853382
 10
-34.94514792655635
 20
-33.50907442059595
 10
-34.760206816931166
 20
-33.69401553022114
 10
-34.75984347486904
 20
-33.69437887228327
 10
-34.57490236524385
 20
-33.87931998190845
 10
-34.574539023181714
 20
-33.87968332397059
 10
-34.38959791355653
 20
-34.064624433595775
 10
-34.3892345714944
 20
-34.064987775657904
 10
-34.20429346186921
 20
-34.24992888528309
 10
-34.20429346186921
 20
-34.435233336970406
 10
-34.3892345714944
 20
-34.62017444659559
 10
-34.574539023181714
 20
-34.62017444659559
 10
-34.57490236524385
 20
-34.62053778865772
 10
-34.75984347486904
 20
-34.80547889828291
 10
-34.760206816931166
 20
-34.80584224034504
 10
-34.94514792655635
 20
-34.99078334997022
 10
-34.94551126861848
 20
-34.99114669203235
 10
-35.13045237824367
 20
-35.17608780165754
 10
-35.1308157203058
 20
-35.176451143719675
 10
-35.31575682993098
 20
-35.36139225334485
 10
-35.50069793955617
 20
-35.176451143719675
 10
-35.5010612816183
 20
-35.17608780165754
 10
-35.686002391243484
 20
-34.99114669203235
 10
-35.686365733305614
 20
-34.99078334997022
 10
-35.8713068429308
 20
-34.80584224034504
 10
-35.87167018499294
 20
-34.80547889828291
 10
-36.056611294618115
 20
-34.62053778865772
 10
-36.05697463668025
 20
-34.62017444659559
 10
-36.24191574630544
 20
-34.435233336970406
 10
-36.24227908836757
 20
-34.434869994908276
 10
-36.42722019799275
 20
-34.24992888528309
 10
-36.42722019799275
 20
-34.064624433595775
 10
-36.42758354005488
 20
-34.06426109153364
 10
-36.61252464968007
 20
-33.87931998190845
 10
-36.6128879917422
 20
-33.87895663984632
 10
-36.797829101367384
 20
-33.69401553022114
 10
-36.798192443429514
 20
-33.69365218815901
 10
-36.9831335530547
 20
-33.50871107853382
 10
-36.983496895116836
 20
-33.50834773647169
 10
-37.168438004742015
 20
-33.323406626846506
 10
-37.16880134680415
 20
-33.323043284784376
 10
-37.35374245642934
 20
-33.13810217515919
 10
-37.35410579849147
 20
-33.13773883309706
 10
-37.53904690811665
 20
-32.952797723471875
 10
-37.53941025017878
 20
-32.95243438140974
 10
-37.72435135980397
 20
-32.76749327178455
 10
-37.72435135980397
 20
-32.58218882009724
 10
-37.7247147018661
 20
-32.58182547803511
 10
-37.909655811491284
 20
-32.39688436840992
 10
-37.910019153553414
 20
-32.39652102634779
 10
-38.0949602631786
 20
-32.211579916722606
 10
-38.095323605240736
 20
-32.211216574660476
 10
-38.280264714865915
 20
-32.02627546503529
 10
-38.28062805692805
 20
-32.02591212297316
 10
-38.46556916655324
 20
-31.84097101334797
 10
-38.46593250861537
 20
-31.84060767128584
 10
-38.65087361824055
 20
-31.655666561660656
 10
-38.65087361824055
 20
-31.47036210997334
 10
-38.65123696030268
 20
-31.469998767911207
 10
-38.83617806992787
 20
-31.28505765828602
 10
-38.83654141199
 20
-31.28469431622389
 10
-39.021482521615184
 20
-31.099753206598706
 10
-39.021845863677314
 20
-31.099389864536573
 10
-39.2067869733025
 20
-30.91444875491139
 10
-39.2067869733025
 20
-30.72914430322407
 10
-39.20715031536463
 20
-30.72878096116194
 10
-39.392091424989815
 20
-30.543839851536756
 10
-39.39245476705195
 20
-30.543476509474623
 10
-39.57739587667714
 20
-30.35853539984944
 10
-39.57775921873927
 20
-30.358172057787307
 10
-39.76270032836445
 20
-30.17323094816212
 10
-39.76270032836445
 20
-29.987926496474806
 10
-39.76306367042658
 20
-29.987563154412673
 10
-39.94800478005177
 20
-29.80262204478749
 10
-39.9483681221139
 20
-29.802258702725357
 10
-40.133309231739084
 20
-29.61731759310017
 10
-40.13367257380121
 20
-29.61695425103804
 10
-40.3186136834264
 20
-29.432013141412856
 10
-40.3186136834264
 20
-29.24670868972554
 10
-40.31897702548853
 20
-29.246345347663407
 10
-40.503918135113715
 20
-29.06140423803822
 10
-40.50428147717585
 20
-29.06104089597609
 10
-40.68922258680104
 20
-28.876099786350906
 10
-40.68922258680104
 20
-28.69079533466359
 10
-40.68958592886317
 20
-28.690431992601457
 10
-40.87452703848835
 20
-28.50549088297627
 10
-40.87489038055048
 20
-28.505127540914142
 10
-41.05983149017567
 20
-28.320186431288956
 10
-41.05983149017567
 20
-28.13488197960164
 10
-41.0601948322378
 20
-28.134518637539507
 10
-41.24513594186298
 20
-27.94957752791432
 10
-41.24549928392511
 20
-27.949214185852192
 10
-41.4304403935503
 20
-27.764273076227006
 10
-41.4304403935503
 20
-27.57896862453969
 10
-41.43080373561243
 20
-27.578605282477557
 10
-41.615744845237614
 20
-27.39366417285237
 10
-41.61610818729975
 20
-27.393300830790242
 10
-41.80104929692494
 20
-27.208359721165056
 10
-41.80104929692494
 20
-27.02305526947774
 10
-41.80141263898707
 20
-27.022691927415607
 10
-41.98635374861225
 20
-26.837750817790422
 10
-41.98635374861225
 20
-26.652446366103106
 10
-41.98671709067438
 20
-26.652083024040977
 10
-42.17165820029957
 20
-26.46714191441579
 10
-42.1720215423617
 20
-26.466778572353657
 10
-42.35696265198688
 20
-26.281837462728472
 10
-42.35696265198688
 20
-26.096533011041156
 10
-42.35732599404901
 20
-26.096169668979027
 10
-42.5422671036742
 20
-25.91122855935384
 10
-42.5422671036742
 20
-25.725924107666522
 10
-42.54263044573633
 20
-25.725560765604392
 10
-42.727571555361514
 20
-25.540619655979206
 10
-42.72793489742365
 20
-25.540256313917077
 10
-42.91287600704884
 20
-25.35531520429189
 10
-42.91287600704884
 20
-25.170010752604572
 10
-42.91323934911097
 20
-25.169647410542442
 10
-43.09818045873615
 20
-24.984706300917257
 10
-43.09818045873615
 20
-24.79940184922994
 10
-43.09854380079828
 20
-24.799038507167808
 10
-43.28348491042347
 20
-24.614097397542622
 10
-43.28348491042347
 20
-24.428792945855307
 10
-43.2838482524856
 20
-24.428429603793177
 10
-43.46878936211078
 20
-24.24348849416799
 10
-43.46878936211078
 20
-24.058184042480672
 10
-43.46915270417291
 20
-24.057820700418542
 10
-43.6540938137981
 20
-23.872879590793357
 10
-43.6540938137981
 20
-23.68757513910604
 10
-43.65445715586023
 20
-23.687211797043908
 10
-43.839398265485414
 20
-23.502270687418726
 10
-43.839398265485414
 20
-23.316966235731407
 10
-43.83976160754755
 20
-23.316602893669277
 10
-44.02470271717273
 20
-23.13166178404409
 10
-44.02470271717273
 20
-22.946357332356776
 10
-44.02506605923487
 20
-22.945993990294642
 10
-44.21000716886005
 20
-22.761052880669457
 10
-44.21000716886005
 20
-22.57574842898214
 10
-44.21037051092218
 20
-22.575385086920008
 10
-44.39531162054737
 20
-22.390443977294826
 10
-44.39531162054737
 20
-22.205139525607507
 10
-44.3956749626095
 20
-22.204776183545377
 10
-44.58061607223468
 20
-22.01983507392019
 10
-44.58061607223468
 20
-21.834530622232876
 10
-44.58097941429681
 20
-21.834167280170742
 10
-44.765920523922
 20
-21.649226170545557
 10
-44.765920523922
 20
-21.46392171885824
 10
-44.76628386598413
 20
-21.463558376796108
 10
-44.951224975609314
 20
-21.278617267170926
 10
-44.951224975609314
 20
-21.093312815483607
 10
-44.951224975609314
 20
-20.90800836379629
 10
-44.95158831767145
 20
-20.907645021734158
 10
-45.13652942729663
 20
-20.722703912108976
 10
-45.13652942729663
 20
-20.537399460421657
 10
-45.13689276935877
 20
-20.537036118359527
 10
-45.32183387898395
 20
-20.35209500873434
 10
-45.32183387898395
 20
-20.166790557047026
 10
-45.32219722104608
 20
-20.166427214984893
 10
-45.50713833067127
 20
-19.981486105359707
 10
-45.50713833067127
 20
-19.79618165367239
 10
-45.50713833067127
 20
-19.610877201985076
 10
-45.5075016727334
 20
-19.610513859922943
 10
-45.69244278235858
 20
-19.425572750297757
 10
-45.69244278235858
 20
-19.24026829861044
 10
-45.69280612442071
 20
-19.23990495654831
 10
-45.8777472340459
 20
-19.054963846923126
 10
-45.8777472340459
 20
-18.869659395235807
 10
-45.8777472340459
 20
-18.68435494354849
 10
-45.87811057610803
 20
-18.68399160148636
 10
-46.063051685733214
 20
-18.499050491861176
 10
-46.063051685733214
 20
-18.313746040173857
 10
-46.063051685733214
 20
-18.12844158848654
 10
-46.06341502779535
 20
-18.12807824642441
 10
-46.24835613742053
 20
-17.943137136799226
 10
-46.24835613742053
 20
-17.757832685111907
 10
-46.24835613742053
 20
-17.572528233424592
 10
-46.248719479482666
 20
-17.57216489136246
 10
-46.43366058910785
 20
-17.387223781737276
 10
-46.43366058910785
 20
-17.201919330049957
 10
-46.43366058910785
 20
-17.016614878362642
 10
-46.43402393116998
 20
-17.016251536300512
 10
-46.61896504079517
 20
-16.831310426675326
 10
-46.61896504079517
 20
-16.646005974988007
 10
-46.61896504079517
 20
-16.460701523300692
 10
-46.6193283828573
 20
-16.460338181238562
 10
-46.80426949248248
 20
-16.275397071613376
 10
-46.80426949248248
 20
-16.090092619926057
 10
-46.80426949248248
 20
-15.904788168238742
 10
-46.80463283454461
 20
-15.90442482617661
 10
-46.9895739441698
 20
-15.719483716551425
 10
-46.9895739441698
 20
-15.53417926486411
 10
-46.9895739441698
 20
-15.348874813176792
 10
-46.98993728623193
 20
-15.34851147111466
 10
-47.174878395857114
 20
-15.163570361489475
 10
-47.174878395857114
 20
-14.97826590980216
 10
-47.174878395857114
 20
-14.792961458114842
 10
-47.174878395857114
 20
-14.607657006427527
 10
-47.17524173791925
 20
-14.607293664365393
 10
-47.36018284754443
 20
-14.42235255474021
 10
-47.36018284754443
 20
-14.237048103052892
 10
-47.36018284754443
 20
-14.051743651365577
 10
-47.36018284754443
 20
-13.86643919967826
 10
-47.360546189606566
 20
-13.866075857616128
 10
-47.54548729923175
 20
-13.681134747990942
 10
-47.54548729923175
 20
-13.495830296303627
 10
-47.54548729923175
 20
-13.31052584461631
 10
-47.54548729923175
 20
-13.125221392928992
 10
-47.54585064129388
 20
-13.12485805086686
 10
-47.73079175091907
 20
-12.939916941241677
 10
-47.73079175091907
 20
-12.75461248955436
 10
-47.73079175091907
 20
-12.569308037867042
 10
-47.73079175091907
 20
-12.384003586179727
 10
-47.7311550929812
 20
-12.383640244117595
 10
-47.91609620260638
 20
-12.19869913449241
 10
-47.91609620260638
 20
-12.013394682805092
 10
-47.91609620260638
 20
-11.828090231117777
 10
-47.91609620260638
 20
-11.64278577943046
 10
-47.91609620260638
 20
-11.457481327743142
 10
-47.91645954466851
 20
-11.45711798568101
 10
-48.1014006542937
 20
-11.272176876055827
 10
-48.1014006542937
 20
-11.08687242436851
 10
-48.1014006542937
 20
-10.901567972681192
 10
-48.1014006542937
 20
-10.716263520993877
 10
-48.1014006542937
 20
-10.53095906930656
 10
-47.91645954466851
 20
-10.346017959681374
 10
-47.91609620260638
 20
-10.345654617619243
 10
-47.7311550929812
 20
-10.160713507994059
 10
-47.54585064129388
 20
-10.160713507994059
 10
-47.360546189606566
 20
-10.160713507994059
 10
-47.17524173791925
 20
-10.160713507994059
 10
-46.98993728623193
 20
-10.160713507994059
 10
-46.89728506038827
 20
-10.160350165931927
 10
-46.89728506038827
 20
-9.97504571424461
 10
-46.89728506038827
 20
-9.789741262557293
 10
-46.89728506038827
 20
-9.604436810869977
 10
-46.89728506038827
 20
-9.41913235918266
 10
-46.89728506038827
 20
-9.233827907495343
 10
-46.98993728623193
 20
-9.141175681651685
 10
-47.082589512075586
 20
-9.048523455808027
 10
-47.082589512075586
 20
-8.86321900412071
 10
-47.082589512075586
 20
-8.677914552433394
 10
-47.082589512075586
 20
-8.492610100746077
 10
-47.082589512075586
 20
-8.30730564905876
 10
-47.082589512075586
 20
-8.122001197371445
 10
-47.082589512075586
 20
-7.936696745684127
 10
-47.17524173791925
 20
-7.844044519840469
 10
-47.26789396376291
 20
-7.75139229399681
 10
-47.26789396376291
 20
-7.566087842309494
 10
-47.26789396376291
 20
-7.380783390622177
 10
-47.26789396376291
 20
-7.195478938934861
 10
-47.26789396376291
 20
-7.010174487247544
 10
-47.26789396376291
 20
-6.824870035560227
 10
-47.26789396376291
 20
-6.639565583872911
 10
-47.26789396376291
 20
-6.454261132185594
 10
-47.26789396376291
 20
-6.2689566804982775
 10
-47.360546189606566
 20
-6.176304454654619
 10
-47.453198415450224
 20
-6.083652228810961
 10
-47.453198415450224
 20
-5.898347777123644
 10
-47.453198415450224
 20
-5.7130433254363275
 10
-47.453198415450224
 20
-5.527738873749011
 10
-47.453198415450224
 20
-5.342434422061694
 10
-47.453198415450224
 20
-5.157129970374378
 10
-47.453198415450224
 20
-4.971825518687061
 10
-47.453198415450224
 20
-4.786521066999744
 10
-47.453198415450224
 20
-4.601216615312428
 10
-47.453198415450224
 20
-4.415912163625111
 10
-47.453198415450224
 20
-4.230607711937795
 10
-47.453198415450224
 20
-4.045303260250478
 10
-47.453198415450224
 20
-3.8599988085631614
 10
-47.453198415450224
 20
-3.6746943568758446
 10
-47.453198415450224
 20
-3.489389905188528
 10
-47.453198415450224
 20
-3.3040854535012114
 10
-47.453198415450224
 20
-3.1187810018138946
 10
-47.453198415450224
 20
-2.9334765501265783
 10
-47.453198415450224
 20
-2.7481720984392615
 10
-47.453198415450224
 20
-2.5628676467519447
 10
-47.453198415450224
 20
-2.3775631950646283
 10
-47.453198415450224
 20
-2.1922587433773115
 10
-47.54585064129388
 20
-2.0996065175336533
 10
-47.63850286713754
 20
-2.006954291689995
 10
-47.54585064129388
 20
-1.9143020658463368
 10
-47.453198415450224
 20
-1.8216498400026784
 10
-47.453198415450224
 20
-1.6363453883153618
 10
-47.453198415450224
 20
-1.451040936628045
 10
-47.453198415450224
 20
-1.2657364849407284
 10
-47.453198415450224
 20
-1.0804320332534119
 10
-47.453198415450224
 20
-0.8951275815660952
 10
-47.453198415450224
 20
-0.7098231298787786
 10
-47.453198415450224
 20
-0.5245186781914619
 10
-47.453198415450224
 20
-0.33921422650414534
 10
-47.453198415450224
 20
-0.1539097748168287
 10
-47.453198415450224
 20
0.03139467687048793
 10
-47.453198415450224
 20
0.21669912855780457
 10
-47.453198415450224
 20
0.4020035802451212
 10
-47.453198415450224
 20
0.5873080319324379
 10
-47.453198415450224
 20
0.7726124836197544
 10
-47.453198415450224
 20
0.9579169353070711
 10
-47.453198415450224
 20
1.1432213869943877
 10
-47.453198415450224
 20
1.3285258386817043
 10
-47.453198415450224
 20
1.513830290369021
 10
-47.453198415450224
 20
1.6991347420563376
 10
-47.453198415450224
 20
1.8844391937436542
 10
-47.453198415450224
 20
2.069743645430971
 10
-47.360546189606566
 20
2.162395871274629
 10
-47.26789396376291
 20
2.2550480971182876
 10
-47.26789396376291
 20
2.440352548805604
 10
-47.26789396376291
 20
2.6256570004929207
 10
-47.26789396376291
 20
2.8109614521802375
 10
-47.26789396376291
 20
2.996265903867554
 10
-47.26789396376291
 20
3.1815703555548707
 10
-47.26789396376291
 20
3.3668748072421875
 10
-47.26789396376291
 20
3.552179258929504
 10
-47.26789396376291
 20
3.7374837106168206
 10
-47.17524173791925
 20
3.830135936460479
 10
-47.082589512075586
 20
3.922788162304137
 10
-47.082589512075586
 20
4.108092613991454
 10
-47.082589512075586
 20
4.2933970656787706
 10
-47.082589512075586
 20
4.478701517366087
 10
-47.082589512075586
 20
4.664005969053403
 10
-47.082589512075586
 20
4.8493104207407205
 10
-47.082589512075586
 20
5.034614872428037
 10
-46.98993728623193
 20
5.1272670982716955
 10
-46.89728506038827
 20
5.219919324115353
 10
-46.89728506038827
 20
5.40522377580267
 10
-46.89728506038827
 20
5.590528227489987
 10
-46.89728506038827
 20
5.775832679177303
 10
-46.89728506038827
 20
5.96113713086462
 10
-46.89728506038827
 20
6.146441582551937
 10
-46.80463283454461
 20
6.239093808395595
 10
-46.711980608700955
 20
6.331746034239253
 10
-46.711980608700955
 20
6.51705048592657
 10
-46.711980608700955
 20
6.702354937613887
 10
-46.711980608700955
 20
6.887659389301203
 10
-46.711980608700955
 20
7.07296384098852
 10
-46.6193283828573
 20
7.165616066832178
 10
-46.52667615701364
 20
7.258268292675837
 10
-46.52667615701364
 20
7.443572744363153
 10
-46.52667615701364
 20
7.628877196050469
 10
-46.52667615701364
 20
7.814181647737787
 10
-46.52667615701364
 20
7.999486099425103
 10
-46.43402393116998
 20
8.092138325268762
 10
-46.341371705326324
 20
8.18479055111242
 10
-46.341371705326324
 20
8.370095002799737
 10
-46.341371705326324
 20
8.555399454487054
 10
-46.341371705326324
 20
8.74070390617437
 10
-46.248719479482666
 20
8.833356132018027
 10
-46.15606725363901
 20
8.926008357861686
 10
-46.15606725363901
 20
9.111312809549002
 10
-46.15606725363901
 20
9.29661726123632
 10
-46.15606725363901
 20
9.481921712923636
 10
-46.06341502779535
 20
9.574573938767294
 10
-45.970762801951686
 20
9.667226164610952
 10
-45.970762801951686
 20
9.852530616298269
 10
-45.970762801951686
 20
10.037835067985586
 10
-45.970762801951686
 20
10.223139519672902
 10
-45.87811057610803
 20
10.315791745516561
 10
-45.78545835026437
 20
10.408443971360219
 10
-45.78545835026437
 20
10.593748423047536
 10
-45.78545835026437
 20
10.779052874734852
 10
-45.69280612442071
 20
10.871705100578511
 10
-45.600153898577055
 20
10.964357326422169
 10
-45.600153898577055
 20
11.149661778109486
 10
-45.600153898577055
 20
11.334966229796802
 10
-45.600153898577055
 20
11.520270681484119
 10
-45.5075016727334
 20
11.612922907327777
 10
-45.41484944688974
 20
11.705575133171436
 10
-45.41484944688974
 20
11.890879584858752
 10
-45.41484944688974
 20
12.076184036546069
 10
-45.32219722104608
 20
12.168836262389727
 10
-45.229544995202424
 20
12.261488488233386
 10
-45.229544995202424
 20
12.446792939920702
 10
-45.229544995202424
 20
12.632097391608019
 10
-45.13689276935877
 20
12.724749617451677
 10
-45.04424054351511
 20
12.817401843295336
 10
-45.04424054351511
 20
13.002706294982652
 10
-45.04424054351511
 20
13.188010746669969
 10
-44.95158831767145
 20
13.280662972513626
 10
-44.858936091827786
 20
13.373315198357286
 10
-44.858936091827786
 20
13.558619650044601
 10
-44.76628386598413
 20
13.651271875888261
 10
-44.67363164014047
 20
13.743924101731919
 10
-44.67363164014047
 20
13.929228553419236
 10
-44.67363164014047
 20
14.114533005106551
 10
-44.58097941429681
 20
14.207185230950211
 10
-44.488327188453155
 20
14.299837456793869
 10
-44.488327188453155
 20
14.485141908481186
 10
-44.488327188453155
 20
14.670446360168501
 10
-44.3956749626095
 20
14.763098586012159
 10
-44.30302273676584
 20
14.855750811855819
 10
-44.30302273676584
 20
15.041055263543134
 10
-44.21037051092218
 20
15.133707489386794
 10
-44.117718285078524
 20
15.226359715230451
 10
-44.117718285078524
 20
15.411664166917769
 10
-44.117718285078524
 20
15.596968618605084
 10
-44.02506605923487
 20
15.689620844448743
 10
-43.93241383339121
 20
15.782273070292401
 10
-43.93241383339121
 20
15.967577521979718
 10
-43.83976160754755
 20
16.060229747823378
 10
-43.74710938170389
 20
16.152881973667036
 10
-43.74710938170389
 20
16.33818642535435
 10
-43.65445715586023
 20
16.43083865119801
 10
-43.56180493001657
 20
16.523490877041667
 10
-43.56180493001657
 20
16.708795328728986
 10
-43.56180493001657
 20
16.8940997804163
 10
-43.46915270417291
 20
16.98675200625996
 10
-43.376500478329255
 20
17.079404232103617
 10
-43.376500478329255
 20
17.264708683790936
 10
-43.2838482524856
 20
17.357360909634593
 10
-43.19119602664194
 20
17.45001313547825
 10
-43.19119602664194
 20
17.635317587165567
 10
-43.09854380079828
 20
17.727969813009224
 10
-43.005891574954624
 20
17.820622038852886
 10
-43.005891574954624
 20
18.0059264905402
 10
-42.91323934911097
 20
18.09857871638386
 10
-42.82058712326731
 20
18.191230942227516
 10
-42.82058712326731
 20
18.376535393914835
 10
-42.72793489742365
 20
18.469187619758493
 10
-42.63528267157999
 20
18.56183984560215
 10
-42.63528267157999
 20
18.747144297289466
 10
-42.54263044573633
 20
18.839796523133124
 10
-42.44997821989267
 20
18.932448748976785
 10
-42.44997821989267
 20
19.1177532006641
 10
-42.35732599404901
 20
19.21040542650776
 10
-42.264673768205355
 20
19.303057652351416
 10
-42.264673768205355
 20
19.488362104038735
 10
-42.1720215423617
 20
19.581014329882393
 10
-42.07936931651804
 20
19.67366655572605
 10
-42.07936931651804
 20
19.858971007413366
 10
-41.98671709067438
 20
19.951623233257024
 10
-41.894064864830725
 20
20.044275459100685
 10
-41.894064864830725
 20
20.229579910788
 10
-41.80141263898707
 20
20.32223213663166
 10
-41.70876041314341
 20
20.414884362475316
 10
-41.61610818729975
 20
20.507536588318974
 10
-41.523455961456094
 20
20.600188814162635
 10
-41.523455961456094
 20
20.78549326584995
 10
-41.43080373561243
 20
20.87814549169361
 10
-41.33815150976877
 20
20.970797717537266
 10
-41.33815150976877
 20
21.156102169224585
 10
-41.24549928392511
 20
21.248754395068243
 10
-41.152847058081456
 20
21.3414066209119
 10
-41.152847058081456
 20
21.526711072599216
 10
-41.0601948322378
 20
21.619363298442874
 10
-40.96754260639414
 20
21.712015524286535
 10
-40.87489038055048
 20
21.804667750130193
 10
-40.782238154706825
 20
21.89731997597385
 10
-40.782238154706825
 20
22.082624427661166
 10
-40.68958592886317
 20
22.175276653504824
 10
-40.59693370301951
 20
22.267928879348485
 10
-40.50428147717585
 20
22.360581105192143
 10
-40.411629251332194
 20
22.4532333310358
 10
-40.411629251332194
 20
22.638537782723116
 10
-40.31897702548853
 20
22.731190008566774
 10
-40.22632479964487
 20
22.823842234410435
 10
-40.22632479964487
 20
23.00914668609775
 10
-40.13367257380121
 20
23.101798911941408
 10
-40.041020347957556
 20
23.194451137785066
 10
-39.9483681221139
 20
23.287103363628724
 10
-39.85571589627024
 20
23.379755589472385
 10
-39.85571589627024
 20
23.5650600411597
 10
-39.76306367042658
 20
23.657712267003358
 10
-39.670411444582925
 20
23.750364492847016
 10
-39.57775921873927
 20
23.843016718690674
 10
-39.48510699289561
 20
23.93566894453433
 10
-39.48510699289561
 20
24.12097339622165
 10
-39.39245476705195
 20
24.213625622065308
 10
-39.299802541208294
 20
24.306277847908966
 10
-39.20715031536463
 20
24.398930073752624
 10
-39.11449808952097
 20
24.49158229959628
 10
-39.021845863677314
 20
24.584234525439943
 10
-38.929193637833656
 20
24.6768867512836
 10
-38.929193637833656
 20
24.862191202970916
 10
-38.83654141199
 20
24.954843428814574
 10
-38.74388918614634
 20
25.04749565465823
 10
-38.65123696030268
 20
25.140147880501893
 10
-38.558584734459025
 20
25.23280010634555
 10
-38.46593250861537
 20
25.325452332189208
 10
-38.37328028277171
 20
25.418104558032866
 10
-38.37328028277171
 20
25.60340900972018
 10
-38.28062805692805
 20
25.696061235563842
 10
-38.187975831084394
 20
25.7887134614075
 10
-38.095323605240736
 20
25.881365687251158
 10
-38.00267137939707
 20
25.974017913094816
 10
-37.910019153553414
 20
26.066670138938473
 10
-37.817366927709756
 20
26.15932236478213
 10
-37.817366927709756
 20
26.34462681646945
 10
-37.7247147018661
 20
26.437279042313108
 10
-37.63206247602244
 20
26.529931268156766
 10
-37.53941025017878
 20
26.622583494000423
 10
-37.446758024335125
 20
26.71523571984408
 10
-37.35410579849147
 20
26.807887945687742
 10
-37.26145357264781
 20
26.9005401715314
 10
-37.16880134680415
 20
26.993192397375058
 10
-37.076149120960494
 20
27.085844623218716
 10
-37.076149120960494
 20
27.27114907490603
 10
-36.983496895116836
 20
27.363801300749692
 10
-36.89084466927317
 20
27.45645352659335
 10
-36.798192443429514
 20
27.549105752437008
 10
-36.705540217585856
 20
27.641757978280665
 10
-36.6128879917422
 20
27.734410204124323
 10
-36.52023576589854
 20
27.82706242996798
 10
-36.42758354005488
 20
27.919714655811642
 10
-36.334931314211225
 20
28.0123668816553
 10
-36.24227908836757
 20
28.105019107498958
 10
-36.14962686252391
 20
28.197671333342615
 10
-36.14962686252391
 20
28.38297578502993
 10
-36.05697463668025
 20
28.475628010873592
 10
-35.964322410836594
 20
28.56828023671725
 10
-36.056611294618115
 20
28.753584688404565
 10
-36.05697463668025
 20
28.7539480304667
 10
-36.24191574630544
 20
28.93888914009188
 10
-36.24227908836757
 20
28.939252482154014
 10
-36.42722019799275
 20
29.1241935917792
 10
-36.42758354005488
 20
29.12455693384133
 10
-36.61252464968007
 20
29.309498043466515
 10
-36.6128879917422
 20
29.30986138552865
 10
-36.797829101367384
 20
29.49480249515383
 10
-36.6128879917422
 20
29.679743604779016
 10
-36.61252464968007
 20
29.68010694684115
 10
-36.42758354005488
 20
29.865048056466332
 10
-36.42722019799275
 20
29.865411398528465
 10
-36.42722019799275
 20
30.05071585021578
 10
-36.24227908836757
 20
30.235656959840966
 10
-36.24191574630544
 20
30.2360203019031
 10
-36.05697463668025
 20
30.420961411528282
 10
-36.056611294618115
 20
30.421324753590415
 10
-35.87167018499294
 20
30.6062658632156
 10
-35.8713068429308
 20
30.60662920527773
 10
-35.686365733305614
 20
30.791570314902916
 10
-35.686002391243484
 20
30.79193365696505
 10
-35.5010612816183
 20
30.97687476659023
 10
-35.50069793955617
 20
30.977238108652365
 10
-35.31575682993098
 20
31.16217921827755
 10
-35.31539348786885
 20
31.16254256033968
 10
-35.13045237824367
 20
31.347483669964866
 10
-35.13008903618154
 20
31.347847012027
 10
-34.94514792655635
 20
31.53278812165218
 10
-34.944784584494215
 20
31.533151463714315
 10
-34.75984347486904
 20
31.7180925733395
 10
-34.7594801328069
 20
31.71845591540163
 10
-34.574539023181714
 20
31.903397025026816
 10
-34.574175681119584
 20
31.90376036708895
 10
-34.3892345714944
 20
32.088701476714135
 10
-34.38887122943227
 20
32.089064818776265
 10
-34.20393011980708
 20
32.27400592840145
 10
-34.20356677774495
 20
32.27436927046358
 10
-34.01862566811977
 20
32.459310380088766
 10
-34.01826232605764
 20
32.459673722150896
 10
-33.83332121643245
 20
32.64461483177608
 10
-33.832957874370315
 20
32.64497817383821
 10
-33.64801676474514
 20
32.8299192834634
 10
-33.462712313057814
 20
32.8299192834634
 10
-33.462348970995684
 20
32.830282625525534
 10
-33.2774078613705
 20
33.01522373515072
 10
-33.27704451930837
 20
33.01558707721285
 10
-33.09210340968318
 20
33.200528186838035
 10
-33.09174006762105
 20
33.200891528900165
 10
-32.90679895799587
 20
33.38583263852535
 10
-32.90643561593374
 20
33.38619598058748
 10
-32.72149450630855
 20
33.571137090212666
 10
-32.721131164246415
 20
33.571500432274796
 10
-32.53619005462124
 20
33.75644154189998
 10
-32.5358267125591
 20
33.75680488396211
 10
-32.350885602933914
 20
33.9417459935873
 10
-32.350522260871784
 20
33.942109335649434
 10
-32.1655811512466
 20
34.12705044527462
 10
-31.980276699559283
 20
34.12705044527462
 10
-31.979913357497153
 20
34.12741378733675
 10
-31.794972247871968
 20
34.312354896961935
 10
-31.794608905809834
 20
34.312718239024065
 10
-31.609667796184652
 20
34.49765934864925
 10
-31.60930445412252
 20
34.49802269071138
 10
-31.424363344497333
 20
34.682963800336566
 10
-31.424000002435204
 20
34.683327142398696
 10
-31.239058892810018
 20
34.86826825202388
 10
-31.238695550747885
 20
34.86863159408601
 10
-31.053754441122702
 20
35.0535727037112
 10
-30.868449989435383
 20
35.0535727037112
 10
-30.868086647373254
 20
35.053936045773334
 10
-30.683145537748068
 20
35.23887715539851
 10
-30.682782195685935
 20
35.23924049746065
 10
-30.497841086060753
 20
35.424181607085835
 10
-30.49747774399862
 20
35.424544949147965
 10
-30.312536634373433
 20
35.60948605877315
 10
-30.127232182686118
 20
35.60948605877315
 10
-30.126868840623985
 20
35.60984940083528
 10
-29.941927730998803
 20
35.794790510460466
 10
-29.94156438893667
 20
35.795153852522596
 10
-29.756623279311484
 20
35.98009496214778
 10
-29.756259937249354
 20
35.98045830420991
 10
-29.571318827624168
 20
36.1653994138351
 10
-29.386014375936853
 20
36.1653994138351
 10
-29.38565103387472
 20
36.165762755897234
 10
-29.200709924249534
 20
36.35070386552241
 10
-29.200346582187404
 20
36.35106720758455
 10
-29.015405472562218
 20
36.536008317209735
 10
-29.015042130500085
 20
36.536371659271865
 10
-28.830101020874903
 20
36.72131276889705
 10
-28.644796569187584
 20
36.72131276889705
 10
-28.644433227125454
 20
36.72167611095918
 10
-28.459492117500268
 20
36.906617220584366
 10
-28.459128775438135
 20
36.906980562646496
 10
-28.274187665812953
 20
37.09192167227168
 10
-28.088883214125634
 20
37.09192167227168
 10
-28.088519872063504
 20
37.09228501433381
 10
-27.90357876243832
 20
37.277226123959
 10
-27.903215420376185
 20
37.27758946602113
 10
-27.718274310751003
 20
37.46253057564631
 10
-27.532969859063684
 20
37.46253057564631
 10
-27.532606517001554
 20
37.46289391770845
 10
-27.34766540737637
 20
37.647835027333635
 10
-27.347302065314235
 20
37.648198369395764
 10
-27.162360955689053
 20
37.83313947902095
 10
-26.977056504001734
 20
37.83313947902095
 10
-26.976693161939604
 20
37.83350282108308
 10
-26.79175205231442
 20
38.018443930708266
 10
-26.606447600627103
 20
38.018443930708266
 10
-26.421506491001917
 20
37.83350282108308
 10
-26.421506491001917
 20
37.648198369395764
 10
-26.421143148939784
 20
37.647835027333635
 10
-26.236202039314602
 20
37.46289391770845
 10
-26.236202039314602
 20
37.27758946602113
 10
-26.236202039314602
 20
37.09228501433381
 10
-26.236202039314602
 20
36.906980562646496
 10
-26.23583869725247
 20
36.81432833680284
 10
-26.050534245565153
 20
36.81432833680284
 10
-25.957882019721495
 20
36.906980562646496
 10
-25.865229793877834
 20
36.99963278849015
 10
-25.772577568034176
 20
37.09228501433381
 10
-25.67992534219052
 20
37.18493724017747
 10
-25.494620890503203
 20
37.18493724017747
 10
-25.401968664659545
 20
37.27758946602113
 10
-25.309316438815884
 20
37.37024169186479
 10
-25.216664212972226
 20
37.46289391770845
 10
-25.12401198712857
 20
37.55554614355211
 10
-24.938707535441253
 20
37.55554614355211
 10
-24.846055309597595
 20
37.648198369395764
 10
-24.753403083753934
 20
37.74085059523942
 10
-24.56809863206662
 20
37.74085059523942
 10
-24.47544640622296
 20
37.83350282108308
 10
-24.382794180379303
 20
37.92615504692674
 10
-24.197489728691984
 20
37.92615504692674
 10
-24.104837502848326
 20
38.018807272770395
 10
-24.01218527700467
 20
38.11145949861405
 10
-23.91953305116101
 20
38.20411172445771
 10
-23.826880825317353
 20
38.29676395030137
 10
-23.641576373630034
 20
38.29676395030137
 10
-23.548924147786376
 20
38.38941617614503
 10
-23.45627192194272
 20
38.48206840198869
 10
-23.270967470255403
 20
38.48206840198869
 10
-23.178315244411746
 20
38.57472062783235
 10
-23.085663018568084
 20
38.66737285367601
 10
-22.90035856688077
 20
38.66737285367601
 10
-22.80770634103711
 20
38.760025079519664
 10
-22.715054115193453
 20
38.85267730536332
 10
-22.529749663506134
 20
38.85267730536332
 10
-22.437097437662477
 20
38.94532953120698
 10
-22.34444521181882
 20
39.03798175705064
 10
-22.159140760131503
 20
39.03798175705064
 10
-22.066488534287846
 20
39.130633982894295
 10
-21.973836308444184
 20
39.22328620873795
 10
-21.78853185675687
 20
39.22328620873795
 10
-21.69587963091321
 20
39.31593843458161
 10
-21.603227405069553
 20
39.40859066042527
 10
-21.417922953382234
 20
39.40859066042527
 10
-21.325270727538577
 20
39.50124288626893
 10
-21.23261850169492
 20
39.59389511211259
 10
-21.047314050007603
 20
39.59389511211259
 10
-20.954661824163946
 20
39.68654733795625
 10
-20.862009598320284
 20
39.77919956379991
 10
-20.67670514663297
 20
39.77919956379991
 10
-20.58405292078931
 20
39.871851789643564
 10
-20.491400694945654
 20
39.96450401548722
 10
-20.306096243258338
 20
39.96450401548722
 10
-20.12079179157102
 20
39.96450401548722
 10
-20.02813956572736
 20
40.05715624133088
 10
-19.935487339883704
 20
40.14980846717454
 10
-19.750182888196388
 20
40.14980846717454
 10
-19.657530662352727
 20
40.242460693018195
 10
-19.56487843650907
 20
40.33511291886185
 10
-19.379573984821754
 20
40.33511291886185
 10
-19.286921758978096
 20
40.42776514470551
 10
-19.194269533134438
 20
40.52041737054917
 10
-19.00896508144712
 20
40.52041737054917
 10
-18.823660629759804
 20
40.52041737054917
 10
-18.731008403916146
 20
40.61306959639283
 10
-18.63835617807249
 20
40.70572182223649
 10
-18.45305172638517
 20
40.70572182223649
 10
-18.36039950054151
 20
40.79837404808015
 10
-18.267747274697854
 20
40.891026273923806
 10
-18.08244282301054
 20
40.891026273923806
 10
-17.89713837132322
 20
40.891026273923806
 10
-17.80448614547956
 20
40.983678499767464
 10
-17.711833919635904
 20
41.07633072561112
 10
-17.52652946794859
 20
41.07633072561112
 10
-17.34122501626127
 20
41.07633072561112
 10
-17.24857279041761
 20
41.16898295145478
 10
-17.155920564573954
 20
41.26163517729844
 10
-16.97061611288664
 20
41.26163517729844
 10
-16.877963887042977
 20
41.354287403142095
 10
-16.78531166119932
 20
41.44693962898575
 10
-16.600007209512004
 20
41.44693962898575
 10
-16.41470275782469
 20
41.44693962898575
 10
-16.322050531981027
 20
41.53959185482941
 10
-16.22939830613737
 20
41.63224408067307
 10
-16.044093854450054
 20
41.63224408067307
 10
-15.858789402762737
 20
41.63224408067307
 10
-15.766137176919079
 20
41.724896306516726
 10
-15.673484951075421
 20
41.81754853236039
 10
-15.488180499388104
 20
41.81754853236039
 10
-15.302876047700787
 20
41.81754853236039
 10
-15.210223821857129
 20
41.91020075820405
 10
-15.117571596013471
 20
42.002852984047706
 10
-14.932267144326154
 20
42.002852984047706
 10
-14.746962692638837
 20
42.002852984047706
 10
-14.561658240951521
 20
42.002852984047706
 10
-14.469006015107862
 20
42.095505209891364
 10
-14.376353789264204
 20
42.18815743573502
 10
-14.191049337576887
 20
42.18815743573502
 10
-14.005744885889571
 20
42.18815743573502
 10
-13.913092660045912
 20
42.28080966157868
 10
-13.820440434202254
 20
42.37346188742234
 10
-13.635135982514937
 20
42.37346188742234
 10
-13.449831530827622
 20
42.37346188742234
 10
-13.264527079140304
 20
42.37346188742234
 10
-13.171874853296647
 20
42.466114113265995
 10
-13.079222627452987
 20
42.55876633910965
 10
-12.893918175765672
 20
42.55876633910965
 10
-12.708613724078354
 20
42.55876633910965
 10
-12.523309272391037
 20
42.55876633910965
 10
-12.43065704654738
 20
42.65141856495331
 10
-12.338004820703722
 20
42.74407079079697
 10
-12.152700369016404
 20
42.74407079079697
 10
-11.967395917329087
 20
42.74407079079697
 10
-11.782091465641772
 20
42.74407079079697
 10
-11.689439239798114
 20
42.836723016640626
 10
-11.596787013954454
 20
42.92937524248429
 10
-11.411482562267139
 20
42.92937524248429
 10
-11.226178110579822
 20
42.92937524248429
 10
-11.040873658892504
 20
42.92937524248429
 10
-10.855569207205189
 20
42.92937524248429
 10
-10.76291698136153
 20
43.02202746832795
 10
-10.670264755517872
 20
43.114679694171606
 10
-10.484960303830555
 20
43.114679694171606
 10
-10.299655852143239
 20
43.114679694171606
 10
-10.114351400455922
 20
43.114679694171606
 10
-9.929046948768605
 20
43.114679694171606
 10
-9.836394722924947
 20
43.207331920015264
 10
-9.74374249708129
 20
43.29998414585892
 10
-9.558438045393972
 20
43.29998414585892
 10
-9.373133593706655
 20
43.29998414585892
 10
-9.18782914201934
 20
43.29998414585892
 10
-9.002524690332022
 20
43.29998414585892
 10
-8.817220238644705
 20
43.29998414585892
 10
-8.724568012801047
 20
43.39263637170258
 10
-8.63191578695739
 20
43.48528859754624
 10
-8.446611335270072
 20
43.48528859754624
 10
-8.261306883582755
 20
43.48528859754624
 10
-8.07600243189544
 20
43.48528859754624
 10
-7.890697980208122
 20
43.48528859754624
 10
-7.705393528520806
 20
43.48528859754624
 10
-7.5200890768334885
 20
43.48528859754624
 10
-7.427436850989831
 20
43.577940823389895
 10
-7.334784625146172
 20
43.67059304923355
 10
-7.149480173458856
 20
43.67059304923355
 10
-6.964175721771539
 20
43.67059304923355
 10
-6.778871270084222
 20
43.67059304923355
 10
-6.593566818396906
 20
43.67059304923355
 10
-6.4082623667095895
 20
43.67059304923355
 10
-6.222957915022272
 20
43.67059304923355
 10
-6.037653463334956
 20
43.67059304923355
 10
-5.8523490116476395
 20
43.67059304923355
 10
-5.759696785803981
 20
43.76324527507721
 10
-5.667044559960322
 20
43.85589750092087
 10
-5.481740108273006
 20
43.85589750092087
 10
-5.29643565658569
 20
43.85589750092087
 10
-5.111131204898372
 20
43.85589750092087
 10
-4.925826753211056
 20
43.85589750092087
 10
-4.74052230152374
 20
43.85589750092087
 10
-4.555217849836422
 20
43.85589750092087
 10
-4.369913398149106
 20
43.85589750092087
 10
-4.18460894646179
 20
43.85589750092087
 10
-3.999304494774473
 20
43.85589750092087
 10
-3.814000043087156
 20
43.85589750092087
 10
-3.6286955913998398
 20
43.85589750092087
 10
-3.443391139712523
 20
43.85589750092087
 10
-3.2580866880252066
 20
43.85589750092087
 10
-3.07278223633789
 20
43.85589750092087
 10
-2.887477784650573
 20
43.85589750092087
 10
-2.7021733329632567
 20
43.85589750092087
 10
-2.51686888127594
 20
43.85589750092087
 10
-2.331564429588623
 20
43.85589750092087
 10
-2.1462599779013067
 20
43.85589750092087
 10
-1.96095552621399
 20
43.85589750092087
 10
-1.7756510745266734
 20
43.85589750092087
 10
-1.6829988486830152
 20
43.948549726764526
 10
-1.5903466228393568
 20
44.04120195260819
 10
-1.4976943969956984
 20
43.948549726764526
 10
-1.4050421711520402
 20
43.85589750092087
 10
-1.2197377194647234
 20
43.85589750092087
 10
-1.0344332677774069
 20
43.85589750092087
 10
-0.8491288160900903
 20
43.85589750092087
 10
-0.6638243644027736
 20
43.85589750092087
 10
-0.478519912715457
 20
43.85589750092087
 10
-0.2932154610281404
 20
43.85589750092087
 10
-0.10791100934082375
 20
43.85589750092087
 10
0.07739344234649288
 20
43.85589750092087
 10
0.2626978940338095
 20
43.85589750092087
 10
0.4480023457211261
 20
43.85589750092087
 10
0.6333067974084428
 20
43.85589750092087
 10
0.8186112490957594
 20
43.85589750092087
 10
1.0039157007830761
 20
43.85589750092087
 10
1.1892201524703927
 20
43.85589750092087
 10
1.3745246041577093
 20
43.85589750092087
 10
1.5598290558450258
 20
43.85589750092087
 10
1.7451335075323426
 20
43.85589750092087
 10
1.9304379592196592
 20
43.85589750092087
 10
2.115742410906976
 20
43.85589750092087
 10
2.3010468625942924
 20
43.85589750092087
 10
2.486351314281609
 20
43.85589750092087
 10
2.5790035401252673
 20
43.76324527507721
 10
2.6716557659689255
 20
43.67059304923355
 10
2.8569602176562423
 20
43.67059304923355
 10
3.042264669343559
 20
43.67059304923355
 10
3.2275691210308755
 20
43.67059304923355
 10
3.4128735727181922
 20
43.67059304923355
 10
3.598178024405509
 20
43.67059304923355
 10
3.7834824760928254
 20
43.67059304923355
 10
3.968786927780142
 20
43.67059304923355
 10
4.1540913794674585
 20
43.67059304923355
 10
4.246743605311117
 20
43.577940823389895
 10
4.339395831154776
 20
43.48528859754624
 10
4.524700282842092
 20
43.48528859754624
 10
4.7100047345294085
 20
43.48528859754624
 10
4.895309186216725
 20
43.48528859754624
 10
5.080613637904042
 20
43.48528859754624
 10
5.265918089591358
 20
43.48528859754624
 10
5.451222541278675
 20
43.48528859754624
 10
5.543874767122333
 20
43.39263637170258
 10
5.636526992965992
 20
43.29998414585892
 10
5.821831444653308
 20
43.29998414585892
 10
6.007135896340625
 20
43.29998414585892
 10
6.192440348027942
 20
43.29998414585892
 10
6.377744799715258
 20
43.29998414585892
 10
6.563049251402575
 20
43.29998414585892
 10
6.655701477246233
 20
43.207331920015264
 10
6.748353703089892
 20
43.114679694171606
 10
6.933658154777208
 20
43.114679694171606
 10
7.118962606464525
 20
43.114679694171606
 10
7.304267058151842
 20
43.114679694171606
 10
7.489571509839158
 20
43.114679694171606
 10
7.582223735682816
 20
43.02202746832795
 10
7.6748759615264746
 20
42.92937524248429
 10
7.860180413213791
 20
42.92937524248429
 10
8.045484864901107
 20
42.92937524248429
 10
8.230789316588424
 20
42.92937524248429
 10
8.416093768275742
 20
42.92937524248429
 10
8.5087459941194
 20
42.836723016640626
 10
8.601398219963057
 20
42.74407079079697
 10
8.786702671650374
 20
42.74407079079697
 10
8.972007123337692
 20
42.74407079079697
 10
9.157311575025007
 20
42.74407079079697
 10
9.249963800868667
 20
42.65141856495331
 10
9.342616026712324
 20
42.55876633910965
 10
9.527920478399642
 20
42.55876633910965
 10
9.713224930086957
 20
42.55876633910965
 10
9.898529381774274
 20
42.55876633910965
 10
9.991181607617932
 20
42.466114113265995
 10
10.083833833461592
 20
42.37346188742234
 10
10.269138285148907
 20
42.37346188742234
 10
10.454442736836224
 20
42.37346188742234
 10
10.639747188523542
 20
42.37346188742234
 10
10.7323994143672
 20
42.28080966157868
 10
10.825051640210857
 20
42.18815743573502
 10
11.010356091898174
 20
42.18815743573502
 10
11.195660543585491
 20
42.18815743573502
 10
11.28831276942915
 20
42.095505209891364
 10
11.380964995272807
 20
42.002852984047706
 10
11.566269446960124
 20
42.002852984047706
 10
11.751573898647441
 20
42.002852984047706
 10
11.936878350334757
 20
42.002852984047706
 10
12.029530576178415
 20
41.91020075820405
 10
12.122182802022074
 20
41.81754853236039
 10
12.30748725370939
 20
41.81754853236039
 10
12.492791705396707
 20
41.81754853236039
 10
12.585443931240365
 20
41.724896306516726
 10
12.678096157084024
 20
41.63224408067307
 10
12.86340060877134
 20
41.63224408067307
 10
13.048705060458657
 20
41.63224408067307
 10
13.141357286302314
 20
41.53959185482941
 10
13.234009512145974
 20
41.44693962898575
 10
13.41931396383329
 20
41.44693962898575
 10
13.604618415520607
 20
41.44693962898575
 10
13.697270641364264
 20
41.354287403142095
 10
13.789922867207924
 20
41.26163517729844
 10
13.97522731889524
 20
41.26163517729844
 10
14.067879544738899
 20
41.16898295145478
 10
14.160531770582557
 20
41.07633072561112
 10
14.345836222269874
 20
41.07633072561112
 10
14.53114067395719
 20
41.07633072561112
 10
14.623792899800849
 20
40.983678499767464
 10
14.716445125644507
 20
40.891026273923806
 10
14.901749577331824
 20
40.891026273923806
 10
15.08705402901914
 20
40.891026273923806
 10
15.179706254862799
 20
40.79837404808015
 10
15.272358480706457
 20
40.70572182223649
 10
15.457662932393774
 20
40.70572182223649
 10
15.550315158237431
 20
40.61306959639283
 10
15.64296738408109
 20
40.52041737054917
 10
15.828271835768406
 20
40.52041737054917
 10
16.013576287455724
 20
40.52041737054917
 10
16.10622851329938
 20
40.42776514470551
 10
16.19888073914304
 20
40.33511291886185
 10
16.384185190830355
 20
40.33511291886185
 10
16.476837416674016
 20
40.242460693018195
 10
16.569489642517674
 20
40.14980846717454
 10
16.75479409420499
 20
40.14980846717454
 10
16.847446320048647
 20
40.05715624133088
 10
16.940098545892305
 20
39.96450401548722
 10
17.125402997579624
 20
39.96450401548722
 10
17.31070744926694
 20
39.96450401548722
 10
17.403359675110597
 20
39.871851789643564
 10
17.496011900954255
 20
39.77919956379991
 10
17.681316352641574
 20
39.77919956379991
 10
17.77396857848523
 20
39.68654733795625
 10
17.86662080432889
 20
39.59389511211259
 10
18.051925256016204
 20
39.59389511211259
 10
18.144577481859866
 20
39.50124288626893
 10
18.237229707703523
 20
39.40859066042527
 10
18.42253415939084
 20
39.40859066042527
 10
18.515186385234497
 20
39.31593843458161
 10
18.607838611078154
 20
39.22328620873795
 10
18.793143062765473
 20
39.22328620873795
 10
18.88579528860913
 20
39.130633982894295
 10
18.97844751445279
 20
39.03798175705064
 10
19.163751966140104
 20
39.03798175705064
 10
19.256404191983766
 20
38.94532953120698
 10
19.349056417827423
 20
38.85267730536332
 10
19.53436086951474
 20
38.85267730536332
 10
19.627013095358397
 20
38.760025079519664
 10
19.719665321202054
 20
38.66737285367601
 10
19.904969772889373
 20
38.66737285367601
 10
19.99762199873303
 20
38.57472062783235
 10
20.09027422457669
 20
38.48206840198869
 10
20.275578676264004
 20
38.48206840198869
 10
20.368230902107666
 20
38.38941617614503
 10
20.460883127951323
 20
38.29676395030137
 10
20.64618757963864
 20
38.29676395030137
 10
20.738839805482296
 20
38.20411172445771
 10
20.831492031325954
 20
38.11145949861405
 10
20.924144257169612
 20
38.018807272770395
 10
21.016796483013273
 20
37.92615504692674
 10
21.20210093470059
 20
37.92615504692674
 10
21.294753160544246
 20
37.83350282108308
 10
21.387405386387904
 20
37.74085059523942
 10
21.572709838075223
 20
37.74085059523942
 10
21.66536206391888
 20
37.648198369395764
 10
21.75801428976254
 20
37.55554614355211
 10
21.943318741449854
 20
37.55554614355211
 10
22.035970967293512
 20
37.46289391770845
 10
22.128623193137173
 20
37.37024169186479
 10
22.22127541898083
 20
37.27758946602113
 10
22.31392764482449
 20
37.18493724017747
 10
22.499232096511804
 20
37.18493724017747
 10
22.59188432235546
 20
37.09228501433381
 10
22.684536548199123
 20
36.99963278849015
 10
22.77718877404278
 20
36.906980562646496
 10
22.86984099988644
 20
36.81432833680284
 10
23.055145451573754
 20
36.81432833680284
 10
23.14779767741741
 20
36.72167611095918
 10
23.240449903261073
 20
36.62902388511552
 10
23.42575435494839
 20
36.62902388511552
 10
23.518406580792046
 20
36.536371659271865
 10
23.611058806635704
 20
36.44371943342821
 10
23.70371103247936
 20
36.35106720758455
 10
23.796363258323023
 20
36.25841498174089
 10
23.98166771001034
 20
36.25841498174089
 10
24.074319935853996
 20
36.165762755897234
 10
24.166972161697654
 20
36.07311053005357
 10
24.25962438754131
 20
35.98045830420991
 10
24.352276613384973
 20
35.88780607836625
 10
24.53758106507229
 20
35.88780607836625
 10
24.630233290915946
 20
35.795153852522596
 10
24.722885516759604
 20
35.70250162667894
 10
24.81553774260326
 20
35.60984940083528
 10
24.908189968446923
 20
35.51719717499162
 10
25.00084219429058
 20
35.424544949147965
 10
25.09349442013424
 20
35.33189272330431
 10
25.278798871821554
 20
35.33189272330431
 10
25.37145109766521
 20
35.23924049746065
 10
25.464103323508873
 20
35.14658827161699
 10
25.55675554935253
 20
35.053936045773334
 10
25.649407775196188
 20
34.961283819929676
 10
25.742060001039846
 20
34.86863159408601
 10
25.834712226883504
 20
34.77597936824235
 10
26.020016678570823
 20
34.77597936824235
 10
26.11266890441448
 20
34.683327142398696
 10
26.205321130258138
 20
34.59067491655504
 10
26.297973356101796
 20
34.49802269071138
 10
26.390625581945454
 20
34.40537046486772
 10
26.48327780778911
 20
34.312718239024065
 10
26.575930033632773
 20
34.22006601318041
 10
26.761234485320088
 20
34.22006601318041
 10
26.853886711163746
 20
34.12741378733675
 10
26.946538937007404
 20
34.03476156149309
 10
27.03919116285106
 20
33.942109335649434
 10
27.13184338869472
 20
33.849457109805776
 10
27.22449561453838
 20
33.75680488396211
 10
27.317147840382038
 20
33.664152658118454
 10
27.409800066225696
 20
33.571500432274796
 10
27.502452292069353
 20
33.47884820643114
 10
27.68775674375667
 20
33.47884820643114
 10
27.78040896960033
 20
33.38619598058748
 10
27.873061195443988
 20
33.29354375474382
 10
27.965713421287646
 20
33.200891528900165
 10
28.058365647131303
 20
33.10823930305651
 10
28.15101787297496
 20
33.01558707721285
 10
28.24367009881862
 20
32.92293485136919
 10
28.33632232466228
 20
32.830282625525534
 10
28.428974550505938
 20
32.737630399681876
 10
28.521626776349596
 20
32.64497817383821
 10
28.614279002193253
 20
32.552325947994554
 10
28.79958345388057
 20
32.552325947994554
 10
28.89223567972423
 20
32.459673722150896
 10
28.984887905567888
 20
32.36702149630724
 10
29.077540131411546
 20
32.27436927046358
 10
29.170192357255203
 20
32.18171704461992
 10
29.26284458309886
 20
32.089064818776265
 10
29.35549680894252
 20
31.996412592932607
 10
29.44814903478618
 20
31.90376036708895
 10
29.540801260629838
 20
31.81110814124529
 10
29.633453486473496
 20
31.71845591540163
 10
29.726105712317153
 20
31.625803689557973
 10
29.81875793816081
 20
31.533151463714315
 10
29.91141016400447
 20
31.440499237870657
 10
30.00406238984813
 20
31.347847012027
 10
30.096714615691788
 20
31.25519478618334
 10
30.189366841535445
 20
31.16254256033968
 10
30.282019067379103
 20
31.069890334496023
 10
30.37467129322276
 20
30.977238108652365
 10
30.46732351906642
 20
30.884585882808707
 10
30.55997574491008
 20
30.79193365696505
 10
30.652627970753738
 20
30.69928143112139
 10
30.745280196597395
 20
30.60662920527773
 10
30.837932422441053
 20
30.513976979434073
 10
30.93058464828471
 20
30.421324753590415
 10
31.02323687412837
 20
30.328672527746757
 10
31.11588909997203
 20
30.2360203019031
 10
31.208541325815688
 20
30.14336807605944
 10
31.301193551659345
 20
30.05071585021578
 10
31.393845777503003
 20
29.958063624372123
 10
31.48649800334666
 20
29.865411398528465
 10
31.57915022919032
 20
29.772759172684808
 10
31.67180245503398
 20
29.68010694684115
 10
31.764454680877638
 20
29.58745472099749
 10
31.857106906721295
 20
29.49480249515383
 10
31.949759132564953
 20
29.402150269310173
 10
32.042411358408614
 20
29.309498043466515
 10
32.13506358425227
 20
29.216845817622858
 10
32.22771581009593
 20
29.1241935917792
 10
32.32036803593959
 20
29.031541365935542
 10
32.413020261783245
 20
28.93888914009188
 10
32.5056724876269
 20
28.846236914248223
 10
32.59832471347056
 20
28.753584688404565
 10
32.69097693931422
 20
28.660932462560908
 10
32.783629165157876
 20
28.56828023671725
 10
32.876281391001534
 20
28.475628010873592
 10
32.96893361684519
 20
28.38297578502993
 10
32.96893361684519
 20
28.197671333342615
 10
33.06158584268885
 20
28.105019107498958
 10
33.154238068532514
 20
28.0123668816553
 10
33.24689029437617
 20
27.919714655811642
 10
33.33954252021983
 20
27.82706242996798
 10
33.43219474606349
 20
27.734410204124323
 10
33.524846971907145
 20
27.641757978280665
 10
33.6174991977508
 20
27.549105752437008
 10
33.71015142359446
 20
27.45645352659335
 10
33.80280364943812
 20
27.363801300749692
 10
33.895455875281776
 20
27.27114907490603
 10
33.895455875281776
 20
27.085844623218716
 10
33.988108101125434
 20
26.993192397375058
 10
34.08076032696909
 20
26.9005401715314
 10
34.17341255281275
 20
26.807887945687742
 10
34.266064778656414
 20
26.71523571984408
 10
34.35871700450007
 20
26.622583494000423
 10
34.45136923034373
 20
26.529931268156766
 10
34.54402145618739
 20
26.437279042313108
 10
34.636673682031045
 20
26.34462681646945
 10
34.636673682031045
 20
26.15932236478213
 10
34.7293259078747
 20
26.066670138938473
 10
34.82197813371836
 20
25.974017913094816
 10
34.91463035956202
 20
25.881365687251158
 10
35.007282585405676
 20
25.7887134614075
 10
35.099934811249334
 20
25.696061235563842
 10
35.19258703709299
 20
25.60340900972018
 10
35.19258703709299
 20
25.418104558032866
 10
35.28523926293665
 20
25.325452332189208
 10
35.377891488780314
 20
25.23280010634555
 10
35.47054371462397
 20
25.140147880501893
 10
35.56319594046763
 20
25.04749565465823
 10
35.65584816631129
 20
24.954843428814574
 10
35.748500392154945
 20
24.862191202970916
 10
35.748500392154945
 20
24.6768867512836
 10
35.8411526179986
 20
24.584234525439943
 10
35.93380484384226
 20
24.49158229959628
 10
36.02645706968592
 20
24.398930073752624
 10
36.119109295529576
 20
24.306277847908966
 10
36.211761521373234
 20
24.213625622065308
 10
36.30441374721689
 20
24.12097339622165
 10
36.30441374721689
 20
23.93566894453433
 10
36.39706597306055
 20
23.843016718690674
 10
36.489718198904214
 20
23.750364492847016
 10
36.58237042474787
 20
23.657712267003358
 10
36.67502265059153
 20
23.5650600411597
 10
36.67502265059153
 20
23.379755589472385
 10
36.76767487643519
 20
23.287103363628724
 10
36.860327102278845
 20
23.194451137785066
 10
36.9529793281225
 20
23.101798911941408
 10
37.04563155396616
 20
23.00914668609775
 10
37.04563155396616
 20
22.823842234410435
 10
37.13828377980982
 20
22.731190008566774
 10
37.230936005653476
 20
22.638537782723116
 10
37.230936005653476
 20
22.4532333310358
 10
37.32358823149713
 20
22.360581105192143
 10
37.41624045734079
 20
22.267928879348485
 10
37.50889268318445
 20
22.175276653504824
 10
37.601544909028114
 20
22.082624427661166
 10
37.601544909028114
 20
21.89731997597385
 10
37.69419713487177
 20
21.804667750130193
 10
37.78684936071543
 20
21.712015524286535
 10
37.87950158655909
 20
21.619363298442874
 10
37.972153812402745
 20
21.526711072599216
 10
37.972153812402745
 20
21.3414066209119
 10
38.0648060382464
 20
21.248754395068243
 10
38.15745826409006
 20
21.156102169224585
 10
38.15745826409006
 20
20.970797717537266
 10
38.25011048993372
 20
20.87814549169361
 10
38.342762715777376
 20
20.78549326584995
 10
38.342762715777376
 20
20.600188814162635
 10
38.43541494162103
 20
20.507536588318974
 10
38.52806716746469
 20
20.414884362475316
 10
38.62071939330835
 20
20.32223213663166
 10
38.71337161915201
 20
20.229579910788
 10
38.71337161915201
 20
20.044275459100685
 10
38.80602384499567
 20
19.951623233257024
 10
38.89867607083933
 20
19.858971007413366
 10
38.89867607083933
 20
19.67366655572605
 10
38.99132829668299
 20
19.581014329882393
 10
39.083980522526645
 20
19.488362104038735
 10
39.083980522526645
 20
19.303057652351416
 10
39.1766327483703
 20
19.21040542650776
 10
39.26928497421396
 20
19.1177532006641
 10
39.26928497421396
 20
18.932448748976785
 10
39.36193720005762
 20
18.839796523133124
 10
39.454589425901275
 20
18.747144297289466
 10
39.454589425901275
 20
18.56183984560215
 10
39.54724165174493
 20
18.469187619758493
 10
39.63989387758859
 20
18.376535393914835
 10
39.63989387758859
 20
18.191230942227516
 10
39.73254610343225
 20
18.09857871638386
 10
39.825198329275906
 20
18.0059264905402
 10
39.825198329275906
 20
17.820622038852886
 10
39.91785055511957
 20
17.727969813009224
 10
40.01050278096323
 20
17.635317587165567
 10
40.01050278096323
 20
17.45001313547825
 10
40.10315500680689
 20
17.357360909634593
 10
40.195807232650544
 20
17.264708683790936
 10
40.195807232650544
 20
17.079404232103617
 10
40.2884594584942
 20
16.98675200625996
 10
40.38111168433786
 20
16.8940997804163
 10
40.38111168433786
 20
16.708795328728986
 10
40.38111168433786
 20
16.523490877041667
 10
40.47376391018152
 20
16.43083865119801
 10
40.566416136025175
 20
16.33818642535435
 10
40.566416136025175
 20
16.152881973667036
 10
40.65906836186883
 20
16.060229747823378
 10
40.75172058771249
 20
15.967577521979718
 10
40.75172058771249
 20
15.782273070292401
 10
40.84437281355615
 20
15.689620844448743
 10
40.937025039399806
 20
15.596968618605084
 10
40.937025039399806
 20
15.411664166917769
 10
40.937025039399806
 20
15.226359715230451
 10
41.02967726524347
 20
15.133707489386794
 10
41.12232949108713
 20
15.041055263543134
 10
41.12232949108713
 20
14.855750811855819
 10
41.21498171693079
 20
14.763098586012159
 10
41.307633942774444
 20
14.670446360168501
 10
41.307633942774444
 20
14.485141908481186
 10
41.307633942774444
 20
14.299837456793869
 10
41.4002861686181
 20
14.207185230950211
 10
41.49293839446176
 20
14.114533005106551
 10
41.49293839446176
 20
13.929228553419236
 10
41.49293839446176
 20
13.743924101731919
 10
41.58559062030542
 20
13.651271875888261
 10
41.678242846149075
 20
13.558619650044601
 10
41.678242846149075
 20
13.373315198357286
 10
41.77089507199273
 20
13.280662972513626
 10
41.86354729783639
 20
13.188010746669969
 10
41.86354729783639
 20
13.002706294982652
 10
41.86354729783639
 20
12.817401843295336
 10
41.95619952368005
 20
12.724749617451677
 10
42.048851749523706
 20
12.632097391608019
 10
42.048851749523706
 20
12.446792939920702
 10
42.048851749523706
 20
12.261488488233386
 10
42.14150397536737
 20
12.168836262389727
 10
42.23415620121103
 20
12.076184036546069
 10
42.23415620121103
 20
11.890879584858752
 10
42.23415620121103
 20
11.705575133171436
 10
42.32680842705469
 20
11.612922907327777
 10
42.419460652898344
 20
11.520270681484119
 10
42.419460652898344
 20
11.334966229796802
 10
42.419460652898344
 20
11.149661778109486
 10
42.419460652898344
 20
10.964357326422169
 10
42.512112878742
 20
10.871705100578511
 10
42.60476510458566
 20
10.779052874734852
 10
42.60476510458566
 20
10.593748423047536
 10
42.60476510458566
 20
10.408443971360219
 10
42.69741733042932
 20
10.315791745516561
 10
42.790069556272975
 20
10.223139519672902
 10
42.790069556272975
 20
10.037835067985586
 10
42.790069556272975
 20
9.852530616298269
 10
42.790069556272975
 20
9.667226164610952
 10
42.88272178211663
 20
9.574573938767294
 10
42.97537400796029
 20
9.481921712923636
 10
42.97537400796029
 20
9.29661726123632
 10
42.97537400796029
 20
9.111312809549002
 10
42.97537400796029
 20
8.926008357861686
 10
43.06802623380395
 20
8.833356132018027
 10
43.160678459647606
 20
8.74070390617437
 10
43.160678459647606
 20
8.555399454487054
 10
43.160678459647606
 20
8.370095002799737
 10
43.160678459647606
 20
8.18479055111242
 10
43.25333068549127
 20
8.092138325268762
 10
43.34598291133493
 20
7.999486099425103
 10
43.34598291133493
 20
7.814181647737787
 10
43.34598291133493
 20
7.628877196050469
 10
43.34598291133493
 20
7.443572744363153
 10
43.34598291133493
 20
7.258268292675837
 10
43.438635137178586
 20
7.165616066832178
 10
43.531287363022244
 20
7.07296384098852
 10
43.531287363022244
 20
6.887659389301203
 10
43.531287363022244
 20
6.702354937613887
 10
43.531287363022244
 20
6.51705048592657
 10
43.531287363022244
 20
6.331746034239253
 10
43.6239395888659
 20
6.239093808395595
 10
43.71659181470956
 20
6.146441582551937
 10
43.71659181470956
 20
5.96113713086462
 10
43.71659181470956
 20
5.775832679177303
 10
43.71659181470956
 20
5.590528227489987
 10
43.71659181470956
 20
5.40522377580267
 10
43.71659181470956
 20
5.219919324115353
 10
43.80924404055322
 20
5.1272670982716955
 10
43.901896266396875
 20
5.034614872428037
 10
43.901896266396875
 20
4.8493104207407205
 10
43.901896266396875
 20
4.664005969053403
 10
43.901896266396875
 20
4.478701517366087
 10
43.901896266396875
 20
4.2933970656787706
 10
43.901896266396875
 20
4.108092613991454
 10
43.901896266396875
 20
3.922788162304137
 10
43.99454849224053
 20
3.830135936460479
 10
44.08720071808419
 20
3.7374837106168206
 10
44.08720071808419
 20
3.552179258929504
 10
44.08720071808419
 20
3.3668748072421875
 10
44.08720071808419
 20
3.1815703555548707
 10
44.08720071808419
 20
2.996265903867554
 10
44.08720071808419
 20
2.8109614521802375
 10
44.08720071808419
 20
2.6256570004929207
 10
44.08720071808419
 20
2.440352548805604
 10
44.08720071808419
 20
2.2550480971182876
 10
44.17985294392785
 20
2.162395871274629
 10
44.272505169771506
 20
2.069743645430971
 10
44.272505169771506
 20
1.8844391937436542
 10
44.272505169771506
 20
1.6991347420563376
 10
44.272505169771506
 20
1.513830290369021
 10
44.272505169771506
 20
1.3285258386817043
 10
44.272505169771506
 20
1.1432213869943877
 10
44.272505169771506
 20
0.9579169353070711
 10
44.272505169771506
 20
0.7726124836197544
 10
44.272505169771506
 20
0.5873080319324379
 10
44.272505169771506
 20
0.4020035802451212
 10
44.272505169771506
 20
0.21669912855780457
 10
44.272505169771506
 20
0.03139467687048793
 10
44.272505169771506
 20
-0.1539097748168287
 10
44.272505169771506
 20
-0.33921422650414534
 10
44.272505169771506
 20
-0.5245186781914619
 10
44.272505169771506
 20
-0.7098231298787786
 10
44.272505169771506
 20
-0.8951275815660952
 10
44.272505169771506
 20
-1.0804320332534119
 10
44.272505169771506
 20
-1.2657364849407284
 10
44.272505169771506
 20
-1.451040936628045
 10
44.272505169771506
 20
-1.6363453883153618
 10
44.272505169771506
 20
-1.8216498400026784
 10
44.36515739561517
 20
-1.9143020658463368
 10
44.45780962145883
 20
-2.006954291689995
 10
44.36515739561517
 20
-2.0996065175336533
 10
44.272505169771506
 20
-2.1922587433773115
 10
44.272505169771506
 20
-2.3775631950646283
 10
44.272505169771506
 20
-2.5628676467519447
 10
44.272505169771506
 20
-2.7481720984392615
 10
44.272505169771506
 20
-2.9334765501265783
 10
44.272505169771506
 20
-3.1187810018138946
 10
44.272505169771506
 20
-3.3040854535012114
 10
44.272505169771506
 20
-3.489389905188528
 10
44.272505169771506
 20
-3.6746943568758446
 10
44.272505169771506
 20
-3.8599988085631614
 10
44.272505169771506
 20
-4.045303260250478
 10
44.272505169771506
 20
-4.230607711937795
 10
44.272505169771506
 20
-4.415912163625111
 10
44.272505169771506
 20
-4.601216615312428
 10
44.272505169771506
 20
-4.786521066999744
 10
44.272505169771506
 20
-4.971825518687061
 10
44.272505169771506
 20
-5.157129970374378
 10
44.272505169771506
 20
-5.342434422061694
 10
44.272505169771506
 20
-5.527738873749011
 10
44.272505169771506
 20
-5.7130433254363275
 10
44.272505169771506
 20
-5.898347777123644
 10
44.272505169771506
 20
-6.083652228810961
 10
44.17985294392785
 20
-6.176304454654619
 10
44.08720071808419
 20
-6.2689566804982775
 10
44.08720071808419
 20
-6.454261132185594
 10
44.08720071808419
 20
-6.639565583872911
 10
44.08720071808419
 20
-6.824870035560227
 10
44.08720071808419
 20
-7.010174487247544
 10
44.08720071808419
 20
-7.195478938934861
 10
44.08720071808419
 20
-7.380783390622177
 10
44.08720071808419
 20
-7.566087842309494
 10
44.08720071808419
 20
-7.75139229399681
 10
43.99454849224053
 20
-7.844044519840469
 10
43.901896266396875
 20
-7.936696745684127
 10
43.901896266396875
 20
-8.122001197371445
 10
43.901896266396875
 20
-8.30730564905876
 10
43.901896266396875
 20
-8.492610100746077
 10
43.901896266396875
 20
-8.677914552433394
 10
43.901896266396875
 20
-8.86321900412071
 10
43.901896266396875
 20
-9.048523455808027
 10
43.80924404055322
 20
-9.141175681651685
 10
43.71659181470956
 20
-9.233827907495343
 10
43.71659181470956
 20
-9.41913235918266
 10
43.71659181470956
 20
-9.604436810869977
 10
43.71659181470956
 20
-9.789741262557293
 10
43.71659181470956
 20
-9.97504571424461
 10
43.71659181470956
 20
-10.160350165931927
 10
43.6239395888659
 20
-10.253002391775585
 10
43.531287363022244
 20
-10.345654617619243
 10
43.531287363022244
 20
-10.53095906930656
 10
43.531287363022244
 20
-10.716263520993877
 10
43.531287363022244
 20
-10.901567972681192
 10
43.531287363022244
 20
-11.08687242436851
 10
43.438635137178586
 20
-11.179524650212167
 10
43.34598291133493
 20
-11.272176876055827
 10
43.34598291133493
 20
-11.457481327743142
 10
43.34598291133493
 20
-11.64278577943046
 10
43.34598291133493
 20
-11.828090231117777
 10
43.34598291133493
 20
-12.013394682805092
 10
43.25333068549127
 20
-12.106046908648752
 10
43.160678459647606
 20
-12.19869913449241
 10
43.160678459647606
 20
-12.384003586179727
 10
43.160678459647606
 20
-12.569308037867042
 10
43.160678459647606
 20
-12.75461248955436
 10
43.06802623380395
 20
-12.847264715398017
 10
42.97537400796029
 20
-12.939916941241677
 10
42.88272178211663
 20
-13.032569167085335
 10
42.69741733042932
 20
-13.032569167085335
 10
42.512112878742
 20
-13.032569167085335
 10
42.32680842705469
 20
-13.032569167085335
 10
42.14150397536737
 20
-13.032569167085335
 10
41.95619952368005
 20
-13.032569167085335
 10
41.77089507199273
 20
-13.032569167085335
 10
41.58559062030542
 20
-13.032569167085335
 10
41.4002861686181
 20
-13.032569167085335
 10
41.21498171693079
 20
-13.032569167085335
 10
41.02967726524347
 20
-13.032569167085335
 10
40.84437281355615
 20
-13.032569167085335
 10
40.75172058771249
 20
-13.125221392928992
 10
40.65906836186883
 20
-13.217873618772652
 10
40.47376391018152
 20
-13.217873618772652
 10
40.2884594584942
 20
-13.217873618772652
 10
40.10315500680689
 20
-13.217873618772652
 10
39.91785055511957
 20
-13.217873618772652
 10
39.825198329275906
 20
-13.31052584461631
 10
39.73254610343225
 20
-13.403178070459967
 10
39.54724165174493
 20
-13.403178070459967
 10
39.36193720005762
 20
-13.403178070459967
 10
39.1766327483703
 20
-13.403178070459967
 10
39.083980522526645
 20
-13.495830296303627
 10
38.99132829668299
 20
-13.588482522147284
 10
38.80602384499567
 20
-13.588482522147284
 10
38.62071939330835
 20
-13.588482522147284
 10
38.43541494162103
 20
-13.588482522147284
 10
38.342762715777376
 20
-13.681134747990942
 10
38.25011048993372
 20
-13.773786973834602
 10
38.0648060382464
 20
-13.773786973834602
 10
37.87950158655909
 20
-13.773786973834602
 10
37.78684936071543
 20
-13.86643919967826
 10
37.69419713487177
 20
-13.959091425521917
 10
37.50889268318445
 20
-13.959091425521917
 10
37.41624045734079
 20
-14.051743651365577
 10
37.32358823149713
 20
-14.144395877209234
 10
37.13828377980982
 20
-14.144395877209234
 10
36.9529793281225
 20
-14.144395877209234
 10
36.860327102278845
 20
-14.237048103052892
 10
36.76767487643519
 20
-14.329700328896552
 10
36.58237042474787
 20
-14.329700328896552
 10
36.489718198904214
 20
-14.42235255474021
 10
36.39706597306055
 20
-14.515004780583867
 10
36.211761521373234
 20
-14.515004780583867
 10
36.119109295529576
 20
-14.607657006427527
 10
36.02645706968592
 20
-14.700309232271184
 10
35.8411526179986
 20
-14.700309232271184
 10
35.748500392154945
 20
-14.792961458114842
 10
35.65584816631129
 20
-14.885613683958502
 10
35.47054371462397
 20
-14.885613683958502
 10
35.377891488780314
 20
-14.97826590980216
 10
35.28523926293665
 20
-15.070918135645817
 10
35.099934811249334
 20
-15.070918135645817
 10
35.007282585405676
 20
-15.163570361489475
 10
34.91463035956202
 20
-15.256222587333134
 10
34.82197813371836
 20
-15.348874813176792
 10
34.7293259078747
 20
-15.44152703902045
 10
34.54402145618739
 20
-15.44152703902045
 10
34.45136923034373
 20
-15.53417926486411
 10
34.35871700450007
 20
-15.626831490707767
 10
34.266064778656414
 20
-15.719483716551425
 10
34.17341255281275
 20
-15.812135942395084
 10
33.988108101125434
 20
-15.812135942395084
 10
33.895455875281776
 20
-15.904788168238742
 10
33.80280364943812
 20
-15.9974403940824
 10
33.71015142359446
 20
-16.090092619926057
 10
33.6174991977508
 20
-16.18274484576972
 10
33.43219474606349
 20
-16.18274484576972
 10
33.33954252021983
 20
-16.275397071613376
 10
33.24689029437617
 20
-16.368049297457034
 10
33.154238068532514
 20
-16.460701523300692
 10
33.06158584268885
 20
-16.55335374914435
 10
32.96893361684519
 20
-16.646005974988007
 10
32.876281391001534
 20
-16.73865820083167
 10
32.69097693931422
 20
-16.73865820083167
 10
32.59832471347056
 20
-16.831310426675326
 10
32.5056724876269
 20
-16.923962652518984
 10
32.413020261783245
 20
-17.016614878362642
 10
32.32036803593959
 20
-17.1092671042063
 10
32.22771581009593
 20
-17.201919330049957
 10
32.13506358425227
 20
-17.29457155589362
 10
32.042411358408614
 20
-17.387223781737276
 10
31.949759132564953
 20
-17.479876007580934
 10
31.857106906721295
 20
-17.572528233424592
 10
31.764454680877638
 20
-17.66518045926825
 10
31.67180245503398
 20
-17.757832685111907
 10
31.57915022919032
 20
-17.85048491095557
 10
31.48649800334666
 20
-17.943137136799226
 10
31.393845777503003
 20
-18.035789362642884
 10
31.208541325815688
 20
-18.035789362642884
 10
31.11588909997203
 20
-18.12844158848654
 10
31.02323687412837
 20
-18.2210938143302
 10
30.93058464828471
 20
-18.313746040173857
 10
30.837932422441053
 20
-18.406398266017515
 10
30.745280196597395
 20
-18.499050491861176
 10
30.652627970753738
 20
-18.591702717704834
 10
30.55997574491008
 20
-18.68435494354849
 10
30.46732351906642
 20
-18.77700716939215
 10
30.37467129322276
 20
-18.869659395235807
 10
30.282019067379103
 20
-18.962311621079465
 10
30.189366841535445
 20
-19.054963846923126
 10
30.096714615691788
 20
-19.147616072766784
 10
30.00406238984813
 20
-19.24026829861044
 10
29.91141016400447
 20
-19.3329205244541
 10
29.81875793816081
 20
-19.425572750297757
 10
29.81875793816081
 20
-19.610877201985076
 10
29.726105712317153
 20
-19.703529427828734
 10
29.633453486473496
 20
-19.79618165367239
 10
29.540801260629838
 20
-19.88883387951605
 10
29.44814903478618
 20
-19.981486105359707
 10
29.35549680894252
 20
-20.074138331203365
 10
29.26284458309886
 20
-20.166790557047026
 10
29.170192357255203
 20
-20.259442782890684
 10
29.077540131411546
 20
-20.35209500873434
 10
28.984887905567888
 20
-20.444747234578
 10
28.89223567972423
 20
-20.537399460421657
 10
28.79958345388057
 20
-20.630051686265315
 10
28.70693122803691
 20
-20.722703912108976
 10
28.614279002193253
 20
-20.815356137952634
 10
28.521626776349596
 20
-20.90800836379629
 10
28.428974550505938
 20
-21.00066058963995
 10
28.33632232466228
 20
-21.093312815483607
 10
28.24367009881862
 20
-21.185965041327265
 10
28.15101787297496
 20
-21.278617267170926
 10
28.15101787297496
 20
-21.46392171885824
 10
28.058365647131303
 20
-21.5565739447019
 10
27.965713421287646
 20
-21.649226170545557
 10
27.873061195443988
 20
-21.741878396389215
 10
27.78040896960033
 20
-21.834530622232876
 10
27.68775674375667
 20
-21.927182848076534
 10
27.59510451791301
 20
-22.01983507392019
 10
27.502452292069353
 20
-22.11248729976385
 10
27.409800066225696
 20
-22.205139525607507
 10
27.317147840382038
 20
-22.297791751451165
 10
27.22449561453838
 20
-22.390443977294826
 10
27.22449561453838
 20
-22.57574842898214
 10
27.13184338869472
 20
-22.6684006548258
 10
27.03919116285106
 20
-22.761052880669457
 10
26.946538937007404
 20
-22.853705106513114
 10
26.853886711163746
 20
-22.946357332356776
 10
26.761234485320088
 20
-23.039009558200434
 10
26.66858225947643
 20
-23.13166178404409
 10
26.575930033632773
 20
-23.22431400988775
 10
26.48327780778911
 20
-23.316966235731407
 10
26.48327780778911
 20
-23.502270687418726
 10
26.390625581945454
 20
-23.594922913262383
 10
26.297973356101796
 20
-23.68757513910604
 10
26.205321130258138
 20
-23.7802273649497
 10
26.11266890441448
 20
-23.872879590793357
 10
26.11266890441448
 20
-24.058184042480672
 10
26.020016678570823
 20
-24.150836268324333
 10
25.92736445272716
 20
-24.24348849416799
 10
25.834712226883504
 20
-24.33614072001165
 10
25.742060001039846
 20
-24.428792945855307
 10
25.649407775196188
 20
-24.521445171698964
 10
25.55675554935253
 20
-24.614097397542622
 10
25.55675554935253
 20
-24.79940184922994
 10
25.464103323508873
 20
-24.8920540750736
 10
25.37145109766521
 20
-24.984706300917257
 10
25.37145109766521
 20
-25.170010752604572
 10
25.278798871821554
 20
-25.262662978448233
 10
25.186146645977896
 20
-25.35531520429189
 10
25.186146645977896
 20
-25.540619655979206
 10
25.09349442013424
 20
-25.633271881822864
 10
25.00084219429058
 20
-25.725924107666522
 10
25.00084219429058
 20
-25.91122855935384
 10
24.908189968446923
 20
-26.0038807851975
 10
24.81553774260326
 20
-26.096533011041156
 10
24.81553774260326
 20
-26.281837462728472
 10
24.722885516759604
 20
-26.374489688572133
 10
24.630233290915946
 20
-26.46714191441579
 10
24.630233290915946
 20
-26.652446366103106
 10
24.630233290915946
 20
-26.837750817790422
 10
24.630233290915946
 20
-27.02305526947774
 10
24.630233290915946
 20
-27.208359721165056
 10
24.53758106507229
 20
-27.301011947008714
 10
24.44492883922863
 20
-27.39366417285237
 10
24.44492883922863
 20
-27.57896862453969
 10
24.44492883922863
 20
-27.764273076227006
 10
24.44492883922863
 20
-27.94957752791432
 10
24.44492883922863
 20
-28.13488197960164
 10
24.44492883922863
 20
-28.320186431288956
 10
24.53758106507229
 20
-28.412838657132614
 10
24.630233290915946
 20
-28.50549088297627
 10
24.630233290915946
 20
-28.69079533466359
 10
24.630233290915946
 20
-28.876099786350906
 10
24.630233290915946
 20
-29.06140423803822
 10
24.722885516759604
 20
-29.154056463881883
 10
24.81553774260326
 20
-29.24670868972554
 10
24.81553774260326
 20
-29.432013141412856
 10
24.81553774260326
 20
-29.61731759310017
 10
24.908189968446923
 20
-29.709969818943833
 10
25.00084219429058
 20
-29.80262204478749
 10
25.00084219429058
 20
-29.987926496474806
 10
25.00084219429058
 20
-30.17323094816212
 10
25.09349442013424
 20
-30.26588317400578
 10
25.186146645977896
 20
-30.35853539984944
 10
25.186146645977896
 20
-30.543839851536756
 10
25.278798871821554
 20
-30.636492077380414
 10
25.37145109766521
 20
-30.72914430322407
 10
25.37145109766521
 20
-30.91444875491139
 10
25.464103323508873
 20
-31.007100980755048
 10
25.55675554935253
 20
-31.099753206598706
 10
25.55675554935253
 20
-31.28505765828602
 10
25.649407775196188
 20
-31.37770988412968
 10
25.742060001039846
 20
-31.47036210997334
 10
25.834712226883504
 20
-31.563014335816998
 10
25.92736445272716
 20
-31.655666561660656
 10
25.92736445272716
 20
-31.84097101334797
 10
26.020016678570823
 20
-31.93362323919163
 10
26.11266890441448
 20
-32.02627546503529
 10
26.205321130258138
 20
-32.11892769087895
 10
26.297973356101796
 20
-32.211579916722606
 10
26.297973356101796
 20
-32.39688436840992
 10
26.390625581945454
 20
-32.48953659425358
 10
26.48327780778911
 20
-32.58218882009724
 10
26.575930033632773
 20
-32.674841045940894
 10
26.66858225947643
 20
-32.76749327178455
 10
26.66858225947643
 20
-32.952797723471875
 10
26.761234485320088
 20
-33.04544994931553
 10
26.853886711163746
 20
-33.13810217515919
 10
26.946538937007404
 20
-33.23075440100285
 10
27.03919116285106
 20
-33.323406626846506
 10
27.13184338869472
 20
-33.41605885269016
 10
27.22449561453838
 20
-33.50871107853382
 10
27.22449561453838
 20
-33.69401553022114
 10
27.317147840382038
 20
-33.786667756064794
 10
27.409800066225696
 20
-33.87931998190845
 10
27.502452292069353
 20
-33.97197220775212
 10
27.59510451791301
 20
-34.064624433595775
 10
27.68775674375667
 20
-34.15727665943943
 10
27.78040896960033
 20
-34.24992888528309
 10
27.78040896960033
 20
-34.435233336970406
 10
27.873061195443988
 20
-34.52788556281406
 10
27.965713421287646
 20
-34.62053778865772
 10
28.058365647131303
 20
-34.71319001450138
 10
28.15101787297496
 20
-34.80584224034504
 10
28.24367009881862
 20
-34.898494466188694
 10
28.33632232466228
 20
-34.99114669203235
 10
28.428974550505938
 20
-35.08379891787602
 10
28.521626776349596
 20
-35.176451143719675
 10
28.614279002193253
 20
-35.26910336956333
 10
28.70693122803691
 20
-35.36175559540699
 10
28.70693122803691
 20
-35.547060047094305
 10
28.79958345388057
 20
-35.63971227293796
 10
28.89223567972423
 20
-35.73236449878162
 10
28.984887905567888
 20
-35.82501672462528
 10
29.077540131411546
 20
-35.917668950468936
 10
29.170192357255203
 20
-36.010321176312594
 10
29.35549680894252
 20
-35.91803229253107
 10
29.355860151004652
 20
-35.917668950468936
 10
29.540801260629838
 20
-35.73272784084375
 10
29.541164602691968
 20
-35.73236449878162
 10
29.726105712317153
 20
-35.547423389156435
 10
29.726469054379287
 20
-35.547060047094305
 10
29.91141016400447
 20
-35.36211893746912
 10
29.911773506066602
 20
-35.36175559540699
 10
30.096714615691788
 20
-35.176814485781804
 10
30.097077957753918
 20
-35.176451143719675
 10
30.282019067379103
 20
-34.99151003409449
 10
30.282382409441237
 20
-34.99114669203235
 10
30.46732351906642
 20
-34.80620558240717
 10
30.467686861128552
 20
-34.80584224034504
 10
30.652627970753738
 20
-34.62090113071985
 10
30.652991312815868
 20
-34.62053778865772
 10
30.837932422441053
 20
-34.435596679032535
 10
30.838295764503187
 20
-34.435233336970406
 10
31.02323687412837
 20
-34.25029222734522
 10
31.023600216190502
 20
-34.24992888528309
 10
31.208541325815688
 20
-34.064987775657904
 10
31.208904667877817
 20
-34.064624433595775
 10
31.393845777503003
 20
-33.87968332397059
 10
31.394209119565136
 20
-33.87931998190845
 10
31.57915022919032
 20
-33.69437887228327
 10
31.579513571252452
 20
-33.69401553022114
 10
31.764454680877638
 20
-33.50907442059595
 10
31.764818022939767
 20
-33.50871107853382
 10
31.949759132564953
 20
-33.323769968908636
 10
31.950122474627086
 20
-33.323406626846506
 10
32.13506358425227
 20
-33.13846551722132
 10
32.1354269263144
 20
-33.13810217515919
 10
32.32036803593959
 20
-32.953161065534005
 10
32.32073137800172
 20
-32.952797723471875
 10
32.5056724876269
 20
-32.76785661384669
 10
32.50603582968903
 20
-32.76749327178455
 10
32.69097693931422
 20
-32.582552162159374
 10
32.69134028137635
 20
-32.58218882009724
 10
32.876281391001534
 20
-32.39724771047205
 10
32.87664473306367
 20
-32.39688436840992
 10
32.87664473306367
 20
-32.211579916722606
 10
33.06158584268885
 20
-32.02663880709742
 10
33.061949184750986
 20
-32.02627546503529
 10
33.24689029437617
 20
-31.841334355410105
 10
33.2472536364383
 20
-31.84097101334797
 10
33.43219474606349
 20
-31.656029903722786
 10
33.43255808812562
 20
-31.655666561660656
 10
33.6174991977508
 20
-31.47072545203547
 10
33.61786253981293
 20
-31.47036210997334
 10
33.80280364943812
 20
-31.285421000348155
 10
33.80316699150025
 20
-31.28505765828602
 10
33.80316699150025
 20
-31.099753206598706
 10
33.988108101125434
 20
-30.91481209697352
 10
33.98847144318757
 20
-30.91444875491139
 10
34.17341255281275
 20
-30.729507645286205
 10
34.173775894874886
 20
-30.72914430322407
 10
34.35871700450007
 20
-30.544203193598886
 10
34.3590803465622
 20
-30.543839851536756
 10
34.54402145618739
 20
-30.35889874191157
 10
34.54438479824952
 20
-30.35853539984944
 10
34.54438479824952
 20
-30.17323094816212
 10
34.7293259078747
 20
-29.98828983853694
 10
34.72968924993683
 20
-29.987926496474806
 10
34.91463035956202
 20
-29.80298538684962
 10
34.91499370162415
 20
-29.80262204478749
 10
35.099934811249334
 20
-29.617680935162305
 10
35.10029815331147
 20
-29.61731759310017
 10
35.10029815331147
 20
-29.432013141412856
 10
35.28523926293665
 20
-29.24707203178767
 10
35.285602604998786
 20
-29.24670868972554
 10
35.47054371462397
 20
-29.061767580100355
 10
35.4709070566861
 20
-29.06140423803822
 10
35.65584816631129
 20
-28.87646312841304
 10
35.65621150837342
 20
-28.876099786350906
 10
35.65621150837342
 20
-28.69079533466359
 10
35.8411526179986
 20
-28.505854225038405
 10
35.84151596006073
 20
-28.50549088297627
 10
36.02645706968592
 20
-28.32054977335109
 10
36.02682041174805
 20
-28.320186431288956
 10
36.211761521373234
 20
-28.13524532166377
 10
36.21212486343537
 20
-28.13488197960164
 10
36.21212486343537
 20
-27.94957752791432
 10
36.39706597306055
 20
-27.76463641828914
 10
36.397429315122686
 20
-27.764273076227006
 10
36.58237042474787
 20
-27.57933196660182
 10
36.58273376681
 20
-27.57896862453969
 10
36.58273376681
 20
-27.39366417285237
 10
36.76767487643519
 20
-27.20872306322719
 10
36.76803821849732
 20
-27.208359721165056
 10
36.9529793281225
 20
-27.02341861153987
 10
36.95334267018463
 20
-27.02305526947774
 10
36.95334267018463
 20
-26.837750817790422
 10
37.13828377980982
 20
-26.65280970816524
 10
37.13864712187195
 20
-26.652446366103106
 10
37.13864712187195
 20
-26.46714191441579
 10
37.32358823149713
 20
-26.282200804790605
 10
37.32395157355927
 20
-26.281837462728472
 10
37.50889268318445
 20
-26.09689635310329
 10
37.509256025246586
 20
-26.096533011041156
 10
37.509256025246586
 20
-25.91122855935384
 10
37.69419713487177
 20
-25.726287449728655
 10
37.6945604769339
 20
-25.725924107666522
 10
37.87950158655909
 20
-25.54098299804134
 10
37.87986492862122
 20
-25.540619655979206
 10
37.87986492862122
 20
-25.35531520429189
 10
38.0648060382464
 20
-25.170374094666705
 10
38.06516938030853
 20
-25.170010752604572
 10
38.06516938030853
 20
-24.984706300917257
 10
38.25011048993372
 20
-24.79976519129207
 10
38.25047383199585
 20
-24.79940184922994
 10
38.25047383199585
 20
-24.614097397542622
 10
38.43541494162103
 20
-24.42915628791744
 10
38.43577828368317
 20
-24.428792945855307
 10
38.62071939330835
 20
-24.24385183623012
 10
38.621082735370486
 20
-24.24348849416799
 10
38.621082735370486
 20
-24.058184042480672
 10
38.80602384499567
 20
-23.87324293285549
 10
38.8063871870578
 20
-23.872879590793357
 10
38.8063871870578
 20
-23.68757513910604
 10
38.99132829668299
 20
-23.502634029480856
 10
38.99169163874512
 20
-23.502270687418726
 10
38.99169163874512
 20
-23.316966235731407
 10
39.1766327483703
 20
-23.13202512610622
 10
39.17699609043243
 20
-23.13166178404409
 10
39.17699609043243
 20
-22.946357332356776
 10
39.36193720005762
 20
-22.76141622273159
 10
39.36230054211975
 20
-22.761052880669457
 10
39.36230054211975
 20
-22.57574842898214
 10
39.54724165174493
 20
-22.390807319356956
 10
39.54760499380706
 20
-22.390443977294826
 10
39.54760499380706
 20
-22.205139525607507
 10
39.73254610343225
 20
-22.02019841598232
 10
39.732909445494386
 20
-22.01983507392019
 10
39.732909445494386
 20
-21.834530622232876
 10
39.91785055511957
 20
-21.64958951260769
 10
39.9182138971817
 20
-21.649226170545557
 10
39.9182138971817
 20
-21.46392171885824
 10
40.10315500680689
 20
-21.278980609233056
 10
40.10351834886902
 20
-21.278617267170926
 10
40.10351834886902
 20
-21.093312815483607
 10
40.2884594584942
 20
-20.90837170585842
 10
40.28882280055633
 20
-20.90800836379629
 10
40.28882280055633
 20
-20.722703912108976
 10
40.28882280055633
 20
-20.537399460421657
 10
40.47376391018152
 20
-20.35245835079647
 10
40.47412725224365
 20
-20.35209500873434
 10
40.47412725224365
 20
-20.166790557047026
 10
40.65906836186883
 20
-19.98184944742184
 10
40.65943170393096
 20
-19.981486105359707
 10
40.65943170393096
 20
-19.79618165367239
 10
40.84437281355615
 20
-19.611240544047206
 10
40.844736155618286
 20
-19.610877201985076
 10
40.844736155618286
 20
-19.425572750297757
 10
40.844736155618286
 20
-19.24026829861044
 10
41.02967726524347
 20
-19.055327188985256
 10
41.0300406073056
 20
-19.054963846923126
 10
41.0300406073056
 20
-18.869659395235807
 10
41.21498171693079
 20
-18.68471828561062
 10
41.21534505899292
 20
-18.68435494354849
 10
41.21534505899292
 20
-18.499050491861176
 10
41.21534505899292
 20
-18.313746040173857
 10
41.4002861686181
 20
-18.128804930548675
 10
41.40064951068023
 20
-18.12844158848654
 10
41.40064951068023
 20
-17.943137136799226
 10
41.40064951068023
 20
-17.757832685111907
 10
41.58559062030542
 20
-17.572891575486725
 10
41.58595396236755
 20
-17.572528233424592
 10
41.58595396236755
 20
-17.387223781737276
 10
41.77089507199273
 20
-17.20228267211209
 10
41.77125841405486
 20
-17.201919330049957
 10
41.77125841405486
 20
-17.016614878362642
 10
41.77125841405486
 20
-16.831310426675326
 10
41.95619952368005
 20
-16.64636931705014
 10
41.956562865742185
 20
-16.646005974988007
 10
41.956562865742185
 20
-16.460701523300692
 10
41.956562865742185
 20
-16.275397071613376
 10
42.14150397536737
 20
-16.09045596198819
 10
42.1418673174295
 20
-16.090092619926057
 10
42.1418673174295
 20
-15.904788168238742
 10
42.1418673174295
 20
-15.719483716551425
 10
42.32680842705469
 20
-15.534542606926241
 10
42.327171769116816
 20
-15.53417926486411
 10
42.327171769116816
 20
-15.348874813176792
 10
42.327171769116816
 20
-15.163570361489475
 10
42.327171769116816
 20
-14.97826590980216
 10
42.512112878742
 20
-14.793324800176974
 10
42.51247622080413
 20
-14.792961458114842
 10
42.51247622080413
 20
-14.607657006427527
 10
42.51247622080413
 20
-14.42235255474021
 10
42.69741733042932
 20
-14.237411445115024
 10
42.69778067249145
 20
-14.237048103052892
 10
42.69778067249145
 20
-14.051743651365577
 10
42.69778067249145
 20
-13.86643919967826
 10
42.69778067249145
 20
-13.681134747990942
 10
42.88272178211663
 20
-13.496193638365758
 10
42.88308512417876
 20
-13.495830296303627
 10
42.88308512417876
 20
-13.31052584461631
 10
42.88308512417876
 20
-13.125221392928992
 10
43.06802623380395
 20
-12.940280283303808
 10
43.25333068549127
 20
-12.940280283303808
 10
43.438635137178586
 20
-12.940280283303808
 10
43.6239395888659
 20
-12.940280283303808
 10
43.80924404055322
 20
-12.940280283303808
 10
43.9941851501784
 20
-13.125221392928992
 10
43.99454849224053
 20
-13.125584734991124
 10
44.17985294392785
 20
-13.125584734991124
 10
44.36515739561517
 20
-13.125584734991124
 10
44.55009850524035
 20
-13.31052584461631
 10
44.55009850524035
 20
-13.495830296303627
 10
44.55009850524035
 20
-13.681134747990942
 10
44.36515739561517
 20
-13.866075857616128
 10
44.364794053553034
 20
-13.86643919967826
 10
44.364794053553034
 20
-14.051743651365577
 10
44.364794053553034
 20
-14.237048103052892
 10
44.364794053553034
 20
-14.42235255474021
 10
44.17985294392785
 20
-14.607293664365393
 10
44.17948960186572
 20
-14.607657006427527
 10
44.17948960186572
 20
-14.792961458114842
 10
44.17948960186572
 20
-14.97826590980216
 10
44.17948960186572
 20
-15.163570361489475
 10
43.99454849224053
 20
-15.34851147111466
 10
43.9941851501784
 20
-15.348874813176792
 10
43.9941851501784
 20
-15.53417926486411
 10
43.9941851501784
 20
-15.719483716551425
 10
43.80924404055322
 20
-15.90442482617661
 10
43.80888069849109
 20
-15.904788168238742
 10
43.80888069849109
 20
-16.090092619926057
 10
43.80888069849109
 20
-16.275397071613376
 10
43.6239395888659
 20
-16.460338181238562
 10
43.62357624680377
 20
-16.460701523300692
 10
43.62357624680377
 20
-16.646005974988007
 10
43.62357624680377
 20
-16.831310426675326
 10
43.438635137178586
 20
-17.016251536300512
 10
43.43827179511645
 20
-17.016614878362642
 10
43.43827179511645
 20
-17.201919330049957
 10
43.43827179511645
 20
-17.387223781737276
 10
43.25333068549127
 20
-17.57216489136246
 10
43.252967343429134
 20
-17.572528233424592
 10
43.252967343429134
 20
-17.757832685111907
 10
43.252967343429134
 20
-17.943137136799226
 10
43.06802623380395
 20
-18.12807824642441
 10
43.06766289174182
 20
-18.12844158848654
 10
43.06766289174182
 20
-18.313746040173857
 10
43.06766289174182
 20
-18.499050491861176
 10
42.88272178211663
 20
-18.68399160148636
 10
42.8823584400545
 20
-18.68435494354849
 10
42.8823584400545
 20
-18.869659395235807
 10
42.8823584400545
 20
-19.054963846923126
 10
42.69741733042932
 20
-19.23990495654831
 10
42.69705398836719
 20
-19.24026829861044
 10
42.69705398836719
 20
-19.425572750297757
 10
42.512112878742
 20
-19.610513859922943
 10
42.51174953667987
 20
-19.610877201985076
 10
42.51174953667987
 20
-19.79618165367239
 10
42.51174953667987
 20
-19.981486105359707
 10
42.32680842705469
 20
-20.166427214984893
 10
42.32644508499255
 20
-20.166790557047026
 10
42.32644508499255
 20
-20.35209500873434
 10
42.14150397536737
 20
-20.537036118359527
 10
42.141140633305234
 20
-20.537399460421657
 10
42.141140633305234
 20
-20.722703912108976
 10
41.95619952368005
 20
-20.907645021734158
 10
41.95583618161792
 20
-20.90800836379629
 10
41.95583618161792
 20
-21.093312815483607
 10
41.95583618161792
 20
-21.278617267170926
 10
41.77089507199273
 20
-21.463558376796108
 10
41.7705317299306
 20
-21.46392171885824
 10
41.7705317299306
 20
-21.649226170545557
 10
41.58559062030542
 20
-21.834167280170742
 10
41.58522727824329
 20
-21.834530622232876
 10
41.58522727824329
 20
-22.01983507392019
 10
41.4002861686181
 20
-22.204776183545377
 10
41.39992282655597
 20
-22.205139525607507
 10
41.39992282655597
 20
-22.390443977294826
 10
41.21498171693079
 20
-22.575385086920008
 10
41.21461837486865
 20
-22.57574842898214
 10
41.21461837486865
 20
-22.761052880669457
 10
41.02967726524347
 20
-22.945993990294642
 10
41.029313923181334
 20
-22.946357332356776
 10
41.029313923181334
 20
-23.13166178404409
 10
40.84437281355615
 20
-23.316602893669277
 10
40.84400947149402
 20
-23.316966235731407
 10
40.84400947149402
 20
-23.502270687418726
 10
40.65906836186883
 20
-23.687211797043908
 10
40.6587050198067
 20
-23.68757513910604
 10
40.6587050198067
 20
-23.872879590793357
 10
40.47376391018152
 20
-24.057820700418542
 10
40.47340056811939
 20
-24.058184042480672
 10
40.47340056811939
 20
-24.24348849416799
 10
40.2884594584942
 20
-24.428429603793177
 10
40.28809611643207
 20
-24.428792945855307
 10
40.28809611643207
 20
-24.614097397542622
 10
40.10315500680689
 20
-24.799038507167808
 10
40.10279166474475
 20
-24.79940184922994
 10
40.10279166474475
 20
-24.984706300917257
 10
39.91785055511957
 20
-25.169647410542442
 10
39.917487213057434
 20
-25.170010752604572
 10
39.917487213057434
 20
-25.35531520429189
 10
39.73254610343225
 20
-25.540256313917077
 10
39.73218276137012
 20
-25.540619655979206
 10
39.54724165174493
 20
-25.725560765604392
 10
39.5468783096828
 20
-25.725924107666522
 10
39.5468783096828
 20
-25.91122855935384
 10
39.36193720005762
 20
-26.096169668979027
 10
39.36157385799549
 20
-26.096533011041156
 10
39.36157385799549
 20
-26.281837462728472
 10
39.1766327483703
 20
-26.466778572353657
 10
39.17626940630817
 20
-26.46714191441579
 10
38.99132829668299
 20
-26.652083024040977
 10
38.99096495462085
 20
-26.652446366103106
 10
38.99096495462085
 20
-26.837750817790422
 10
38.80602384499567
 20
-27.022691927415607
 10
38.805660502933534
 20
-27.02305526947774
 10
38.805660502933534
 20
-27.208359721165056
 10
38.62071939330835
 20
-27.393300830790242
 10
38.62035605124622
 20
-27.39366417285237
 10
38.43541494162103
 20
-27.578605282477557
 10
38.4350515995589
 20
-27.57896862453969
 10
38.4350515995589
 20
-27.764273076227006
 10
38.25011048993372
 20
-27.949214185852192
 10
38.24974714787159
 20
-27.94957752791432
 10
38.0648060382464
 20
-28.134518637539507
 10
38.06444269618427
 20
-28.13488197960164
 10
38.06444269618427
 20
-28.320186431288956
 10
37.87950158655909
 20
-28.505127540914142
 10
37.87913824449696
 20
-28.50549088297627
 10
37.69419713487177
 20
-28.690431992601457
 10
37.693833792809635
 20
-28.69079533466359
 10
37.693833792809635
 20
-28.876099786350906
 10
37.50889268318445
 20
-29.06104089597609
 10
37.50852934112232
 20
-29.06140423803822
 10
37.32358823149713
 20
-29.246345347663407
 10
37.323224889435004
 20
-29.24670868972554
 10
37.323224889435004
 20
-29.432013141412856
 10
37.13828377980982
 20
-29.61695425103804
 10
37.13792043774769
 20
-29.61731759310017
 10
36.9529793281225
 20
-29.802258702725357
 10
36.95261598606037
 20
-29.80262204478749
 10
36.76767487643519
 20
-29.987563154412673
 10
36.76731153437306
 20
-29.987926496474806
 10
36.76731153437306
 20
-30.17323094816212
 10
36.58237042474787
 20
-30.358172057787307
 10
36.582007082685735
 20
-30.35853539984944
 10
36.39706597306055
 20
-30.543476509474623
 10
36.39670263099842
 20
-30.543839851536756
 10
36.211761521373234
 20
-30.72878096116194
 10
36.211398179311104
 20
-30.72914430322407
 10
36.211398179311104
 20
-30.91444875491139
 10
36.02645706968592
 20
-31.099389864536573
 10
36.02609372762379
 20
-31.099753206598706
 10
35.8411526179986
 20
-31.28469431622389
 10
35.84078927593647
 20
-31.28505765828602
 10
35.65584816631129
 20
-31.469998767911207
 10
35.65548482424916
 20
-31.47036210997334
 10
35.65548482424916
 20
-31.655666561660656
 10
35.47054371462397
 20
-31.84060767128584
 10
35.470180372561835
 20
-31.84097101334797
 10
35.28523926293665
 20
-32.02591212297316
 10
35.28487592087452
 20
-32.02627546503529
 10
35.099934811249334
 20
-32.211216574660476
 10
35.099571469187204
 20
-32.211579916722606
 10
34.91463035956202
 20
-32.39652102634779
 10
34.91426701749989
 20
-32.39688436840992
 10
34.7293259078747
 20
-32.58182547803511
 10
34.72896256581257
 20
-32.58218882009724
 10
34.72896256581257
 20
-32.76749327178455
 10
34.54402145618739
 20
-32.95243438140974
 10
34.54365811412526
 20
-32.952797723471875
 10
34.35871700450007
 20
-33.13773883309706
 10
34.358353662437935
 20
-33.13810217515919
 10
34.17341255281275
 20
-33.323043284784376
 10
34.17304921075062
 20
-33.323406626846506
 10
33.988108101125434
 20
-33.50834773647169
 10
33.987744759063304
 20
-33.50871107853382
 10
33.80280364943812
 20
-33.69365218815901
 10
33.80244030737599
 20
-33.69401553022114
 10
33.6174991977508
 20
-33.87895663984632
 10
33.61713585568867
 20
-33.87931998190845
 10
33.43219474606349
 20
-34.06426109153364
 10
33.43183140400136
 20
-34.064624433595775
 10
33.43183140400136
 20
-34.24992888528309
 10
33.24689029437617
 20
-34.434869994908276
 10
33.246526952314035
 20
-34.435233336970406
 10
33.06158584268885
 20
-34.62017444659559
 10
33.06122250062672
 20
-34.62053778865772
 10
32.876281391001534
 20
-34.80547889828291
 10
32.875918048939404
 20
-34.80584224034504
 10
32.69097693931422
 20
-34.99078334997022
 10
32.69061359725209
 20
-34.99114669203235
 10
32.5056724876269
 20
-35.17608780165754
 10
32.50530914556477
 20
-35.176451143719675
 10
32.32036803593959
 20
-35.36139225334485
 10
32.32000469387746
 20
-35.36175559540699
 10
32.13506358425227
 20
-35.546696705032176
 10
32.134700242190135
 20
-35.547060047094305
 10
31.949759132564953
 20
-35.73200115671949
 10
31.949395790502823
 20
-35.73236449878162
 10
31.764454680877638
 20
-35.91730560840681
 10
31.764091338815504
 20
-35.917668950468936
 10
31.57915022919032
 20
-36.10261006009412
 10
31.57878688712819
 20
-36.10297340215625
 10
31.393845777503003
 20
-36.28791451178144
 10
31.393482435440873
 20
-36.288277853843574
 10
31.208541325815688
 20
-36.47321896346875
 10
31.208177983753554
 20
-36.47358230553089
 10
31.02323687412837
 20
-36.658523415156075
 10
31.02287353206624
 20
-36.658886757218205
 10
30.837932422441053
 20
-36.84382786684339
 10
30.837569080378923
 20
-36.84419120890552
 10
30.652627970753738
 20
-37.029132318530706
 10
30.46732351906642
 20
-37.029132318530706
 10
30.46696017700429
 20
-37.029495660592836
 10
30.282019067379103
 20
-37.21443677021802
 10
30.097077957753918
 20
-37.029495660592836
 10
30.096714615691788
 20
-37.029132318530706
 10
29.911773506066602
 20
-36.84419120890552
 10
29.91141016400447
 20
-36.84382786684339
 10
29.726469054379287
 20
-36.658886757218205
 10
29.726105712317153
 20
-36.658523415156075
 10
29.541164602691968
 20
-36.47358230553089
 10
29.540801260629838
 20
-36.47321896346875
 10
29.355860151004652
 20
-36.288277853843574
 10
29.35549680894252
 20
-36.28791451178144
 10
29.170192357255203
 20
-36.19562562799991
 10
29.077540131411546
 20
-36.288277853843574
 10
28.984887905567888
 20
-36.38093007968723
 10
28.89223567972423
 20
-36.47358230553089
 10
28.79958345388057
 20
-36.56623453137455
 10
28.614279002193253
 20
-36.56623453137455
 10
28.521626776349596
 20
-36.658886757218205
 10
28.428974550505938
 20
-36.75153898306186
 10
28.33632232466228
 20
-36.84419120890552
 10
28.24367009881862
 20
-36.93684343474918
 10
28.15101787297496
 20
-37.029495660592836
 10
28.058365647131303
 20
-37.122147886436494
 10
27.965713421287646
 20
-37.21480011228015
 10
27.873061195443988
 20
-37.30745233812381
 10
27.78040896960033
 20
-37.400104563967474
 10
27.68775674375667
 20
-37.49275678981113
 10
27.502452292069353
 20
-37.49275678981113
 10
27.409800066225696
 20
-37.58540901565479
 10
27.317147840382038
 20
-37.67806124149845
 10
27.22449561453838
 20
-37.770713467342105
 10
27.13184338869472
 20
-37.86336569318576
 10
27.03919116285106
 20
-37.95601791902942
 10
26.946538937007404
 20
-38.04867014487308
 10
26.853886711163746
 20
-38.141322370716736
 10
26.761234485320088
 20
-38.233974596560394
 10
26.575930033632773
 20
-38.233974596560394
 10
26.48327780778911
 20
-38.32662682240405
 10
26.390625581945454
 20
-38.41927904824771
 10
26.297973356101796
 20
-38.511931274091374
 10
26.205321130258138
 20
-38.60458349993503
 10
26.11266890441448
 20
-38.69723572577869
 10
26.020016678570823
 20
-38.78988795162235
 10
25.834712226883504
 20
-38.78988795162235
 10
25.742060001039846
 20
-38.882540177466005
 10
25.649407775196188
 20
-38.97519240330966
 10
25.55675554935253
 20
-39.06784462915332
 10
25.464103323508873
 20
-39.16049685499698
 10
25.37145109766521
 20
-39.253149080840636
 10
25.278798871821554
 20
-39.345801306684294
 10
25.09349442013424
 20
-39.345801306684294
 10
25.00084219429058
 20
-39.43845353252795
 10
24.908189968446923
 20
-39.53110575837161
 10
24.81553774260326
 20
-39.623757984215274
 10
24.722885516759604
 20
-39.71641021005893
 10
24.630233290915946
 20
-39.80906243590259
 10
24.53758106507229
 20
-39.90171466174625
 10
24.352276613384973
 20
-39.90171466174625
 10
24.25962438754131
 20
-39.994366887589905
 10
24.166972161697654
 20
-40.08701911343356
 10
24.074319935853996
 20
-40.17967133927722
 10
23.98166771001034
 20
-40.27232356512088
 10
23.796363258323023
 20
-40.27232356512088
 10
23.70371103247936
 20
-40.364975790964536
 10
23.611058806635704
 20
-40.457628016808194
 10
23.518406580792046
 20
-40.55028024265185
 10
23.42575435494839
 20
-40.64293246849551
 10
23.240449903261073
 20
-40.64293246849551
 10
23.14779767741741
 20
-40.735584694339174
 10
23.055145451573754
 20
-40.82823692018283
 10
22.86984099988644
 20
-40.82823692018283
 10
22.77718877404278
 20
-40.92088914602649
 10
22.684536548199123
 20
-41.01354137187015
 10
22.59188432235546
 20
-41.106193597713805
 10
22.499232096511804
 20
-41.19884582355746
 10
22.31392764482449
 20
-41.19884582355746
 10
22.22127541898083
 20
-41.29149804940112
 10
22.128623193137173
 20
-41.38415027524478
 10
22.035970967293512
 20
-41.476802501088436
 10
21.943318741449854
 20
-41.56945472693209
 10
21.75801428976254
 20
-41.56945472693209
 10
21.66536206391888
 20
-41.66210695277575
 10
21.572709838075223
 20
-41.75475917861941
 10
21.387405386387904
 20
-41.75475917861941
 10
21.294753160544246
 20
-41.84741140446307
 10
21.20210093470059
 20
-41.94006363030673
 10
21.016796483013273
 20
-41.94006363030673
 10
20.924144257169612
 20
-42.03271585615039
 10
20.831492031325954
 20
-42.12536808199405
 10
20.738839805482296
 20
-42.218020307837705
 10
20.64618757963864
 20
-42.31067253368136
 10
20.460883127951323
 20
-42.31067253368136
 10
20.368230902107666
 20
-42.40332475952502
 10
20.275578676264004
 20
-42.49597698536868
 10
20.09027422457669
 20
-42.49597698536868
 10
19.99762199873303
 20
-42.588629211212336
 10
19.904969772889373
 20
-42.68128143705599
 10
19.719665321202054
 20
-42.68128143705599
 10
19.627013095358397
 20
-42.77393366289965
 10
19.53436086951474
 20
-42.86658588874331
 10
19.349056417827423
 20
-42.86658588874331
 10
19.256404191983766
 20
-42.95923811458697
 10
19.163751966140104
 20
-43.05189034043063
 10
18.97844751445279
 20
-43.05189034043063
 10
18.88579528860913
 20
-43.14454256627429
 10
18.793143062765473
 20
-43.23719479211795
 10
18.607838611078154
 20
-43.23719479211795
 10
18.515186385234497
 20
-43.329847017961605
 10
18.42253415939084
 20
-43.42249924380526
 10
18.237229707703523
 20
-43.42249924380526
 10
18.144577481859866
 20
-43.51515146964892
 10
18.051925256016204
 20
-43.60780369549258
 10
17.86662080432889
 20
-43.60780369549258
 10
17.77396857848523
 20
-43.700455921336236
 10
17.681316352641574
 20
-43.79310814717989
 10
17.496011900954255
 20
-43.79310814717989
 10
17.403359675110597
 20
-43.88576037302355
 10
17.31070744926694
 20
-43.97841259886721
 10
17.125402997579624
 20
-43.97841259886721
 10
16.940098545892305
 20
-43.97841259886721
 10
16.847446320048647
 20
-44.07106482471087
 10
16.75479409420499
 20
-44.16371705055453
 10
16.569489642517674
 20
-44.16371705055453
 10
16.476837416674016
 20
-44.25636927639819
 10
16.384185190830355
 20
-44.34902150224185
 10
16.19888073914304
 20
-44.34902150224185
 10
16.10622851329938
 20
-44.441673728085505
 10
16.013576287455724
 20
-44.53432595392916
 10
15.828271835768406
 20
-44.53432595392916
 10
15.64296738408109
 20
-44.53432595392916
 10
15.550315158237431
 20
-44.62697817977282
 10
15.457662932393774
 20
-44.71963040561648
 10
15.272358480706457
 20
-44.71963040561648
 10
15.179706254862799
 20
-44.812282631460135
 10
15.08705402901914
 20
-44.90493485730379
 10
14.901749577331824
 20
-44.90493485730379
 10
14.716445125644507
 20
-44.90493485730379
 10
14.623792899800849
 20
-44.99758708314745
 10
14.53114067395719
 20
-45.09023930899111
 10
14.345836222269874
 20
-45.09023930899111
 10
14.160531770582557
 20
-45.09023930899111
 10
14.067879544738899
 20
-45.182891534834766
 10
13.97522731889524
 20
-45.27554376067843
 10
13.789922867207924
 20
-45.27554376067843
 10
13.697270641364264
 20
-45.36819598652209
 10
13.604618415520607
 20
-45.46084821236575
 10
13.41931396383329
 20
-45.46084821236575
 10
13.234009512145974
 20
-45.46084821236575
 10
13.141357286302314
 20
-45.553500438209404
 10
13.048705060458657
 20
-45.64615266405306
 10
12.86340060877134
 20
-45.64615266405306
 10
12.678096157084024
 20
-45.64615266405306
 10
12.585443931240365
 20
-45.553500438209404
 10
12.492791705396707
 20
-45.46084821236575
 10
12.400139479553049
 20
-45.36819598652209
 10
12.400139479553049
 20
-45.182891534834766
 10
12.30748725370939
 20
-45.09023930899111
 10
12.214835027865732
 20
-44.99758708314745
 10
12.214835027865732
 20
-44.812282631460135
 10
12.214835027865732
 20
-44.62697817977282
 10
12.122182802022074
 20
-44.53432595392916
 10
12.029530576178415
 20
-44.441673728085505
 10
12.029530576178415
 20
-44.25636927639819
 10
11.936878350334757
 20
-44.16371705055453
 10
11.8442261244911
 20
-44.07106482471087
 10
11.751573898647441
 20
-43.97841259886721
 10
11.658921672803782
 20
-43.88576037302355
 10
11.658921672803782
 20
-43.700455921336236
 10
11.566269446960124
 20
-43.60780369549258
 10
11.473617221116466
 20
-43.51515146964892
 10
11.473617221116466
 20
-43.329847017961605
 10
11.380964995272807
 20
-43.23719479211795
 10
11.28831276942915
 20
-43.14454256627429
 10
11.28831276942915
 20
-42.95923811458697
 10
11.195660543585491
 20
-42.86658588874331
 10
11.103008317741832
 20
-42.77393366289965
 10
11.010356091898174
 20
-42.68128143705599
 10
10.917703866054516
 20
-42.588629211212336
 10
10.917703866054516
 20
-42.40332475952502
 10
10.825051640210857
 20
-42.31067253368136
 10
10.7323994143672
 20
-42.218020307837705
 10
10.639747188523542
 20
-42.12536808199405
 10
10.547094962679882
 20
-42.03271585615039
 10
10.454442736836224
 20
-41.94006363030673
 10
10.361790510992567
 20
-41.84741140446307
 10
10.361790510992567
 20
-41.66210695277575
 10
10.269138285148907
 20
-41.56945472693209
 10
10.17648605930525
 20
-41.476802501088436
 10
10.083833833461592
 20
-41.38415027524478
 10
9.991181607617932
 20
-41.29149804940112
 10
9.898529381774274
 20
-41.19884582355746
 10
9.805877155930617
 20
-41.106193597713805
 10
9.713224930086957
 20
-41.01354137187015
 10
9.6205727042433
 20
-40.92088914602649
 10
9.527920478399642
 20
-40.82823692018283
 10
9.435268252555982
 20
-40.735584694339174
 10
9.342616026712324
 20
-40.64293246849551
 10
9.249963800868667
 20
-40.55028024265185
 10
9.157311575025007
 20
-40.457628016808194
 10
9.06465934918135
 20
-40.364975790964536
 10
8.972007123337692
 20
-40.27232356512088
 10
8.879354897494032
 20
-40.17967133927722
 10
8.786702671650374
 20
-40.08701911343356
 10
8.601398219963057
 20
-40.08701911343356
 10
8.5087459941194
 20
-39.994366887589905
 10
8.416093768275742
 20
-39.90171466174625
 10
8.323441542432082
 20
-39.80906243590259
 10
8.230789316588424
 20
-39.71641021005893
 10
8.045484864901107
 20
-39.71641021005893
 10
7.9528326390574495
 20
-39.623757984215274
 10
7.860180413213791
 20
-39.53110575837161
 10
7.767528187370133
 20
-39.43845353252795
 10
7.6748759615264746
 20
-39.345801306684294
 10
7.489571509839158
 20
-39.345801306684294
 10
7.3969192839955
 20
-39.253149080840636
 10
7.304267058151842
 20
-39.16049685499698
 10
7.118962606464525
 20
-39.16049685499698
 10
7.026310380620867
 20
-39.06784462915332
 10
6.933658154777208
 20
-38.97519240330966
 10
6.748353703089892
 20
-38.97519240330966
 10
6.563049251402575
 20
-38.97519240330966
 10
6.470397025558917
 20
-38.882540177466005
 10
6.377744799715258
 20
-38.78988795162235
 10
6.192440348027942
 20
-38.78988795162235
 10
6.007135896340625
 20
-38.78988795162235
 10
5.914483670496967
 20
-38.69723572577869
 10
5.821831444653308
 20
-38.60458349993503
 10
5.636526992965992
 20
-38.60458349993503
 10
5.451222541278675
 20
-38.60458349993503
 10
5.265918089591358
 20
-38.60458349993503
 10
5.080613637904042
 20
-38.60458349993503
 10
4.9879614120603835
 20
-38.511931274091374
 10
4.895309186216725
 20
-38.41927904824771
 10
4.7100047345294085
 20
-38.41927904824771
 10
4.524700282842092
 20
-38.41927904824771
 10
4.339395831154776
 20
-38.41927904824771
 10
4.1540913794674585
 20
-38.41927904824771
 10
3.968786927780142
 20
-38.41927904824771
 10
3.7834824760928254
 20
-38.41927904824771
 10
3.598178024405509
 20
-38.41927904824771
 10
3.5055257985618504
 20
-38.32662682240405
 10
3.4128735727181922
 20
-38.233974596560394
 10
3.2275691210308755
 20
-38.233974596560394
 10
3.042264669343559
 20
-38.233974596560394
 10
2.8569602176562423
 20
-38.233974596560394
 10
2.6716557659689255
 20
-38.233974596560394
 10
2.486351314281609
 20
-38.233974596560394
 10
2.3010468625942924
 20
-38.233974596560394
 10
2.115742410906976
 20
-38.233974596560394
 10
1.9304379592196592
 20
-38.233974596560394
 10
1.7451335075323426
 20
-38.233974596560394
 10
1.5598290558450258
 20
-38.233974596560394
 10
1.3745246041577093
 20
-38.233974596560394
 10
1.1892201524703927
 20
-38.233974596560394
 10
1.0039157007830761
 20
-38.233974596560394
 10
0.8186112490957594
 20
-38.233974596560394
 10
0.6333067974084428
 20
-38.233974596560394
 10
0.4480023457211261
 20
-38.233974596560394
 10
0.2626978940338095
 20
-38.233974596560394
 10
0.07739344234649288
 20
-38.233974596560394
 10
-0.10791100934082375
 20
-38.233974596560394
 10
-0.2932154610281404
 20
-38.233974596560394
 10
-0.478519912715457
 20
-38.233974596560394
 10
-0.6638243644027736
 20
-38.233974596560394
 10
-0.8491288160900903
 20
-38.233974596560394
 10
-1.0344332677774069
 20
-38.233974596560394
 10
-1.2197377194647234
 20
-38.233974596560394
 10
-1.4050421711520402
 20
-38.233974596560394
 10
-1.5903466228393568
 20
-38.233974596560394
 10
-1.7756510745266734
 20
-38.233974596560394
 10
-1.96095552621399
 20
-38.233974596560394
 10
-2.1462599779013067
 20
-38.233974596560394
 10
-2.331564429588623
 20
-38.233974596560394
 10
-2.51686888127594
 20
-38.233974596560394
 10
-2.7021733329632567
 20
-38.233974596560394
 10
-2.887477784650573
 20
-38.233974596560394
 10
-3.07278223633789
 20
-38.233974596560394
 10
-3.2580866880252066
 20
-38.233974596560394
 10
-3.443391139712523
 20
-38.233974596560394
 10
-3.6286955913998398
 20
-38.233974596560394
 10
-3.814000043087156
 20
-38.233974596560394
 10
-3.999304494774473
 20
-38.233974596560394
 10
-4.18460894646179
 20
-38.233974596560394
 10
-4.369913398149106
 20
-38.233974596560394
 10
-4.555217849836422
 20
-38.233974596560394
 10
-4.74052230152374
 20
-38.233974596560394
 10
-4.925826753211056
 20
-38.233974596560394
 10
-5.111131204898372
 20
-38.233974596560394
 10
-5.29643565658569
 20
-38.233974596560394
 10
-5.481740108273006
 20
-38.233974596560394
 10
-5.667044559960322
 20
-38.233974596560394
 10
-5.8523490116476395
 20
-38.233974596560394
 10
-6.037653463334956
 20
-38.233974596560394
 10
-6.222957915022272
 20
-38.233974596560394
 10
-6.4082623667095895
 20
-38.233974596560394
 10
-6.593566818396906
 20
-38.233974596560394
 10
-6.778871270084222
 20
-38.233974596560394
 10
-6.964175721771539
 20
-38.233974596560394
 10
-7.149480173458856
 20
-38.233974596560394
 10
-7.334784625146172
 20
-38.233974596560394
 10
-7.5200890768334885
 20
-38.233974596560394
 10
-7.612741302677147
 20
-38.32662682240405
 10
-7.705393528520806
 20
-38.41927904824771
 10
-7.890697980208122
 20
-38.41927904824771
 10
-8.07600243189544
 20
-38.41927904824771
 10
-8.261306883582755
 20
-38.41927904824771
 10
-8.446611335270072
 20
-38.41927904824771
 10
-8.63191578695739
 20
-38.41927904824771
 10
-8.817220238644705
 20
-38.41927904824771
 10
-9.002524690332022
 20
-38.41927904824771
 10
-9.18782914201934
 20
-38.41927904824771
 10
-9.280481367862997
 20
-38.511931274091374
 10
-9.373133593706655
 20
-38.60458349993503
 10
-9.558438045393972
 20
-38.60458349993503
 10
-9.74374249708129
 20
-38.60458349993503
 10
-9.929046948768605
 20
-38.60458349993503
 10
-10.021699174612264
 20
-38.69723572577869
 10
-10.114351400455922
 20
-38.78988795162235
 10
-10.299655852143239
 20
-38.78988795162235
 10
-10.484960303830555
 20
-38.78988795162235
 10
-10.577612529674214
 20
-38.882540177466005
 10
-10.670264755517872
 20
-38.97519240330966
 10
-10.855569207205189
 20
-38.97519240330966
 10
-10.948221433048847
 20
-39.06784462915332
 10
-11.040873658892504
 20
-39.16049685499698
 10
-11.133525884736164
 20
-39.253149080840636
 10
-11.226178110579822
 20
-39.345801306684294
 10
-11.31883033642348
 20
-39.43845353252795
 10
-11.411482562267139
 20
-39.53110575837161
 10
-11.504134788110797
 20
-39.623757984215274
 10
-11.596787013954454
 20
-39.71641021005893
 10
-11.689439239798114
 20
-39.80906243590259
 10
-11.782091465641772
 20
-39.90171466174625
 10
-11.87474369148543
 20
-39.994366887589905
 10
-11.87474369148543
 20
-40.17967133927722
 10
-11.967395917329087
 20
-40.27232356512088
 10
-12.060048143172747
 20
-40.364975790964536
 10
-12.060048143172747
 20
-40.55028024265185
 10
-12.152700369016404
 20
-40.64293246849551
 10
-12.245352594860062
 20
-40.735584694339174
 10
-12.245352594860062
 20
-40.92088914602649
 10
-12.245352594860062
 20
-41.106193597713805
 10
-12.338004820703722
 20
-41.19884582355746
 10
-12.43065704654738
 20
-41.29149804940112
 10
-12.43065704654738
 20
-41.476802501088436
 10
-12.43065704654738
 20
-41.66210695277575
 10
-12.43065704654738
 20
-41.84741140446307
 10
-12.523309272391037
 20
-41.94006363030673
 10
-12.615961498234697
 20
-42.03271585615039
 10
-12.615961498234697
 20
-42.218020307837705
 10
-12.615961498234697
 20
-42.40332475952502
 10
-12.615961498234697
 20
-42.588629211212336
 10
-12.708613724078354
 20
-42.68128143705599
 10
-12.801265949922012
 20
-42.77393366289965
 10
-12.801265949922012
 20
-42.95923811458697
 10
-12.801265949922012
 20
-43.14454256627429
 10
-12.801265949922012
 20
-43.329847017961605
 10
-12.801265949922012
 20
-43.51515146964892
 10
-12.801265949922012
 20
-43.700455921336236
 10
-12.893918175765672
 20
-43.79310814717989
 10
-12.98657040160933
 20
-43.88576037302355
 10
-12.98657040160933
 20
-44.07106482471087
 10
-12.98657040160933
 20
-44.25636927639819
 10
-12.98657040160933
 20
-44.441673728085505
 10
-12.98657040160933
 20
-44.62697817977282
 10
-13.079222627452987
 20
-44.71963040561648
 10
-13.171874853296647
 20
-44.812282631460135
 10
-13.171874853296647
 20
-44.99758708314745
 10
-13.171874853296647
 20
-45.182891534834766
 10
-13.171874853296647
 20
-45.36819598652209
 10
-13.171874853296647
 20
-45.553500438209404
 10
-13.264527079140304
 20
-45.64615266405306
 10
-13.357179304983962
 20
-45.73880488989672
 10
-13.357179304983962
 20
-45.924109341584035
 10
-13.357179304983962
 20
-46.10941379327135
 10
-13.357179304983962
 20
-46.294718244958666
 10
-13.449831530827622
 20
-46.38737047080233
  0
LWPOLYLINE
  5
31
330
17
100
AcDbEntity
  8
0
 62
5
100
AcDbPolyline
 90
653
 70
1
 10
-27.996230988281976
 20
11.705575133171436
 10
-27.90357876243832
 20
11.798227359015094
 10
-27.718274310751003
 20
11.798227359015094
 10
-27.532969859063684
 20
11.798227359015094
 10
-27.440317633220026
 20
11.890879584858752
 10
-27.34766540737637
 20
11.983531810702411
 10
-27.162360955689053
 20
11.983531810702411
 10
-26.977056504001734
 20
11.983531810702411
 10
-26.884404278158076
 20
12.076184036546069
 10
-26.79175205231442
 20
12.168836262389727
 10
-26.606447600627103
 20
12.168836262389727
 10
-26.513795374783445
 20
12.261488488233386
 10
-26.421143148939784
 20
12.354140714077044
 10
-26.23583869725247
 20
12.354140714077044
 10
-26.14318647140881
 20
12.446792939920702
 10
-26.050534245565153
 20
12.539445165764361
 10
-25.865229793877834
 20
12.539445165764361
 10
-25.67992534219052
 20
12.539445165764361
 10
-25.58727311634686
 20
12.632097391608019
 10
-25.494620890503203
 20
12.724749617451677
 10
-25.309316438815884
 20
12.724749617451677
 10
-25.216664212972226
 20
12.817401843295336
 10
-25.12401198712857
 20
12.910054069138994
 10
-24.938707535441253
 20
12.910054069138994
 10
-24.753403083753934
 20
12.910054069138994
 10
-24.660750857910276
 20
13.002706294982652
 10
-24.56809863206662
 20
13.095358520826311
 10
-24.382794180379303
 20
13.095358520826311
 10
-24.197489728691984
 20
13.095358520826311
 10
-24.01218527700467
 20
13.095358520826311
 10
-23.91953305116101
 20
13.188010746669969
 10
-23.826880825317353
 20
13.280662972513626
 10
-23.641576373630034
 20
13.280662972513626
 10
-23.45627192194272
 20
13.280662972513626
 10
-23.270967470255403
 20
13.280662972513626
 10
-23.085663018568084
 20
13.280662972513626
 10
-22.90035856688077
 20
13.280662972513626
 10
-22.80770634103711
 20
13.373315198357286
 10
-22.715054115193453
 20
13.465967424200944
 10
-22.529749663506134
 20
13.465967424200944
 10
-22.34444521181882
 20
13.465967424200944
 10
-22.159140760131503
 20
13.465967424200944
 10
-21.973836308444184
 20
13.465967424200944
 10
-21.78853185675687
 20
13.465967424200944
 10
-21.603227405069553
 20
13.465967424200944
 10
-21.417922953382234
 20
13.465967424200944
 10
-21.23261850169492
 20
13.465967424200944
 10
-21.047314050007603
 20
13.465967424200944
 10
-20.862009598320284
 20
13.465967424200944
 10
-20.67670514663297
 20
13.465967424200944
 10
-20.491400694945654
 20
13.465967424200944
 10
-20.306096243258338
 20
13.465967424200944
 10
-20.12079179157102
 20
13.465967424200944
 10
-19.935487339883704
 20
13.465967424200944
 10
-19.750182888196388
 20
13.465967424200944
 10
-19.56487843650907
 20
13.465967424200944
 10
-19.379573984821754
 20
13.465967424200944
 10
-19.194269533134438
 20
13.465967424200944
 10
-19.00896508144712
 20
13.465967424200944
 10
-18.823660629759804
 20
13.465967424200944
 10
-18.63835617807249
 20
13.465967424200944
 10
-18.45305172638517
 20
13.465967424200944
 10
-18.267747274697854
 20
13.465967424200944
 10
-18.08244282301054
 20
13.465967424200944
 10
-17.89713837132322
 20
13.465967424200944
 10
-17.80448614547956
 20
13.558619650044601
 10
-17.711833919635904
 20
13.651271875888261
 10
-17.52652946794859
 20
13.651271875888261
 10
-17.34122501626127
 20
13.651271875888261
 10
-17.155920564573954
 20
13.651271875888261
 10
-16.97061611288664
 20
13.651271875888261
 10
-16.877963887042977
 20
13.743924101731919
 10
-16.78531166119932
 20
13.836576327575576
 10
-16.600007209512004
 20
13.836576327575576
 10
-16.41470275782469
 20
13.836576327575576
 10
-16.22939830613737
 20
13.836576327575576
 10
-16.13674608029371
 20
13.929228553419236
 10
-16.044093854450054
 20
14.021880779262894
 10
-15.858789402762737
 20
14.021880779262894
 10
-15.673484951075421
 20
14.021880779262894
 10
-15.580832725231762
 20
14.114533005106551
 10
-15.488180499388104
 20
14.207185230950211
 10
-15.302876047700787
 20
14.207185230950211
 10
-15.117571596013471
 20
14.207185230950211
 10
-15.024919370169812
 20
14.299837456793869
 10
-14.932267144326154
 20
14.392489682637526
 10
-14.746962692638837
 20
14.392489682637526
 10
-14.561658240951521
 20
14.392489682637526
 10
-14.469006015107862
 20
14.485141908481186
 10
-14.376353789264204
 20
14.577794134324844
 10
-14.191049337576887
 20
14.577794134324844
 10
-14.005744885889571
 20
14.577794134324844
 10
-13.913092660045912
 20
14.670446360168501
 10
-13.820440434202254
 20
14.763098586012159
 10
-13.635135982514937
 20
14.763098586012159
 10
-13.54248375667128
 20
14.855750811855819
 10
-13.449831530827622
 20
14.948403037699476
 10
-13.264527079140304
 20
14.948403037699476
 10
-13.079222627452987
 20
14.948403037699476
 10
-12.98657040160933
 20
15.041055263543134
 10
-12.893918175765672
 20
15.133707489386794
 10
-12.708613724078354
 20
15.133707489386794
 10
-12.523309272391037
 20
15.133707489386794
 10
-12.43065704654738
 20
15.226359715230451
 10
-12.338004820703722
 20
15.319011941074109
 10
-12.152700369016404
 20
15.319011941074109
 10
-11.967395917329087
 20
15.319011941074109
 10
-11.87474369148543
 20
15.411664166917769
 10
-11.782091465641772
 20
15.504316392761426
 10
-11.596787013954454
 20
15.504316392761426
 10
-11.504134788110797
 20
15.596968618605084
 10
-11.411482562267139
 20
15.689620844448743
 10
-11.226178110579822
 20
15.689620844448743
 10
-11.040873658892504
 20
15.689620844448743
 10
-10.948221433048847
 20
15.782273070292401
 10
-10.855569207205189
 20
15.874925296136059
 10
-10.670264755517872
 20
15.874925296136059
 10
-10.484960303830555
 20
15.874925296136059
 10
-10.392308077986897
 20
15.967577521979718
 10
-10.299655852143239
 20
16.060229747823378
 10
-10.114351400455922
 20
16.060229747823378
 10
-9.929046948768605
 20
16.060229747823378
 10
-9.836394722924947
 20
16.152881973667036
 10
-9.74374249708129
 20
16.245534199510693
 10
-9.558438045393972
 20
16.245534199510693
 10
-9.373133593706655
 20
16.245534199510693
 10
-9.280481367862997
 20
16.33818642535435
 10
-9.18782914201934
 20
16.43083865119801
 10
-9.002524690332022
 20
16.43083865119801
 10
-8.817220238644705
 20
16.43083865119801
 10
-8.724568012801047
 20
16.523490877041667
 10
-8.63191578695739
 20
16.616143102885328
 10
-8.446611335270072
 20
16.616143102885328
 10
-8.261306883582755
 20
16.616143102885328
 10
-8.168654657739097
 20
16.708795328728986
 10
-8.07600243189544
 20
16.801447554572643
 10
-7.890697980208122
 20
16.801447554572643
 10
-7.705393528520806
 20
16.801447554572643
 10
-7.612741302677147
 20
16.8940997804163
 10
-7.5200890768334885
 20
16.98675200625996
 10
-7.334784625146172
 20
16.98675200625996
 10
-7.149480173458856
 20
16.98675200625996
 10
-7.056827947615197
 20
17.079404232103617
 10
-6.964175721771539
 20
17.172056457947278
 10
-6.778871270084222
 20
17.172056457947278
 10
-6.6862190442405645
 20
17.264708683790936
 10
-6.593566818396906
 20
17.357360909634593
 10
-6.4082623667095895
 20
17.357360909634593
 10
-6.222957915022272
 20
17.357360909634593
 10
-6.1303056891786145
 20
17.45001313547825
 10
-6.037653463334956
 20
17.54266536132191
 10
-5.8523490116476395
 20
17.54266536132191
 10
-5.759696785803981
 20
17.635317587165567
 10
-5.667044559960322
 20
17.727969813009224
 10
-5.481740108273006
 20
17.727969813009224
 10
-5.389087882429347
 20
17.820622038852886
 10
-5.29643565658569
 20
17.913274264696543
 10
-5.203783430742031
 20
18.0059264905402
 10
-5.111131204898372
 20
18.09857871638386
 10
-4.925826753211056
 20
18.09857871638386
 10
-4.833174527367397
 20
18.191230942227516
 10
-4.74052230152374
 20
18.283883168071174
 10
-4.647870075680081
 20
18.376535393914835
 10
-4.555217849836422
 20
18.469187619758493
 10
-4.462565623992765
 20
18.56183984560215
 10
-4.369913398149106
 20
18.65449207144581
 10
-4.277261172305448
 20
18.747144297289466
 10
-4.18460894646179
 20
18.839796523133124
 10
-4.091956720618131
 20
18.932448748976785
 10
-3.999304494774473
 20
19.025100974820443
 10
-3.9066522689308147
 20
19.1177532006641
 10
-3.9066522689308147
 20
19.303057652351416
 10
-3.814000043087156
 20
19.395709878195074
 10
-3.721347817243498
 20
19.488362104038735
 10
-3.721347817243498
 20
19.67366655572605
 10
-3.721347817243498
 20
19.858971007413366
 10
-3.721347817243498
 20
20.044275459100685
 10
-3.721347817243498
 20
20.229579910788
 10
-3.721347817243498
 20
20.414884362475316
 10
-3.721347817243498
 20
20.600188814162635
 10
-3.814000043087156
 20
20.692841040006293
 10
-3.9066522689308147
 20
20.78549326584995
 10
-3.999304494774473
 20
20.87814549169361
 10
-4.091956720618131
 20
20.970797717537266
 10
-4.091956720618131
 20
21.156102169224585
 10
-4.18460894646179
 20
21.248754395068243
 10
-4.277261172305448
 20
21.3414066209119
 10
-4.369913398149106
 20
21.43405884675556
 10
-4.462565623992765
 20
21.526711072599216
 10
-4.555217849836422
 20
21.619363298442874
 10
-4.647870075680081
 20
21.712015524286535
 10
-4.74052230152374
 20
21.804667750130193
 10
-4.833174527367397
 20
21.89731997597385
 10
-4.925826753211056
 20
21.98997220181751
 10
-5.111131204898372
 20
21.98997220181751
 10
-5.203783430742031
 20
22.082624427661166
 10
-5.29643565658569
 20
22.175276653504824
 10
-5.389087882429347
 20
22.267928879348485
 10
-5.481740108273006
 20
22.360581105192143
 10
-5.574392334116665
 20
22.4532333310358
 10
-5.667044559960322
 20
22.54588555687946
 10
-5.8523490116476395
 20
22.54588555687946
 10
-5.945001237491297
 20
22.638537782723116
 10
-6.037653463334956
 20
22.731190008566774
 10
-6.222957915022272
 20
22.731190008566774
 10
-6.315610140865931
 20
22.823842234410435
 10
-6.4082623667095895
 20
22.916494460254093
 10
-6.500914592553247
 20
23.00914668609775
 10
-6.593566818396906
 20
23.101798911941408
 10
-6.778871270084222
 20
23.101798911941408
 10
-6.871523495927881
 20
23.194451137785066
 10
-6.964175721771539
 20
23.287103363628724
 10
-7.149480173458856
 20
23.287103363628724
 10
-7.242132399302514
 20
23.379755589472385
 10
-7.334784625146172
 20
23.472407815316043
 10
-7.5200890768334885
 20
23.472407815316043
 10
-7.612741302677147
 20
23.5650600411597
 10
-7.705393528520806
 20
23.657712267003358
 10
-7.890697980208122
 20
23.657712267003358
 10
-8.07600243189544
 20
23.657712267003358
 10
-8.168654657739097
 20
23.750364492847016
 10
-8.261306883582755
 20
23.843016718690674
 10
-8.446611335270072
 20
23.843016718690674
 10
-8.63191578695739
 20
23.843016718690674
 10
-8.724568012801047
 20
23.93566894453433
 10
-8.817220238644705
 20
24.028321170377993
 10
-9.002524690332022
 20
24.028321170377993
 10
-9.18782914201934
 20
24.028321170377993
 10
-9.280481367862997
 20
24.12097339622165
 10
-9.373133593706655
 20
24.213625622065308
 10
-9.558438045393972
 20
24.213625622065308
 10
-9.74374249708129
 20
24.213625622065308
 10
-9.929046948768605
 20
24.213625622065308
 10
-10.021699174612264
 20
24.306277847908966
 10
-10.114351400455922
 20
24.398930073752624
 10
-10.299655852143239
 20
24.398930073752624
 10
-10.484960303830555
 20
24.398930073752624
 10
-10.670264755517872
 20
24.398930073752624
 10
-10.855569207205189
 20
24.398930073752624
 10
-11.040873658892504
 20
24.398930073752624
 10
-11.133525884736164
 20
24.49158229959628
 10
-11.226178110579822
 20
24.584234525439943
 10
-11.411482562267139
 20
24.584234525439943
 10
-11.596787013954454
 20
24.584234525439943
 10
-11.782091465641772
 20
24.584234525439943
 10
-11.967395917329087
 20
24.584234525439943
 10
-12.152700369016404
 20
24.584234525439943
 10
-12.338004820703722
 20
24.584234525439943
 10
-12.523309272391037
 20
24.584234525439943
 10
-12.708613724078354
 20
24.584234525439943
 10
-12.893918175765672
 20
24.584234525439943
 10
-13.079222627452987
 20
24.584234525439943
 10
-13.264527079140304
 20
24.584234525439943
 10
-13.449831530827622
 20
24.584234525439943
 10
-13.635135982514937
 20
24.584234525439943
 10
-13.820440434202254
 20
24.584234525439943
 10
-14.005744885889571
 20
24.584234525439943
 10
-14.191049337576887
 20
24.584234525439943
 10
-14.376353789264204
 20
24.584234525439943
 10
-14.561658240951521
 20
24.584234525439943
 10
-14.746962692638837
 20
24.584234525439943
 10
-14.932267144326154
 20
24.584234525439943
 10
-15.117571596013471
 20
24.584234525439943
 10
-15.302876047700787
 20
24.584234525439943
 10
-15.395528273544446
 20
24.49158229959628
 10
-15.488180499388104
 20
24.398930073752624
 10
-15.673484951075421
 20
24.398930073752624
 10
-15.858789402762737
 20
24.398930073752624
 10
-16.044093854450054
 20
24.398930073752624
 10
-16.22939830613737
 20
24.398930073752624
 10
-16.41470275782469
 20
24.398930073752624
 10
-16.600007209512004
 20
24.398930073752624
 10
-16.78531166119932
 20
24.398930073752624
 10
-16.877963887042977
 20
24.306277847908966
 10
-16.97061611288664
 20
24.213625622065308
 10
-17.155920564573954
 20
24.213625622065308
 10
-17.34122501626127
 20
24.213625622065308
 10
-17.52652946794859
 20
24.213625622065308
 10
-17.711833919635904
 20
24.213625622065308
 10
-17.89713837132322
 20
24.213625622065308
 10
-17.989790597166877
 20
24.12097339622165
 10
-18.08244282301054
 20
24.028321170377993
 10
-18.267747274697854
 20
24.028321170377993
 10
-18.45305172638517
 20
24.028321170377993
 10
-18.63835617807249
 20
24.028321170377993
 10
-18.823660629759804
 20
24.028321170377993
 10
-19.00896508144712
 20
24.028321170377993
 10
-19.101617307290777
 20
23.93566894453433
 10
-19.194269533134438
 20
23.843016718690674
 10
-19.379573984821754
 20
23.843016718690674
 10
-19.56487843650907
 20
23.843016718690674
 10
-19.750182888196388
 20
23.843016718690674
 10
-19.935487339883704
 20
23.843016718690674
 10
-20.12079179157102
 20
23.843016718690674
 10
-20.306096243258338
 20
23.843016718690674
 10
-20.398748469101996
 20
23.750364492847016
 10
-20.491400694945654
 20
23.657712267003358
 10
-20.67670514663297
 20
23.657712267003358
 10
-20.862009598320284
 20
23.657712267003358
 10
-21.047314050007603
 20
23.657712267003358
 10
-21.23261850169492
 20
23.657712267003358
 10
-21.417922953382234
 20
23.657712267003358
 10
-21.603227405069553
 20
23.657712267003358
 10
-21.78853185675687
 20
23.657712267003358
 10
-21.973836308444184
 20
23.657712267003358
 10
-22.159140760131503
 20
23.657712267003358
 10
-22.25179298597516
 20
23.5650600411597
 10
-22.34444521181882
 20
23.472407815316043
 10
-22.529749663506134
 20
23.472407815316043
 10
-22.715054115193453
 20
23.472407815316043
 10
-22.90035856688077
 20
23.472407815316043
 10
-22.993010792724426
 20
23.5650600411597
 10
-23.085663018568084
 20
23.657712267003358
 10
-23.270967470255403
 20
23.657712267003358
 10
-23.45627192194272
 20
23.657712267003358
 10
-23.641576373630034
 20
23.657712267003358
 10
-23.826880825317353
 20
23.657712267003358
 10
-24.01218527700467
 20
23.657712267003358
 10
-24.197489728691984
 20
23.657712267003358
 10
-24.382794180379303
 20
23.657712267003358
 10
-24.47544640622296
 20
23.750364492847016
 10
-24.56809863206662
 20
23.843016718690674
 10
-24.753403083753934
 20
23.843016718690674
 10
-24.938707535441253
 20
23.843016718690674
 10
-25.12401198712857
 20
23.843016718690674
 10
-25.216664212972226
 20
23.93566894453433
 10
-25.309316438815884
 20
24.028321170377993
 10
-25.494620890503203
 20
24.028321170377993
 10
-25.58727311634686
 20
24.12097339622165
 10
-25.67992534219052
 20
24.213625622065308
 10
-25.865229793877834
 20
24.213625622065308
 10
-26.050534245565153
 20
24.213625622065308
 10
-26.14318647140881
 20
24.306277847908966
 10
-26.23583869725247
 20
24.398930073752624
 10
-26.328490923096126
 20
24.49158229959628
 10
-26.421143148939784
 20
24.584234525439943
 10
-26.606447600627103
 20
24.584234525439943
 10
-26.69909982647076
 20
24.6768867512836
 10
-26.79175205231442
 20
24.769538977127258
 10
-26.977056504001734
 20
24.769538977127258
 10
-27.06970872984539
 20
24.862191202970916
 10
-27.162360955689053
 20
24.954843428814574
 10
-27.25501318153271
 20
25.04749565465823
 10
-27.34766540737637
 20
25.140147880501893
 10
-27.440317633220026
 20
25.23280010634555
 10
-27.532969859063684
 20
25.325452332189208
 10
-27.62562208490734
 20
25.418104558032866
 10
-27.718274310751003
 20
25.510756783876523
 10
-27.81092653659466
 20
25.60340900972018
 10
-27.81092653659466
 20
25.7887134614075
 10
-27.90357876243832
 20
25.881365687251158
 10
-27.996230988281976
 20
25.974017913094816
 10
-28.088883214125634
 20
26.066670138938473
 10
-28.18153543996929
 20
26.15932236478213
 10
-28.18153543996929
 20
26.34462681646945
 10
-28.18153543996929
 20
26.529931268156766
 10
-28.274187665812953
 20
26.622583494000423
 10
-28.36683989165661
 20
26.71523571984408
 10
-28.36683989165661
 20
26.9005401715314
 10
-28.36683989165661
 20
27.085844623218716
 10
-28.36683989165661
 20
27.27114907490603
 10
-28.36683989165661
 20
27.45645352659335
 10
-28.36683989165661
 20
27.641757978280665
 10
-28.36683989165661
 20
27.82706242996798
 10
-28.36683989165661
 20
28.0123668816553
 10
-28.36683989165661
 20
28.197671333342615
 10
-28.36683989165661
 20
28.38297578502993
 10
-28.36683989165661
 20
28.56828023671725
 10
-28.36683989165661
 20
28.753584688404565
 10
-28.274187665812953
 20
28.846236914248223
 10
-28.18153543996929
 20
28.93888914009188
 10
-28.18153543996929
 20
29.1241935917792
 10
-28.18153543996929
 20
29.309498043466515
 10
-28.18153543996929
 20
29.49480249515383
 10
-28.088883214125634
 20
29.58745472099749
 10
-27.996230988281976
 20
29.68010694684115
 10
-27.996230988281976
 20
29.865411398528465
 10
-27.996230988281976
 20
30.05071585021578
 10
-27.996230988281976
 20
30.2360203019031
 10
-27.90357876243832
 20
30.328672527746757
 10
-27.81092653659466
 20
30.421324753590415
 10
-27.81092653659466
 20
30.60662920527773
 10
-27.81092653659466
 20
30.79193365696505
 10
-27.718274310751003
 20
30.884585882808707
 10
-27.62562208490734
 20
30.977238108652365
 10
-27.62562208490734
 20
31.16254256033968
 10
-27.62562208490734
 20
31.347847012027
 10
-27.532969859063684
 20
31.440499237870657
 10
-27.440317633220026
 20
31.533151463714315
 10
-27.440317633220026
 20
31.71845591540163
 10
-27.440317633220026
 20
31.90376036708895
 10
-27.34766540737637
 20
31.996412592932607
 10
-27.25501318153271
 20
32.089064818776265
 10
-27.25501318153271
 20
32.27436927046358
 10
-27.25501318153271
 20
32.459673722150896
 10
-27.162360955689053
 20
32.552325947994554
 10
-27.06970872984539
 20
32.64497817383821
 10
-27.06970872984539
 20
32.830282625525534
 10
-27.06970872984539
 20
33.01558707721285
 10
-26.977056504001734
 20
33.10823930305651
 10
-26.884404278158076
 20
33.200891528900165
 10
-26.884404278158076
 20
33.38619598058748
 10
-26.884404278158076
 20
33.571500432274796
 10
-26.79175205231442
 20
33.664152658118454
 10
-26.69909982647076
 20
33.75680488396211
 10
-26.69909982647076
 20
33.942109335649434
 10
-26.69909982647076
 20
34.12741378733675
 10
-26.606447600627103
 20
34.22006601318041
 10
-26.513795374783445
 20
34.312718239024065
 10
-26.513795374783445
 20
34.49802269071138
 10
-26.513795374783445
 20
34.683327142398696
 10
-26.513795374783445
 20
34.86863159408601
 10
-26.421143148939784
 20
34.961283819929676
 10
-26.328490923096126
 20
35.053936045773334
 10
-26.328490923096126
 20
35.23924049746065
 10
-26.328490923096126
 20
35.424544949147965
 10
-26.328490923096126
 20
35.60984940083528
 10
-26.328490923096126
 20
35.795153852522596
 10
-26.328490923096126
 20
35.98045830420991
 10
-26.328490923096126
 20
36.165762755897234
 10
-26.328490923096126
 20
36.35106720758455
 10
-26.328490923096126
 20
36.536371659271865
 10
-26.421143148939784
 20
36.536735001333994
 10
-26.606447600627103
 20
36.536735001333994
 10
-26.606810942689233
 20
36.536371659271865
 10
-26.79175205231442
 20
36.35143054964668
 10
-26.79211539437655
 20
36.35106720758455
 10
-26.977056504001734
 20
36.16612609795936
 10
-27.162360955689053
 20
36.16612609795936
 10
-27.162724297751183
 20
36.165762755897234
 10
-27.34766540737637
 20
35.98082164627205
 10
-27.348028749438498
 20
35.98045830420991
 10
-27.532969859063684
 20
35.79551719458473
 10
-27.718274310751003
 20
35.79551719458473
 10
-27.718637652813133
 20
35.795153852522596
 10
-27.90357876243832
 20
35.61021274289741
 10
-27.903942104500448
 20
35.60984940083528
 10
-28.088883214125634
 20
35.424908291210095
 10
-28.089246556187767
 20
35.424544949147965
 10
-28.274187665812953
 20
35.23960383952278
 10
-28.459492117500268
 20
35.23960383952278
 10
-28.459855459562398
 20
35.23924049746065
 10
-28.644796569187584
 20
35.054299387835464
 10
-28.645159911249717
 20
35.053936045773334
 10
-28.830101020874903
 20
34.86899493614815
 10
-28.830464362937033
 20
34.86863159408601
 10
-29.015405472562218
 20
34.68369048446083
 10
-29.200709924249534
 20
34.68369048446083
 10
-29.201073266311667
 20
34.683327142398696
 10
-29.386014375936853
 20
34.49838603277351
 10
-29.386377717998982
 20
34.49802269071138
 10
-29.571318827624168
 20
34.313081581086195
 10
-29.571682169686298
 20
34.312718239024065
 10
-29.756623279311484
 20
34.12777712939888
 10
-29.941927730998803
 20
34.12777712939888
 10
-29.942291073060932
 20
34.12741378733675
 10
-30.127232182686118
 20
33.942472677711564
 10
-30.127595524748248
 20
33.942109335649434
 10
-30.312536634373433
 20
33.75716822602425
 10
-30.312899976435567
 20
33.75680488396211
 10
-30.497841086060753
 20
33.57186377433693
 10
-30.498204428122882
 20
33.571500432274796
 10
-30.683145537748068
 20
33.38655932264961
 10
-30.868449989435383
 20
33.38655932264961
 10
-30.868813331497517
 20
33.38619598058748
 10
-31.053754441122702
 20
33.201254870962295
 10
-31.054117783184832
 20
33.200891528900165
 10
-31.239058892810018
 20
33.01595041927498
 10
-31.239422234872148
 20
33.01558707721285
 10
-31.424363344497333
 20
32.830645967587664
 10
-31.424726686559467
 20
32.830282625525534
 10
-31.609667796184652
 20
32.64534151590035
 10
-31.610031138246782
 20
32.64497817383821
 10
-31.794972247871968
 20
32.46003706421303
 10
-31.980276699559283
 20
32.46003706421303
 10
-31.980640041621417
 20
32.459673722150896
 10
-32.1655811512466
 20
32.27473261252571
 10
-32.165944493308736
 20
32.27436927046358
 10
-32.350885602933914
 20
32.089428160838395
 10
-32.35124894499605
 20
32.089064818776265
 10
-32.53619005462124
 20
31.90412370915108
 10
-32.53655339668337
 20
31.90376036708895
 10
-32.72149450630855
 20
31.718819257463764
 10
-32.72185784837068
 20
31.71845591540163
 10
-32.90679895799587
 20
31.533514805776445
 10
-32.907162300058
 20
31.533151463714315
 10
-33.09210340968318
 20
31.34821035408913
 10
-33.09246675174531
 20
31.347847012027
 10
-33.2774078613705
 20
31.162905902401814
 10
-33.27777120343263
 20
31.16254256033968
 10
-33.462712313057814
 20
30.977601450714495
 10
-33.46307565511995
 20
30.977238108652365
 10
-33.64801676474514
 20
30.79229699902718
 10
-33.64838010680727
 20
30.79193365696505
 10
-33.83332121643245
 20
30.606992547339864
 10
-33.83368455849458
 20
30.60662920527773
 10
-34.01862566811977
 20
30.421688095652545
 10
-34.0189890101819
 20
30.421324753590415
 10
-34.20393011980708
 20
30.23638364396523
 10
-34.20429346186921
 20
30.2360203019031
 10
-34.3892345714944
 20
30.051079192277914
 10
-34.38959791355653
 20
30.05071585021578
 10
-34.574539023181714
 20
29.8657747405906
 10
-34.57490236524385
 20
29.865411398528465
 10
-34.75984347486904
 20
29.68047028890328
 10
-34.760206816931166
 20
29.68010694684115
 10
-34.94514792655635
 20
29.495165837215964
 10
-34.94551126861848
 20
29.49480249515383
 10
-35.13045237824367
 20
29.30986138552865
 10
-35.1308157203058
 20
29.309498043466515
 10
-35.31575682993098
 20
29.12455693384133
 10
-35.31612017199311
 20
29.1241935917792
 10
-35.5010612816183
 20
28.939252482154014
 10
-35.50142462368043
 20
28.93888914009188
 10
-35.686365733305614
 20
28.7539480304667
 10
-35.68672907536775
 20
28.753584688404565
 10
-35.686365733305614
 20
28.660932462560908
 10
-35.593713507461956
 20
28.56828023671725
 10
-35.5010612816183
 20
28.475628010873592
 10
-35.40840905577464
 20
28.38297578502993
 10
-35.31575682993098
 20
28.290323559186273
 10
-35.223104604087325
 20
28.197671333342615
 10
-35.13045237824367
 20
28.105019107498958
 10
-35.03780015240001
 20
28.0123668816553
 10
-34.94514792655635
 20
27.919714655811642
 10
-34.852495700712694
 20
27.82706242996798
 10
-34.75984347486904
 20
27.734410204124323
 10
-34.66719124902537
 20
27.641757978280665
 10
-34.574539023181714
 20
27.549105752437008
 10
-34.481886797338056
 20
27.45645352659335
 10
-34.3892345714944
 20
27.363801300749692
 10
-34.29658234565074
 20
27.27114907490603
 10
-34.20393011980708
 20
27.178496849062373
 10
-34.111277893963425
 20
27.085844623218716
 10
-34.111277893963425
 20
26.9005401715314
 10
-34.01862566811977
 20
26.807887945687742
 10
-33.92597344227611
 20
26.71523571984408
 10
-33.83332121643245
 20
26.622583494000423
 10
-33.740668990588794
 20
26.529931268156766
 10
-33.64801676474514
 20
26.437279042313108
 10
-33.55536453890147
 20
26.34462681646945
 10
-33.462712313057814
 20
26.251974590625792
 10
-33.370060087214156
 20
26.15932236478213
 10
-33.370060087214156
 20
25.974017913094816
 10
-33.2774078613705
 20
25.881365687251158
 10
-33.18475563552684
 20
25.7887134614075
 10
-33.09210340968318
 20
25.696061235563842
 10
-32.999451183839525
 20
25.60340900972018
 10
-32.999451183839525
 20
25.418104558032866
 10
-32.90679895799587
 20
25.325452332189208
 10
-32.81414673215221
 20
25.23280010634555
 10
-32.81414673215221
 20
25.04749565465823
 10
-32.72149450630855
 20
24.954843428814574
 10
-32.628842280464895
 20
24.862191202970916
 10
-32.628842280464895
 20
24.6768867512836
 10
-32.628842280464895
 20
24.49158229959628
 10
-32.628842280464895
 20
24.306277847908966
 10
-32.53619005462124
 20
24.213625622065308
 10
-32.44353782877758
 20
24.12097339622165
 10
-32.44353782877758
 20
23.93566894453433
 10
-32.44353782877758
 20
23.750364492847016
 10
-32.44353782877758
 20
23.5650600411597
 10
-32.44353782877758
 20
23.379755589472385
 10
-32.44353782877758
 20
23.194451137785066
 10
-32.44353782877758
 20
23.00914668609775
 10
-32.44353782877758
 20
22.823842234410435
 10
-32.44353782877758
 20
22.638537782723116
 10
-32.44353782877758
 20
22.4532333310358
 10
-32.44353782877758
 20
22.267928879348485
 10
-32.44353782877758
 20
22.082624427661166
 10
-32.44353782877758
 20
21.89731997597385
 10
-32.44353782877758
 20
21.712015524286535
 10
-32.44353782877758
 20
21.526711072599216
 10
-32.44353782877758
 20
21.3414066209119
 10
-32.44353782877758
 20
21.156102169224585
 10
-32.44353782877758
 20
20.970797717537266
 10
-32.44353782877758
 20
20.78549326584995
 10
-32.44353782877758
 20
20.600188814162635
 10
-32.44353782877758
 20
20.414884362475316
 10
-32.44353782877758
 20
20.229579910788
 10
-32.44353782877758
 20
20.044275459100685
 10
-32.44353782877758
 20
19.858971007413366
 10
-32.44353782877758
 20
19.67366655572605
 10
-32.44353782877758
 20
19.488362104038735
 10
-32.44353782877758
 20
19.303057652351416
 10
-32.53619005462124
 20
19.21040542650776
 10
-32.628842280464895
 20
19.1177532006641
 10
-32.628842280464895
 20
18.932448748976785
 10
-32.628842280464895
 20
18.747144297289466
 10
-32.628842280464895
 20
18.56183984560215
 10
-32.628842280464895
 20
18.376535393914835
 10
-32.53619005462124
 20
18.283883168071174
 10
-32.44353782877758
 20
18.191230942227516
 10
-32.44353782877758
 20
18.0059264905402
 10
-32.44353782877758
 20
17.820622038852886
 10
-32.44353782877758
 20
17.635317587165567
 10
-32.44353782877758
 20
17.45001313547825
 10
-32.44353782877758
 20
17.264708683790936
 10
-32.44353782877758
 20
17.079404232103617
 10
-32.44353782877758
 20
16.8940997804163
 10
-32.44353782877758
 20
16.708795328728986
 10
-32.44353782877758
 20
16.523490877041667
 10
-32.44353782877758
 20
16.33818642535435
 10
-32.44353782877758
 20
16.152881973667036
 10
-32.350885602933914
 20
16.060229747823378
 10
-32.25823337709026
 20
15.967577521979718
 10
-32.25823337709026
 20
15.782273070292401
 10
-32.25823337709026
 20
15.596968618605084
 10
-32.25823337709026
 20
15.411664166917769
 10
-32.25823337709026
 20
15.226359715230451
 10
-32.1655811512466
 20
15.133707489386794
 10
-32.07292892540294
 20
15.041055263543134
 10
-32.07292892540294
 20
14.855750811855819
 10
-32.07292892540294
 20
14.670446360168501
 10
-31.980276699559283
 20
14.577794134324844
 10
-31.887624473715626
 20
14.485141908481186
 10
-31.887624473715626
 20
14.299837456793869
 10
-31.887624473715626
 20
14.114533005106551
 10
-31.794972247871968
 20
14.021880779262894
 10
-31.70232002202831
 20
13.929228553419236
 10
-31.70232002202831
 20
13.743924101731919
 10
-31.609667796184652
 20
13.651271875888261
 10
-31.51701557034099
 20
13.558619650044601
 10
-31.51701557034099
 20
13.373315198357286
 10
-31.424363344497333
 20
13.280662972513626
 10
-31.331711118653676
 20
13.188010746669969
 10
-31.239058892810018
 20
13.095358520826311
 10
-31.14640666696636
 20
13.002706294982652
 10
-31.14640666696636
 20
12.817401843295336
 10
-31.053754441122702
 20
12.724749617451677
 10
-30.96110221527904
 20
12.632097391608019
 10
-30.868449989435383
 20
12.539445165764361
 10
-30.775797763591726
 20
12.446792939920702
 10
-30.683145537748068
 20
12.354140714077044
 10
-30.59049331190441
 20
12.261488488233386
 10
-30.497841086060753
 20
12.168836262389727
 10
-30.40518886021709
 20
12.076184036546069
 10
-30.312536634373433
 20
11.983531810702411
 10
-30.127232182686118
 20
11.983531810702411
 10
-30.03457995684246
 20
11.890879584858752
 10
-29.941927730998803
 20
11.798227359015094
 10
-29.756623279311484
 20
11.798227359015094
 10
-29.663971053467826
 20
11.705575133171436
 10
-29.571318827624168
 20
11.612922907327777
 10
-29.386014375936853
 20
11.612922907327777
 10
-29.200709924249534
 20
11.612922907327777
 10
-29.015405472562218
 20
11.612922907327777
 10
-28.830101020874903
 20
11.612922907327777
 10
-28.644796569187584
 20
11.612922907327777
 10
-28.459492117500268
 20
11.612922907327777
 10
-28.274187665812953
 20
11.612922907327777
 10
-28.088883214125634
 20
11.612922907327777
 10
-27.996230988281976
 20
11.705575133171436
  0
LWPOLYLINE
  5
32
330
17
100
AcDbEntity
  8
0
 62
5
100
AcDbPolyline
 90
569
 70
1
 10
6.099788122184283
 20
1.3285258386817043
 10
6.192440348027942
 20
1.4211780645253627
 10
6.377744799715258
 20
1.4211780645253627
 10
6.563049251402575
 20
1.4211780645253627
 10
6.748353703089892
 20
1.4211780645253627
 10
6.933658154777208
 20
1.4211780645253627
 10
7.118962606464525
 20
1.4211780645253627
 10
7.304267058151842
 20
1.4211780645253627
 10
7.489571509839158
 20
1.4211780645253627
 10
7.582223735682816
 20
1.513830290369021
 10
7.6748759615264746
 20
1.6064825162126792
 10
7.860180413213791
 20
1.6064825162126792
 10
8.045484864901107
 20
1.6064825162126792
 10
8.230789316588424
 20
1.6064825162126792
 10
8.416093768275742
 20
1.6064825162126792
 10
8.601398219963057
 20
1.6064825162126792
 10
8.786702671650374
 20
1.6064825162126792
 10
8.972007123337692
 20
1.6064825162126792
 10
9.06465934918135
 20
1.6991347420563376
 10
9.157311575025007
 20
1.7917869678999958
 10
9.342616026712324
 20
1.7917869678999958
 10
9.527920478399642
 20
1.7917869678999958
 10
9.713224930086957
 20
1.7917869678999958
 10
9.898529381774274
 20
1.7917869678999958
 10
10.083833833461592
 20
1.7917869678999958
 10
10.269138285148907
 20
1.7917869678999958
 10
10.454442736836224
 20
1.7917869678999958
 10
10.547094962679882
 20
1.8844391937436542
 10
10.639747188523542
 20
1.9770914195873126
 10
10.825051640210857
 20
1.9770914195873126
 10
11.010356091898174
 20
1.9770914195873126
 10
11.195660543585491
 20
1.9770914195873126
 10
11.380964995272807
 20
1.9770914195873126
 10
11.566269446960124
 20
1.9770914195873126
 10
11.751573898647441
 20
1.9770914195873126
 10
11.936878350334757
 20
1.9770914195873126
 10
12.122182802022074
 20
1.9770914195873126
 10
12.30748725370939
 20
1.9770914195873126
 10
12.400139479553049
 20
2.069743645430971
 10
12.492791705396707
 20
2.162395871274629
 10
12.678096157084024
 20
2.162395871274629
 10
12.86340060877134
 20
2.162395871274629
 10
13.048705060458657
 20
2.162395871274629
 10
13.234009512145974
 20
2.162395871274629
 10
13.41931396383329
 20
2.162395871274629
 10
13.604618415520607
 20
2.162395871274629
 10
13.789922867207924
 20
2.162395871274629
 10
13.97522731889524
 20
2.162395871274629
 10
14.160531770582557
 20
2.162395871274629
 10
14.345836222269874
 20
2.162395871274629
 10
14.53114067395719
 20
2.162395871274629
 10
14.716445125644507
 20
2.162395871274629
 10
14.901749577331824
 20
2.162395871274629
 10
15.08705402901914
 20
2.162395871274629
 10
15.272358480706457
 20
2.162395871274629
 10
15.457662932393774
 20
2.162395871274629
 10
15.64296738408109
 20
2.162395871274629
 10
15.828271835768406
 20
2.162395871274629
 10
16.013576287455724
 20
2.162395871274629
 10
16.19888073914304
 20
2.162395871274629
 10
16.384185190830355
 20
2.162395871274629
 10
16.569489642517674
 20
2.162395871274629
 10
16.75479409420499
 20
2.162395871274629
 10
16.940098545892305
 20
2.162395871274629
 10
17.125402997579624
 20
2.162395871274629
 10
17.31070744926694
 20
2.162395871274629
 10
17.496011900954255
 20
2.162395871274629
 10
17.681316352641574
 20
2.162395871274629
 10
17.86662080432889
 20
2.162395871274629
 10
17.959273030172547
 20
2.2550480971182876
 10
18.051925256016204
 20
2.3477003229619458
 10
18.237229707703523
 20
2.3477003229619458
 10
18.42253415939084
 20
2.3477003229619458
 10
18.607838611078154
 20
2.3477003229619458
 10
18.793143062765473
 20
2.3477003229619458
 10
18.97844751445279
 20
2.3477003229619458
 10
19.163751966140104
 20
2.3477003229619458
 10
19.349056417827423
 20
2.3477003229619458
 10
19.53436086951474
 20
2.3477003229619458
 10
19.719665321202054
 20
2.3477003229619458
 10
19.812317547045716
 20
2.440352548805604
 10
19.904969772889373
 20
2.5330047746492625
 10
20.09027422457669
 20
2.5330047746492625
 10
20.275578676264004
 20
2.5330047746492625
 10
20.460883127951323
 20
2.5330047746492625
 10
20.55353535379498
 20
2.6256570004929207
 10
20.64618757963864
 20
2.718309226336579
 10
20.831492031325954
 20
2.718309226336579
 10
21.016796483013273
 20
2.718309226336579
 10
21.10944870885693
 20
2.8109614521802375
 10
21.20210093470059
 20
2.9036136780238957
 10
21.387405386387904
 20
2.9036136780238957
 10
21.480057612231562
 20
2.996265903867554
 10
21.572709838075223
 20
3.0889181297112125
 10
21.66536206391888
 20
3.1815703555548707
 10
21.75801428976254
 20
3.274222581398529
 10
21.943318741449854
 20
3.274222581398529
 10
22.035970967293512
 20
3.3668748072421875
 10
22.128623193137173
 20
3.4595270330858456
 10
22.22127541898083
 20
3.552179258929504
 10
22.31392764482449
 20
3.644831484773162
 10
22.406579870668146
 20
3.7374837106168206
 10
22.499232096511804
 20
3.830135936460479
 10
22.59188432235546
 20
3.922788162304137
 10
22.59188432235546
 20
4.108092613991454
 10
22.684536548199123
 20
4.200744839835112
 10
22.77718877404278
 20
4.2933970656787706
 10
22.86984099988644
 20
4.386049291522428
 10
22.962493225730096
 20
4.478701517366087
 10
22.962493225730096
 20
4.664005969053403
 10
23.055145451573754
 20
4.756658194897062
 10
23.14779767741741
 20
4.8493104207407205
 10
23.240449903261073
 20
4.941962646584378
 10
23.33310212910473
 20
5.034614872428037
 10
23.33310212910473
 20
5.219919324115353
 10
23.33310212910473
 20
5.40522377580267
 10
23.42575435494839
 20
5.497876001646328
 10
23.518406580792046
 20
5.590528227489987
 10
23.518406580792046
 20
5.775832679177303
 10
23.611058806635704
 20
5.868484905020962
 10
23.70371103247936
 20
5.96113713086462
 10
23.70371103247936
 20
6.146441582551937
 10
23.70371103247936
 20
6.331746034239253
 10
23.796363258323023
 20
6.424398260082912
 10
23.88901548416668
 20
6.51705048592657
 10
23.88901548416668
 20
6.702354937613887
 10
23.88901548416668
 20
6.887659389301203
 10
23.98166771001034
 20
6.980311615144862
 10
24.074319935853996
 20
7.07296384098852
 10
24.074319935853996
 20
7.258268292675837
 10
24.074319935853996
 20
7.443572744363153
 10
24.074319935853996
 20
7.628877196050469
 10
24.074319935853996
 20
7.814181647737787
 10
24.166972161697654
 20
7.906833873581444
 10
24.25962438754131
 20
7.999486099425103
 10
24.25962438754131
 20
8.18479055111242
 10
24.25962438754131
 20
8.370095002799737
 10
24.25962438754131
 20
8.555399454487054
 10
24.25962438754131
 20
8.74070390617437
 10
24.352276613384973
 20
8.833356132018027
 10
24.44492883922863
 20
8.926008357861686
 10
24.44492883922863
 20
9.111312809549002
 10
24.44492883922863
 20
9.29661726123632
 10
24.44492883922863
 20
9.481921712923636
 10
24.44492883922863
 20
9.667226164610952
 10
24.44492883922863
 20
9.852530616298269
 10
24.44492883922863
 20
10.037835067985586
 10
24.53758106507229
 20
10.130487293829244
 10
24.630233290915946
 20
10.223139519672902
 10
24.630233290915946
 20
10.408443971360219
 10
24.630233290915946
 20
10.593748423047536
 10
24.630233290915946
 20
10.779052874734852
 10
24.630233290915946
 20
10.964357326422169
 10
24.630233290915946
 20
11.149661778109486
 10
24.630233290915946
 20
11.334966229796802
 10
24.630233290915946
 20
11.520270681484119
 10
24.630233290915946
 20
11.705575133171436
 10
24.722885516759604
 20
11.798227359015094
 10
24.81553774260326
 20
11.890879584858752
 10
24.81553774260326
 20
12.076184036546069
 10
24.81553774260326
 20
12.261488488233386
 10
24.81553774260326
 20
12.446792939920702
 10
24.81553774260326
 20
12.632097391608019
 10
24.81553774260326
 20
12.817401843295336
 10
24.81553774260326
 20
13.002706294982652
 10
24.81553774260326
 20
13.188010746669969
 10
24.81553774260326
 20
13.373315198357286
 10
24.81553774260326
 20
13.558619650044601
 10
24.81553774260326
 20
13.743924101731919
 10
24.81553774260326
 20
13.929228553419236
 10
24.81553774260326
 20
14.114533005106551
 10
24.81553774260326
 20
14.299837456793869
 10
24.81553774260326
 20
14.485141908481186
 10
24.81553774260326
 20
14.670446360168501
 10
24.81553774260326
 20
14.855750811855819
 10
24.722885516759604
 20
14.948403037699476
 10
24.630233290915946
 20
15.041055263543134
 10
24.630233290915946
 20
15.226359715230451
 10
24.630233290915946
 20
15.411664166917769
 10
24.630233290915946
 20
15.596968618605084
 10
24.630233290915946
 20
15.782273070292401
 10
24.630233290915946
 20
15.967577521979718
 10
24.630233290915946
 20
16.152881973667036
 10
24.630233290915946
 20
16.33818642535435
 10
24.53758106507229
 20
16.43083865119801
 10
24.44492883922863
 20
16.523490877041667
 10
24.44492883922863
 20
16.708795328728986
 10
24.44492883922863
 20
16.8940997804163
 10
24.44492883922863
 20
17.079404232103617
 10
24.352276613384973
 20
17.172056457947278
 10
24.25962438754131
 20
17.264708683790936
 10
24.25962438754131
 20
17.45001313547825
 10
24.25962438754131
 20
17.635317587165567
 10
24.166972161697654
 20
17.727969813009224
 10
24.074319935853996
 20
17.820622038852886
 10
24.074319935853996
 20
18.0059264905402
 10
24.074319935853996
 20
18.191230942227516
 10
23.98166771001034
 20
18.283883168071174
 10
23.88901548416668
 20
18.376535393914835
 10
23.88901548416668
 20
18.56183984560215
 10
23.796363258323023
 20
18.65449207144581
 10
23.70371103247936
 20
18.747144297289466
 10
23.70371103247936
 20
18.932448748976785
 10
23.611058806635704
 20
19.025100974820443
 10
23.518406580792046
 20
19.1177532006641
 10
23.518406580792046
 20
19.303057652351416
 10
23.42575435494839
 20
19.395709878195074
 10
23.33310212910473
 20
19.488362104038735
 10
23.33310212910473
 20
19.67366655572605
 10
23.240449903261073
 20
19.76631878156971
 10
23.14779767741741
 20
19.858971007413366
 10
23.055145451573754
 20
19.951623233257024
 10
22.962493225730096
 20
20.044275459100685
 10
22.962493225730096
 20
20.229579910788
 10
22.86984099988644
 20
20.32223213663166
 10
22.77718877404278
 20
20.414884362475316
 10
22.684536548199123
 20
20.507536588318974
 10
22.59188432235546
 20
20.600188814162635
 10
22.59188432235546
 20
20.78549326584995
 10
22.499232096511804
 20
20.87814549169361
 10
22.406579870668146
 20
20.970797717537266
 10
22.31392764482449
 20
21.063449943380924
 10
22.22127541898083
 20
21.156102169224585
 10
22.128623193137173
 20
21.248754395068243
 10
22.035970967293512
 20
21.3414066209119
 10
21.943318741449854
 20
21.43405884675556
 10
21.850666515606196
 20
21.526711072599216
 10
21.75801428976254
 20
21.619363298442874
 10
21.66536206391888
 20
21.712015524286535
 10
21.572709838075223
 20
21.804667750130193
 10
21.480057612231562
 20
21.89731997597385
 10
21.387405386387904
 20
21.98997220181751
 10
21.294753160544246
 20
22.082624427661166
 10
21.20210093470059
 20
22.175276653504824
 10
21.10944870885693
 20
22.267928879348485
 10
21.016796483013273
 20
22.360581105192143
 10
20.831492031325954
 20
22.360581105192143
 10
20.738839805482296
 20
22.4532333310358
 10
20.64618757963864
 20
22.54588555687946
 10
20.55353535379498
 20
22.638537782723116
 10
20.460883127951323
 20
22.731190008566774
 10
20.368230902107666
 20
22.823842234410435
 10
20.275578676264004
 20
22.916494460254093
 10
20.09027422457669
 20
22.916494460254093
 10
19.99762199873303
 20
23.00914668609775
 10
19.904969772889373
 20
23.101798911941408
 10
19.812317547045716
 20
23.194451137785066
 10
19.719665321202054
 20
23.287103363628724
 10
19.53436086951474
 20
23.287103363628724
 10
19.44170864367108
 20
23.379755589472385
 10
19.349056417827423
 20
23.472407815316043
 10
19.163751966140104
 20
23.472407815316043
 10
19.071099740296447
 20
23.5650600411597
 10
18.97844751445279
 20
23.657712267003358
 10
18.88579528860913
 20
23.750364492847016
 10
18.793143062765473
 20
23.843016718690674
 10
18.607838611078154
 20
23.843016718690674
 10
18.515186385234497
 20
23.93566894453433
 10
18.42253415939084
 20
24.028321170377993
 10
18.237229707703523
 20
24.028321170377993
 10
18.144577481859866
 20
24.12097339622165
 10
18.051925256016204
 20
24.213625622065308
 10
17.86662080432889
 20
24.213625622065308
 10
17.77396857848523
 20
24.306277847908966
 10
17.681316352641574
 20
24.398930073752624
 10
17.496011900954255
 20
24.398930073752624
 10
17.31070744926694
 20
24.398930073752624
 10
17.21805522342328
 20
24.49158229959628
 10
17.125402997579624
 20
24.584234525439943
 10
16.940098545892305
 20
24.584234525439943
 10
16.847446320048647
 20
24.6768867512836
 10
16.75479409420499
 20
24.769538977127258
 10
16.569489642517674
 20
24.769538977127258
 10
16.384185190830355
 20
24.769538977127258
 10
16.291532964986697
 20
24.862191202970916
 10
16.19888073914304
 20
24.954843428814574
 10
16.013576287455724
 20
24.954843428814574
 10
15.828271835768406
 20
24.954843428814574
 10
15.735619609924749
 20
25.04749565465823
 10
15.64296738408109
 20
25.140147880501893
 10
15.457662932393774
 20
25.140147880501893
 10
15.272358480706457
 20
25.140147880501893
 10
15.08705402901914
 20
25.140147880501893
 10
14.994401803175482
 20
25.23280010634555
 10
14.901749577331824
 20
25.325452332189208
 10
14.716445125644507
 20
25.325452332189208
 10
14.53114067395719
 20
25.325452332189208
 10
14.345836222269874
 20
25.325452332189208
 10
14.253183996426214
 20
25.418104558032866
 10
14.160531770582557
 20
25.510756783876523
 10
13.97522731889524
 20
25.510756783876523
 10
13.789922867207924
 20
25.510756783876523
 10
13.604618415520607
 20
25.510756783876523
 10
13.41931396383329
 20
25.510756783876523
 10
13.326661737989632
 20
25.60340900972018
 10
13.234009512145974
 20
25.696061235563842
 10
13.048705060458657
 20
25.696061235563842
 10
12.86340060877134
 20
25.696061235563842
 10
12.678096157084024
 20
25.696061235563842
 10
12.492791705396707
 20
25.696061235563842
 10
12.30748725370939
 20
25.696061235563842
 10
12.122182802022074
 20
25.696061235563842
 10
11.936878350334757
 20
25.696061235563842
 10
11.751573898647441
 20
25.696061235563842
 10
11.658921672803782
 20
25.7887134614075
 10
11.566269446960124
 20
25.881365687251158
 10
11.380964995272807
 20
25.881365687251158
 10
11.195660543585491
 20
25.881365687251158
 10
11.010356091898174
 20
25.881365687251158
 10
10.825051640210857
 20
25.881365687251158
 10
10.639747188523542
 20
25.881365687251158
 10
10.454442736836224
 20
25.881365687251158
 10
10.269138285148907
 20
25.881365687251158
 10
10.083833833461592
 20
25.881365687251158
 10
9.991181607617932
 20
25.7887134614075
 10
9.898529381774274
 20
25.696061235563842
 10
9.713224930086957
 20
25.696061235563842
 10
9.527920478399642
 20
25.696061235563842
 10
9.342616026712324
 20
25.696061235563842
 10
9.157311575025007
 20
25.696061235563842
 10
8.972007123337692
 20
25.696061235563842
 10
8.786702671650374
 20
25.696061235563842
 10
8.601398219963057
 20
25.696061235563842
 10
8.416093768275742
 20
25.696061235563842
 10
8.323441542432082
 20
25.60340900972018
 10
8.230789316588424
 20
25.510756783876523
 10
8.045484864901107
 20
25.510756783876523
 10
7.860180413213791
 20
25.510756783876523
 10
7.6748759615264746
 20
25.510756783876523
 10
7.489571509839158
 20
25.510756783876523
 10
7.3969192839955
 20
25.418104558032866
 10
7.304267058151842
 20
25.325452332189208
 10
7.118962606464525
 20
25.325452332189208
 10
6.933658154777208
 20
25.325452332189208
 10
6.84100592893355
 20
25.23280010634555
 10
6.748353703089892
 20
25.140147880501893
 10
6.563049251402575
 20
25.140147880501893
 10
6.377744799715258
 20
25.140147880501893
 10
6.2850925738716
 20
25.04749565465823
 10
6.192440348027942
 20
24.954843428814574
 10
6.007135896340625
 20
24.954843428814574
 10
5.821831444653308
 20
24.954843428814574
 10
5.72917921880965
 20
24.862191202970916
 10
5.636526992965992
 20
24.769538977127258
 10
5.451222541278675
 20
24.769538977127258
 10
5.358570315435017
 20
24.6768867512836
 10
5.265918089591358
 20
24.584234525439943
 10
5.080613637904042
 20
24.584234525439943
 10
4.895309186216725
 20
24.584234525439943
 10
4.802656960373067
 20
24.49158229959628
 10
4.7100047345294085
 20
24.398930073752624
 10
4.524700282842092
 20
24.398930073752624
 10
4.4320480569984335
 20
24.306277847908966
 10
4.339395831154776
 20
24.213625622065308
 10
4.246743605311117
 20
24.12097339622165
 10
4.1540913794674585
 20
24.028321170377993
 10
3.968786927780142
 20
24.028321170377993
 10
3.8761347019364836
 20
23.93566894453433
 10
3.7834824760928254
 20
23.843016718690674
 10
3.598178024405509
 20
23.843016718690674
 10
3.5055257985618504
 20
23.750364492847016
 10
3.4128735727181922
 20
23.657712267003358
 10
3.320221346874534
 20
23.5650600411597
 10
3.2275691210308755
 20
23.472407815316043
 10
3.042264669343559
 20
23.472407815316043
 10
2.9496124434999005
 20
23.379755589472385
 10
2.8569602176562423
 20
23.287103363628724
 10
2.764307991812584
 20
23.194451137785066
 10
2.6716557659689255
 20
23.101798911941408
 10
2.5790035401252673
 20
23.00914668609775
 10
2.486351314281609
 20
22.916494460254093
 10
2.3936990884379505
 20
22.823842234410435
 10
2.3010468625942924
 20
22.731190008566774
 10
2.115742410906976
 20
22.731190008566774
 10
2.0230901850633174
 20
22.638537782723116
 10
1.9304379592196592
 20
22.54588555687946
 10
1.8377857333760008
 20
22.4532333310358
 10
1.7451335075323426
 20
22.360581105192143
 10
1.6524812816886842
 20
22.267928879348485
 10
1.5598290558450258
 20
22.175276653504824
 10
1.4671768300013677
 20
22.082624427661166
 10
1.3745246041577093
 20
21.98997220181751
 10
1.2818723783140509
 20
21.89731997597385
 10
1.2818723783140509
 20
21.712015524286535
 10
1.1892201524703927
 20
21.619363298442874
 10
1.0965679266267343
 20
21.526711072599216
 10
1.0039157007830761
 20
21.43405884675556
 10
0.9112634749394177
 20
21.3414066209119
 10
0.8186112490957594
 20
21.248754395068243
 10
0.725959023252101
 20
21.156102169224585
 10
0.725959023252101
 20
20.970797717537266
 10
0.6333067974084428
 20
20.87814549169361
 10
0.5406545715647845
 20
20.78549326584995
 10
0.5406545715647845
 20
20.600188814162635
 10
0.5406545715647845
 20
20.414884362475316
 10
0.5406545715647845
 20
20.229579910788
 10
0.5406545715647845
 20
20.044275459100685
 10
0.5406545715647845
 20
19.858971007413366
 10
0.5406545715647845
 20
19.67366655572605
 10
0.5406545715647845
 20
19.488362104038735
 10
0.6333067974084428
 20
19.395709878195074
 10
0.725959023252101
 20
19.303057652351416
 10
0.725959023252101
 20
19.1177532006641
 10
0.8186112490957594
 20
19.025100974820443
 10
0.9112634749394177
 20
18.932448748976785
 10
1.0039157007830761
 20
18.839796523133124
 10
1.0965679266267343
 20
18.747144297289466
 10
1.0965679266267343
 20
18.56183984560215
 10
1.1892201524703927
 20
18.469187619758493
 10
1.2818723783140509
 20
18.376535393914835
 10
1.3745246041577093
 20
18.283883168071174
 10
1.4671768300013677
 20
18.191230942227516
 10
1.5598290558450258
 20
18.09857871638386
 10
1.6524812816886842
 20
18.0059264905402
 10
1.7451335075323426
 20
17.913274264696543
 10
1.8377857333760008
 20
17.820622038852886
 10
1.9304379592196592
 20
17.727969813009224
 10
2.0230901850633174
 20
17.635317587165567
 10
2.115742410906976
 20
17.54266536132191
 10
2.208394636750634
 20
17.45001313547825
 10
2.3010468625942924
 20
17.357360909634593
 10
2.3936990884379505
 20
17.264708683790936
 10
2.486351314281609
 20
17.172056457947278
 10
2.5790035401252673
 20
17.079404232103617
 10
2.6716557659689255
 20
16.98675200625996
 10
2.764307991812584
 20
16.8940997804163
 10
2.8569602176562423
 20
16.801447554572643
 10
2.9496124434999005
 20
16.708795328728986
 10
3.042264669343559
 20
16.616143102885328
 10
3.1349168951872173
 20
16.523490877041667
 10
3.2275691210308755
 20
16.43083865119801
 10
3.320221346874534
 20
16.33818642535435
 10
3.4128735727181922
 20
16.245534199510693
 10
3.5055257985618504
 20
16.152881973667036
 10
3.598178024405509
 20
16.060229747823378
 10
3.690830250249167
 20
15.967577521979718
 10
3.7834824760928254
 20
15.874925296136059
 10
3.8761347019364836
 20
15.782273070292401
 10
3.968786927780142
 20
15.689620844448743
 10
4.061439153623801
 20
15.596968618605084
 10
4.1540913794674585
 20
15.504316392761426
 10
4.246743605311117
 20
15.411664166917769
 10
4.339395831154776
 20
15.319011941074109
 10
4.4320480569984335
 20
15.226359715230451
 10
4.524700282842092
 20
15.133707489386794
 10
4.61735250868575
 20
15.041055263543134
 10
4.7100047345294085
 20
14.948403037699476
 10
4.802656960373067
 20
14.855750811855819
 10
4.895309186216725
 20
14.763098586012159
 10
4.9879614120603835
 20
14.670446360168501
 10
4.9879614120603835
 20
14.485141908481186
 10
5.080613637904042
 20
14.392489682637526
 10
5.1732658637477
 20
14.299837456793869
 10
5.265918089591358
 20
14.207185230950211
 10
5.358570315435017
 20
14.114533005106551
 10
5.451222541278675
 20
14.021880779262894
 10
5.543874767122333
 20
13.929228553419236
 10
5.543874767122333
 20
13.743924101731919
 10
5.636526992965992
 20
13.651271875888261
 10
5.72917921880965
 20
13.558619650044601
 10
5.72917921880965
 20
13.373315198357286
 10
5.821831444653308
 20
13.280662972513626
 10
5.914483670496967
 20
13.188010746669969
 10
6.007135896340625
 20
13.095358520826311
 10
6.099788122184283
 20
13.002706294982652
 10
6.099788122184283
 20
12.817401843295336
 10
6.099788122184283
 20
12.632097391608019
 10
6.192440348027942
 20
12.539445165764361
 10
6.2850925738716
 20
12.446792939920702
 10
6.2850925738716
 20
12.261488488233386
 10
6.377744799715258
 20
12.168836262389727
 10
6.470397025558917
 20
12.076184036546069
 10
6.470397025558917
 20
11.890879584858752
 10
6.470397025558917
 20
11.705575133171436
 10
6.563049251402575
 20
11.612922907327777
 10
6.655701477246233
 20
11.520270681484119
 10
6.655701477246233
 20
11.334966229796802
 10
6.655701477246233
 20
11.149661778109486
 10
6.655701477246233
 20
10.964357326422169
 10
6.655701477246233
 20
10.779052874734852
 10
6.655701477246233
 20
10.593748423047536
 10
6.748353703089892
 20
10.501096197203877
 10
6.84100592893355
 20
10.408443971360219
 10
6.84100592893355
 20
10.223139519672902
 10
6.84100592893355
 20
10.037835067985586
 10
6.84100592893355
 20
9.852530616298269
 10
6.84100592893355
 20
9.667226164610952
 10
6.84100592893355
 20
9.481921712923636
 10
6.748353703089892
 20
9.389269487079977
 10
6.655701477246233
 20
9.29661726123632
 10
6.655701477246233
 20
9.111312809549002
 10
6.655701477246233
 20
8.926008357861686
 10
6.655701477246233
 20
8.74070390617437
 10
6.655701477246233
 20
8.555399454487054
 10
6.655701477246233
 20
8.370095002799737
 10
6.563049251402575
 20
8.277442776956079
 10
6.470397025558917
 20
8.18479055111242
 10
6.470397025558917
 20
7.999486099425103
 10
6.470397025558917
 20
7.814181647737787
 10
6.377744799715258
 20
7.721529421894128
 10
6.2850925738716
 20
7.628877196050469
 10
6.2850925738716
 20
7.443572744363153
 10
6.2850925738716
 20
7.258268292675837
 10
6.192440348027942
 20
7.165616066832178
 10
6.099788122184283
 20
7.07296384098852
 10
6.099788122184283
 20
6.887659389301203
 10
6.007135896340625
 20
6.795007163457545
 10
5.914483670496967
 20
6.702354937613887
 10
5.914483670496967
 20
6.51705048592657
 10
5.914483670496967
 20
6.331746034239253
 10
5.821831444653308
 20
6.239093808395595
 10
5.72917921880965
 20
6.146441582551937
 10
5.72917921880965
 20
5.96113713086462
 10
5.636526992965992
 20
5.868484905020962
 10
5.543874767122333
 20
5.775832679177303
 10
5.451222541278675
 20
5.683180453333645
 10
5.358570315435017
 20
5.590528227489987
 10
5.358570315435017
 20
5.40522377580267
 10
5.265918089591358
 20
5.312571549959012
 10
5.1732658637477
 20
5.219919324115353
 10
5.1732658637477
 20
5.034614872428037
 10
5.080613637904042
 20
4.941962646584378
 10
4.9879614120603835
 20
4.8493104207407205
 10
4.895309186216725
 20
4.756658194897062
 10
4.802656960373067
 20
4.664005969053403
 10
4.802656960373067
 20
4.478701517366087
 10
4.7100047345294085
 20
4.386049291522428
 10
4.61735250868575
 20
4.2933970656787706
 10
4.61735250868575
 20
4.108092613991454
 10
4.524700282842092
 20
4.015440388147796
 10
4.4320480569984335
 20
3.922788162304137
 10
4.339395831154776
 20
3.830135936460479
 10
4.246743605311117
 20
3.7374837106168206
 10
4.246743605311117
 20
3.552179258929504
 10
4.1540913794674585
 20
3.4595270330858456
 10
4.061439153623801
 20
3.3668748072421875
 10
3.968786927780142
 20
3.274222581398529
 10
3.8761347019364836
 20
3.1815703555548707
 10
3.8761347019364836
 20
2.996265903867554
 10
3.7834824760928254
 20
2.9036136780238957
 10
3.690830250249167
 20
2.8109614521802375
 10
3.598178024405509
 20
2.718309226336579
 10
3.5055257985618504
 20
2.6256570004929207
 10
3.5055257985618504
 20
2.440352548805604
 10
3.4128735727181922
 20
2.3477003229619458
 10
3.320221346874534
 20
2.2550480971182876
 10
3.2275691210308755
 20
2.162395871274629
 10
3.1349168951872173
 20
2.069743645430971
 10
3.1349168951872173
 20
1.8844391937436542
 10
3.1349168951872173
 20
1.6991347420563376
 10
3.1349168951872173
 20
1.513830290369021
 10
3.2275691210308755
 20
1.4211780645253627
 10
3.320221346874534
 20
1.3285258386817043
 10
3.4128735727181922
 20
1.235873612838046
 10
3.598178024405509
 20
1.235873612838046
 10
3.7834824760928254
 20
1.235873612838046
 10
3.968786927780142
 20
1.235873612838046
 10
4.1540913794674585
 20
1.235873612838046
 10
4.339395831154776
 20
1.235873612838046
 10
4.524700282842092
 20
1.235873612838046
 10
4.7100047345294085
 20
1.235873612838046
 10
4.895309186216725
 20
1.235873612838046
 10
5.080613637904042
 20
1.235873612838046
 10
5.265918089591358
 20
1.235873612838046
 10
5.451222541278675
 20
1.235873612838046
 10
5.636526992965992
 20
1.235873612838046
 10
5.821831444653308
 20
1.235873612838046
 10
6.007135896340625
 20
1.235873612838046
 10
6.099788122184283
 20
1.3285258386817043
  0
LWPOLYLINE
  5
33
330
17
100
AcDbEntity
  8
0
 62
5
100
AcDbPolyline
 90
463
 70
1
 10
12.400139479553049
 20
-29.432013141412856
 10
12.492791705396707
 20
-29.3393609155692
 10
12.678096157084024
 20
-29.3393609155692
 10
12.86340060877134
 20
-29.3393609155692
 10
13.048705060458657
 20
-29.3393609155692
 10
13.234009512145974
 20
-29.3393609155692
 10
13.326661737989632
 20
-29.24670868972554
 10
13.41931396383329
 20
-29.154056463881883
 10
13.604618415520607
 20
-29.154056463881883
 10
13.789922867207924
 20
-29.154056463881883
 10
13.882575093051582
 20
-29.06140423803822
 10
13.97522731889524
 20
-28.968752012194564
 10
14.160531770582557
 20
-28.968752012194564
 10
14.253183996426214
 20
-28.876099786350906
 10
14.345836222269874
 20
-28.78344756050725
 10
14.53114067395719
 20
-28.78344756050725
 10
14.623792899800849
 20
-28.69079533466359
 10
14.716445125644507
 20
-28.598143108819933
 10
14.901749577331824
 20
-28.598143108819933
 10
14.994401803175482
 20
-28.50549088297627
 10
15.08705402901914
 20
-28.412838657132614
 10
15.272358480706457
 20
-28.412838657132614
 10
15.365010706550114
 20
-28.320186431288956
 10
15.457662932393774
 20
-28.2275342054453
 10
15.550315158237431
 20
-28.13488197960164
 10
15.64296738408109
 20
-28.042229753757983
 10
15.828271835768406
 20
-28.042229753757983
 10
15.920924061612064
 20
-27.94957752791432
 10
16.013576287455724
 20
-27.856925302070664
 10
16.10622851329938
 20
-27.764273076227006
 10
16.19888073914304
 20
-27.67162085038335
 10
16.291532964986697
 20
-27.57896862453969
 10
16.384185190830355
 20
-27.486316398696033
 10
16.476837416674016
 20
-27.39366417285237
 10
16.569489642517674
 20
-27.301011947008714
 10
16.66214186836133
 20
-27.208359721165056
 10
16.75479409420499
 20
-27.1157074953214
 10
16.847446320048647
 20
-27.02305526947774
 10
16.940098545892305
 20
-26.930403043634083
 10
17.032750771735966
 20
-26.837750817790422
 10
17.032750771735966
 20
-26.652446366103106
 10
17.125402997579624
 20
-26.55979414025945
 10
17.21805522342328
 20
-26.46714191441579
 10
17.21805522342328
 20
-26.281837462728472
 10
17.31070744926694
 20
-26.189185236884814
 10
17.403359675110597
 20
-26.096533011041156
 10
17.403359675110597
 20
-25.91122855935384
 10
17.403359675110597
 20
-25.725924107666522
 10
17.496011900954255
 20
-25.633271881822864
 10
17.588664126797916
 20
-25.540619655979206
 10
17.588664126797916
 20
-25.35531520429189
 10
17.588664126797916
 20
-25.170010752604572
 10
17.588664126797916
 20
-24.984706300917257
 10
17.588664126797916
 20
-24.79940184922994
 10
17.588664126797916
 20
-24.614097397542622
 10
17.588664126797916
 20
-24.428792945855307
 10
17.588664126797916
 20
-24.24348849416799
 10
17.588664126797916
 20
-24.058184042480672
 10
17.588664126797916
 20
-23.872879590793357
 10
17.588664126797916
 20
-23.68757513910604
 10
17.588664126797916
 20
-23.502270687418726
 10
17.588664126797916
 20
-23.316966235731407
 10
17.588664126797916
 20
-23.13166178404409
 10
17.588664126797916
 20
-22.946357332356776
 10
17.496011900954255
 20
-22.853705106513114
 10
17.403359675110597
 20
-22.761052880669457
 10
17.403359675110597
 20
-22.57574842898214
 10
17.403359675110597
 20
-22.390443977294826
 10
17.403359675110597
 20
-22.205139525607507
 10
17.31070744926694
 20
-22.11248729976385
 10
17.21805522342328
 20
-22.01983507392019
 10
17.21805522342328
 20
-21.834530622232876
 10
17.21805522342328
 20
-21.649226170545557
 10
17.21805522342328
 20
-21.46392171885824
 10
17.125402997579624
 20
-21.371269493014584
 10
17.032750771735966
 20
-21.278617267170926
 10
17.032750771735966
 20
-21.093312815483607
 10
17.032750771735966
 20
-20.90800836379629
 10
16.940098545892305
 20
-20.815356137952634
 10
16.847446320048647
 20
-20.722703912108976
 10
16.847446320048647
 20
-20.537399460421657
 10
16.847446320048647
 20
-20.35209500873434
 10
16.75479409420499
 20
-20.259442782890684
 10
16.66214186836133
 20
-20.166790557047026
 10
16.66214186836133
 20
-19.981486105359707
 10
16.66214186836133
 20
-19.79618165367239
 10
16.569489642517674
 20
-19.703529427828734
 10
16.476837416674016
 20
-19.610877201985076
 10
16.476837416674016
 20
-19.425572750297757
 10
16.476837416674016
 20
-19.24026829861044
 10
16.384185190830355
 20
-19.147616072766784
 10
16.291532964986697
 20
-19.054963846923126
 10
16.291532964986697
 20
-18.869659395235807
 10
16.291532964986697
 20
-18.68435494354849
 10
16.19888073914304
 20
-18.591702717704834
 10
16.10622851329938
 20
-18.499050491861176
 10
16.10622851329938
 20
-18.313746040173857
 10
16.10622851329938
 20
-18.12844158848654
 10
16.013576287455724
 20
-18.035789362642884
 10
15.920924061612064
 20
-17.943137136799226
 10
15.920924061612064
 20
-17.757832685111907
 10
15.828271835768406
 20
-17.66518045926825
 10
15.735619609924749
 20
-17.572528233424592
 10
15.735619609924749
 20
-17.387223781737276
 10
15.735619609924749
 20
-17.201919330049957
 10
15.64296738408109
 20
-17.1092671042063
 10
15.550315158237431
 20
-17.016614878362642
 10
15.550315158237431
 20
-16.831310426675326
 10
15.457662932393774
 20
-16.73865820083167
 10
15.365010706550114
 20
-16.646005974988007
 10
15.365010706550114
 20
-16.460701523300692
 10
15.365010706550114
 20
-16.275397071613376
 10
15.272358480706457
 20
-16.18274484576972
 10
15.179706254862799
 20
-16.090092619926057
 10
15.179706254862799
 20
-15.904788168238742
 10
15.08705402901914
 20
-15.812135942395084
 10
14.994401803175482
 20
-15.719483716551425
 10
14.994401803175482
 20
-15.53417926486411
 10
14.901749577331824
 20
-15.44152703902045
 10
14.809097351488164
 20
-15.348874813176792
 10
14.809097351488164
 20
-15.163570361489475
 10
14.716445125644507
 20
-15.070918135645817
 10
14.623792899800849
 20
-14.97826590980216
 10
14.623792899800849
 20
-14.792961458114842
 10
14.53114067395719
 20
-14.700309232271184
 10
14.438488448113532
 20
-14.607657006427527
 10
14.438488448113532
 20
-14.42235255474021
 10
14.345836222269874
 20
-14.329700328896552
 10
14.253183996426214
 20
-14.237048103052892
 10
14.253183996426214
 20
-14.051743651365577
 10
14.160531770582557
 20
-13.959091425521917
 10
14.067879544738899
 20
-13.86643919967826
 10
14.067879544738899
 20
-13.681134747990942
 10
13.97522731889524
 20
-13.588482522147284
 10
13.882575093051582
 20
-13.495830296303627
 10
13.882575093051582
 20
-13.31052584461631
 10
13.789922867207924
 20
-13.217873618772652
 10
13.697270641364264
 20
-13.125221392928992
 10
13.604618415520607
 20
-13.032569167085335
 10
13.511966189676949
 20
-12.939916941241677
 10
13.511966189676949
 20
-12.75461248955436
 10
13.41931396383329
 20
-12.661960263710702
 10
13.326661737989632
 20
-12.569308037867042
 10
13.234009512145974
 20
-12.476655812023385
 10
13.141357286302314
 20
-12.384003586179727
 10
13.141357286302314
 20
-12.19869913449241
 10
13.048705060458657
 20
-12.106046908648752
 10
12.956052834614999
 20
-12.013394682805092
 10
12.86340060877134
 20
-11.920742456961435
 10
12.770748382927682
 20
-11.828090231117777
 10
12.678096157084024
 20
-11.735438005274117
 10
12.585443931240365
 20
-11.64278577943046
 10
12.492791705396707
 20
-11.550133553586802
 10
12.400139479553049
 20
-11.457481327743142
 10
12.30748725370939
 20
-11.364829101899485
 10
12.214835027865732
 20
-11.272176876055827
 10
12.214835027865732
 20
-11.08687242436851
 10
12.122182802022074
 20
-10.994220198524852
 10
11.936878350334757
 20
-10.994220198524852
 10
11.8442261244911
 20
-10.901567972681192
 10
11.751573898647441
 20
-10.808915746837535
 10
11.658921672803782
 20
-10.716263520993877
 10
11.566269446960124
 20
-10.623611295150218
 10
11.473617221116466
 20
-10.53095906930656
 10
11.380964995272807
 20
-10.438306843462902
 10
11.28831276942915
 20
-10.345654617619243
 10
11.195660543585491
 20
-10.253002391775585
 10
11.103008317741832
 20
-10.160350165931927
 10
11.010356091898174
 20
-10.067697940088268
 10
10.825051640210857
 20
-10.067697940088268
 10
10.7323994143672
 20
-9.97504571424461
 10
10.639747188523542
 20
-9.882393488400952
 10
10.454442736836224
 20
-9.882393488400952
 10
10.361790510992567
 20
-9.789741262557293
 10
10.269138285148907
 20
-9.697089036713635
 10
10.083833833461592
 20
-9.697089036713635
 10
9.991181607617932
 20
-9.604436810869977
 10
9.898529381774274
 20
-9.511784585026318
 10
9.713224930086957
 20
-9.511784585026318
 10
9.6205727042433
 20
-9.41913235918266
 10
9.527920478399642
 20
-9.326480133339002
 10
9.342616026712324
 20
-9.326480133339002
 10
9.157311575025007
 20
-9.326480133339002
 10
9.06465934918135
 20
-9.233827907495343
 10
8.972007123337692
 20
-9.141175681651685
 10
8.786702671650374
 20
-9.141175681651685
 10
8.601398219963057
 20
-9.141175681651685
 10
8.416093768275742
 20
-9.141175681651685
 10
8.230789316588424
 20
-9.141175681651685
 10
8.045484864901107
 20
-9.141175681651685
 10
7.860180413213791
 20
-9.141175681651685
 10
7.6748759615264746
 20
-9.141175681651685
 10
7.489571509839158
 20
-9.141175681651685
 10
7.304267058151842
 20
-9.141175681651685
 10
7.118962606464525
 20
-9.141175681651685
 10
6.933658154777208
 20
-9.141175681651685
 10
6.748353703089892
 20
-9.141175681651685
 10
6.655701477246233
 20
-9.233827907495343
 10
6.563049251402575
 20
-9.326480133339002
 10
6.377744799715258
 20
-9.326480133339002
 10
6.192440348027942
 20
-9.326480133339002
 10
6.007135896340625
 20
-9.326480133339002
 10
5.821831444653308
 20
-9.326480133339002
 10
5.636526992965992
 20
-9.326480133339002
 10
5.451222541278675
 20
-9.326480133339002
 10
5.265918089591358
 20
-9.326480133339002
 10
5.080613637904042
 20
-9.326480133339002
 10
4.895309186216725
 20
-9.326480133339002
 10
4.7100047345294085
 20
-9.326480133339002
 10
4.524700282842092
 20
-9.326480133339002
 10
4.339395831154776
 20
-9.326480133339002
 10
4.1540913794674585
 20
-9.326480133339002
 10
3.968786927780142
 20
-9.326480133339002
 10
3.8761347019364836
 20
-9.233827907495343
 10
3.7834824760928254
 20
-9.141175681651685
 10
3.598178024405509
 20
-9.141175681651685
 10
3.4128735727181922
 20
-9.141175681651685
 10
3.320221346874534
 20
-9.048523455808027
 10
3.2275691210308755
 20
-8.95587122996437
 10
3.042264669343559
 20
-8.95587122996437
 10
2.8569602176562423
 20
-8.95587122996437
 10
2.764307991812584
 20
-8.86321900412071
 10
2.6716557659689255
 20
-8.770566778277052
 10
2.486351314281609
 20
-8.770566778277052
 10
2.3936990884379505
 20
-8.677914552433394
 10
2.3010468625942924
 20
-8.585262326589735
 10
2.208394636750634
 20
-8.492610100746077
 10
2.115742410906976
 20
-8.39995787490242
 10
1.9304379592196592
 20
-8.39995787490242
 10
1.8377857333760008
 20
-8.30730564905876
 10
1.7451335075323426
 20
-8.214653423215102
 10
1.6524812816886842
 20
-8.122001197371445
 10
1.5598290558450258
 20
-8.029348971527785
 10
1.3745246041577093
 20
-8.029348971527785
 10
1.2818723783140509
 20
-7.936696745684127
 10
1.1892201524703927
 20
-7.844044519840469
 10
1.0965679266267343
 20
-7.75139229399681
 10
1.0039157007830761
 20
-7.658740068153152
 10
0.9112634749394177
 20
-7.566087842309494
 10
0.8186112490957594
 20
-7.473435616465836
 10
0.725959023252101
 20
-7.380783390622177
 10
0.6333067974084428
 20
-7.288131164778519
 10
0.5406545715647845
 20
-7.195478938934861
 10
0.4480023457211261
 20
-7.102826713091202
 10
0.35535011987746784
 20
-7.010174487247544
 10
0.2626978940338095
 20
-6.917522261403886
 10
0.07739344234649288
 20
-6.917522261403886
 10
-0.015258783497165427
 20
-6.824870035560227
 10
-0.10791100934082375
 20
-6.732217809716569
 10
-0.2932154610281404
 20
-6.732217809716569
 10
-0.3858676868717987
 20
-6.824870035560227
 10
-0.478519912715457
 20
-6.917522261403886
 10
-0.5711721385591153
 20
-7.010174487247544
 10
-0.5711721385591153
 20
-7.195478938934861
 10
-0.5711721385591153
 20
-7.380783390622177
 10
-0.5711721385591153
 20
-7.566087842309494
 10
-0.6638243644027736
 20
-7.658740068153152
 10
-0.756476590246432
 20
-7.75139229399681
 10
-0.756476590246432
 20
-7.936696745684127
 10
-0.756476590246432
 20
-8.122001197371445
 10
-0.756476590246432
 20
-8.30730564905876
 10
-0.8491288160900903
 20
-8.39995787490242
 10
-0.9417810419337486
 20
-8.492610100746077
 10
-0.9417810419337486
 20
-8.677914552433394
 10
-0.9417810419337486
 20
-8.86321900412071
 10
-0.9417810419337486
 20
-9.048523455808027
 10
-1.0344332677774069
 20
-9.141175681651685
 10
-1.1270854936210652
 20
-9.233827907495343
 10
-1.1270854936210652
 20
-9.41913235918266
 10
-1.1270854936210652
 20
-9.604436810869977
 10
-1.1270854936210652
 20
-9.789741262557293
 10
-1.2197377194647234
 20
-9.882393488400952
 10
-1.3123899453083818
 20
-9.97504571424461
 10
-1.3123899453083818
 20
-10.160350165931927
 10
-1.3123899453083818
 20
-10.345654617619243
 10
-1.3123899453083818
 20
-10.53095906930656
 10
-1.4050421711520402
 20
-10.623611295150218
 10
-1.4976943969956984
 20
-10.716263520993877
 10
-1.4976943969956984
 20
-10.901567972681192
 10
-1.4976943969956984
 20
-11.08687242436851
 10
-1.4976943969956984
 20
-11.272176876055827
 10
-1.5903466228393568
 20
-11.364829101899485
 10
-1.6829988486830152
 20
-11.457481327743142
 10
-1.6829988486830152
 20
-11.64278577943046
 10
-1.6829988486830152
 20
-11.828090231117777
 10
-1.6829988486830152
 20
-12.013394682805092
 10
-1.7756510745266734
 20
-12.106046908648752
 10
-1.8683033003703318
 20
-12.19869913449241
 10
-1.8683033003703318
 20
-12.384003586179727
 10
-1.8683033003703318
 20
-12.569308037867042
 10
-1.8683033003703318
 20
-12.75461248955436
 10
-1.96095552621399
 20
-12.847264715398017
 10
-2.0536077520576486
 20
-12.939916941241677
 10
-2.0536077520576486
 20
-13.125221392928992
 10
-2.0536077520576486
 20
-13.31052584461631
 10
-2.0536077520576486
 20
-13.495830296303627
 10
-2.0536077520576486
 20
-13.681134747990942
 10
-2.0536077520576486
 20
-13.86643919967826
 10
-2.1462599779013067
 20
-13.959091425521917
 10
-2.238912203744965
 20
-14.051743651365577
 10
-2.238912203744965
 20
-14.237048103052892
 10
-2.238912203744965
 20
-14.42235255474021
 10
-2.238912203744965
 20
-14.607657006427527
 10
-2.238912203744965
 20
-14.792961458114842
 10
-2.238912203744965
 20
-14.97826590980216
 10
-2.238912203744965
 20
-15.163570361489475
 10
-2.238912203744965
 20
-15.348874813176792
 10
-2.238912203744965
 20
-15.53417926486411
 10
-2.238912203744965
 20
-15.719483716551425
 10
-2.238912203744965
 20
-15.904788168238742
 10
-2.238912203744965
 20
-16.090092619926057
 10
-2.238912203744965
 20
-16.275397071613376
 10
-2.238912203744965
 20
-16.460701523300692
 10
-2.1462599779013067
 20
-16.55335374914435
 10
-2.0536077520576486
 20
-16.646005974988007
 10
-2.0536077520576486
 20
-16.831310426675326
 10
-2.0536077520576486
 20
-17.016614878362642
 10
-2.0536077520576486
 20
-17.201919330049957
 10
-2.0536077520576486
 20
-17.387223781737276
 10
-1.96095552621399
 20
-17.479876007580934
 10
-1.8683033003703318
 20
-17.572528233424592
 10
-1.8683033003703318
 20
-17.757832685111907
 10
-1.8683033003703318
 20
-17.943137136799226
 10
-1.8683033003703318
 20
-18.12844158848654
 10
-1.7756510745266734
 20
-18.2210938143302
 10
-1.6829988486830152
 20
-18.313746040173857
 10
-1.6829988486830152
 20
-18.499050491861176
 10
-1.5903466228393568
 20
-18.591702717704834
 10
-1.4976943969956984
 20
-18.68435494354849
 10
-1.4976943969956984
 20
-18.869659395235807
 10
-1.4976943969956984
 20
-19.054963846923126
 10
-1.4050421711520402
 20
-19.147616072766784
 10
-1.3123899453083818
 20
-19.24026829861044
 10
-1.3123899453083818
 20
-19.425572750297757
 10
-1.2197377194647234
 20
-19.518224976141415
 10
-1.1270854936210652
 20
-19.610877201985076
 10
-1.1270854936210652
 20
-19.79618165367239
 10
-1.0344332677774069
 20
-19.88883387951605
 10
-0.9417810419337486
 20
-19.981486105359707
 10
-0.8491288160900903
 20
-20.074138331203365
 10
-0.756476590246432
 20
-20.166790557047026
 10
-0.756476590246432
 20
-20.35209500873434
 10
-0.6638243644027736
 20
-20.444747234578
 10
-0.5711721385591153
 20
-20.537399460421657
 10
-0.478519912715457
 20
-20.630051686265315
 10
-0.3858676868717987
 20
-20.722703912108976
 10
-0.3858676868717987
 20
-20.90800836379629
 10
-0.2932154610281404
 20
-21.00066058963995
 10
-0.20056323518448205
 20
-21.093312815483607
 10
-0.10791100934082375
 20
-21.185965041327265
 10
-0.015258783497165427
 20
-21.278617267170926
 10
0.07739344234649288
 20
-21.371269493014584
 10
0.1700456681901512
 20
-21.46392171885824
 10
0.1700456681901512
 20
-21.649226170545557
 10
0.2626978940338095
 20
-21.741878396389215
 10
0.35535011987746784
 20
-21.834530622232876
 10
0.4480023457211261
 20
-21.927182848076534
 10
0.5406545715647845
 20
-22.01983507392019
 10
0.6333067974084428
 20
-22.11248729976385
 10
0.725959023252101
 20
-22.205139525607507
 10
0.8186112490957594
 20
-22.297791751451165
 10
0.9112634749394177
 20
-22.390443977294826
 10
1.0039157007830761
 20
-22.483096203138484
 10
1.0965679266267343
 20
-22.57574842898214
 10
1.1892201524703927
 20
-22.6684006548258
 10
1.2818723783140509
 20
-22.761052880669457
 10
1.2818723783140509
 20
-22.946357332356776
 10
1.3745246041577093
 20
-23.039009558200434
 10
1.4671768300013677
 20
-23.13166178404409
 10
1.5598290558450258
 20
-23.22431400988775
 10
1.6524812816886842
 20
-23.316966235731407
 10
1.7451335075323426
 20
-23.409618461575064
 10
1.8377857333760008
 20
-23.502270687418726
 10
1.9304379592196592
 20
-23.594922913262383
 10
2.0230901850633174
 20
-23.68757513910604
 10
2.115742410906976
 20
-23.7802273649497
 10
2.208394636750634
 20
-23.872879590793357
 10
2.3010468625942924
 20
-23.965531816637014
 10
2.3936990884379505
 20
-24.058184042480672
 10
2.486351314281609
 20
-24.150836268324333
 10
2.5790035401252673
 20
-24.24348849416799
 10
2.6716557659689255
 20
-24.33614072001165
 10
2.764307991812584
 20
-24.428792945855307
 10
2.8569602176562423
 20
-24.521445171698964
 10
2.9496124434999005
 20
-24.614097397542622
 10
3.042264669343559
 20
-24.706749623386283
 10
3.1349168951872173
 20
-24.79940184922994
 10
3.2275691210308755
 20
-24.8920540750736
 10
3.4128735727181922
 20
-24.8920540750736
 10
3.5055257985618504
 20
-24.984706300917257
 10
3.598178024405509
 20
-25.077358526760914
 10
3.690830250249167
 20
-25.170010752604572
 10
3.7834824760928254
 20
-25.262662978448233
 10
3.8761347019364836
 20
-25.35531520429189
 10
3.968786927780142
 20
-25.44796743013555
 10
4.061439153623801
 20
-25.540619655979206
 10
4.1540913794674585
 20
-25.633271881822864
 10
4.246743605311117
 20
-25.725924107666522
 10
4.339395831154776
 20
-25.818576333510183
 10
4.4320480569984335
 20
-25.91122855935384
 10
4.524700282842092
 20
-26.0038807851975
 10
4.61735250868575
 20
-26.096533011041156
 10
4.7100047345294085
 20
-26.189185236884814
 10
4.802656960373067
 20
-26.281837462728472
 10
4.895309186216725
 20
-26.374489688572133
 10
5.080613637904042
 20
-26.374489688572133
 10
5.1732658637477
 20
-26.46714191441579
 10
5.265918089591358
 20
-26.55979414025945
 10
5.358570315435017
 20
-26.652446366103106
 10
5.451222541278675
 20
-26.745098591946764
 10
5.543874767122333
 20
-26.837750817790422
 10
5.636526992965992
 20
-26.930403043634083
 10
5.72917921880965
 20
-27.02305526947774
 10
5.821831444653308
 20
-27.1157074953214
 10
5.914483670496967
 20
-27.208359721165056
 10
6.007135896340625
 20
-27.301011947008714
 10
6.192440348027942
 20
-27.301011947008714
 10
6.2850925738716
 20
-27.39366417285237
 10
6.377744799715258
 20
-27.486316398696033
 10
6.470397025558917
 20
-27.57896862453969
 10
6.563049251402575
 20
-27.67162085038335
 10
6.748353703089892
 20
-27.67162085038335
 10
6.84100592893355
 20
-27.764273076227006
 10
6.933658154777208
 20
-27.856925302070664
 10
7.026310380620867
 20
-27.94957752791432
 10
7.118962606464525
 20
-28.042229753757983
 10
7.304267058151842
 20
-28.042229753757983
 10
7.3969192839955
 20
-28.13488197960164
 10
7.489571509839158
 20
-28.2275342054453
 10
7.582223735682816
 20
-28.320186431288956
 10
7.6748759615264746
 20
-28.412838657132614
 10
7.860180413213791
 20
-28.412838657132614
 10
7.9528326390574495
 20
-28.50549088297627
 10
8.045484864901107
 20
-28.598143108819933
 10
8.230789316588424
 20
-28.598143108819933
 10
8.323441542432082
 20
-28.69079533466359
 10
8.416093768275742
 20
-28.78344756050725
 10
8.601398219963057
 20
-28.78344756050725
 10
8.694050445806717
 20
-28.876099786350906
 10
8.786702671650374
 20
-28.968752012194564
 10
8.972007123337692
 20
-28.968752012194564
 10
9.06465934918135
 20
-29.06140423803822
 10
9.157311575025007
 20
-29.154056463881883
 10
9.342616026712324
 20
-29.154056463881883
 10
9.527920478399642
 20
-29.154056463881883
 10
9.6205727042433
 20
-29.24670868972554
 10
9.713224930086957
 20
-29.3393609155692
 10
9.898529381774274
 20
-29.3393609155692
 10
10.083833833461592
 20
-29.3393609155692
 10
10.269138285148907
 20
-29.3393609155692
 10
10.454442736836224
 20
-29.3393609155692
 10
10.547094962679882
 20
-29.432013141412856
 10
10.639747188523542
 20
-29.524665367256514
 10
10.825051640210857
 20
-29.524665367256514
 10
11.010356091898174
 20
-29.524665367256514
 10
11.195660543585491
 20
-29.524665367256514
 10
11.380964995272807
 20
-29.524665367256514
 10
11.566269446960124
 20
-29.524665367256514
 10
11.751573898647441
 20
-29.524665367256514
 10
11.936878350334757
 20
-29.524665367256514
 10
12.122182802022074
 20
-29.524665367256514
 10
12.30748725370939
 20
-29.524665367256514
 10
12.400139479553049
 20
-29.432013141412856
  0
LWPOLYLINE
  5
34
330
17
100
AcDbEntity
  8
0
 62
5
100
AcDbPolyline
 90
250
 70
1
 10
-9.928683606706473
 20
-48.70367611689379
 10
-9.929046948768605
 20
-48.70331277483165
 10
-10.114351400455922
 20
-48.70331277483165
 10
-10.299655852143239
 20
-48.70331277483165
 10
-10.484960303830555
 20
-48.70331277483165
 10
-10.670264755517872
 20
-48.70331277483165
 10
-10.855205865143057
 20
-48.518371665206466
 10
-10.855569207205189
 20
-48.518008323144336
 10
-11.040873658892504
 20
-48.518008323144336
 10
-11.226178110579822
 20
-48.518008323144336
 10
-11.411482562267139
 20
-48.518008323144336
 10
-11.596787013954454
 20
-48.518008323144336
 10
-11.78172812357964
 20
-48.33306721351915
 10
-11.782091465641772
 20
-48.33270387145702
 10
-11.967395917329087
 20
-48.33270387145702
 10
-12.152700369016404
 20
-48.33270387145702
 10
-12.338004820703722
 20
-48.33270387145702
 10
-12.522945930328905
 20
-48.147762761831835
 10
-12.523309272391037
 20
-48.147399419769705
 10
-12.708613724078354
 20
-48.147399419769705
 10
-12.893918175765672
 20
-48.147399419769705
 10
-13.079222627452987
 20
-48.147399419769705
 10
-13.264163737078173
 20
-47.96245831014452
 10
-13.264527079140304
 20
-47.96209496808239
 10
-13.449831530827622
 20
-47.96209496808239
 10
-13.635135982514937
 20
-47.96209496808239
 10
-13.820077092140123
 20
-47.777153858457204
 10
-13.820077092140123
 20
-47.59184940676989
 10
-13.820077092140123
 20
-47.406544955082566
 10
-13.635135982514937
 20
-47.22160384545739
 10
-13.634772640452805
 20
-47.22124050339525
 10
-13.634772640452805
 20
-47.035936051707935
 10
-13.634772640452805
 20
-46.85063160002062
 10
-13.634772640452805
 20
-46.665327148333304
 10
-13.449831530827622
 20
-46.48038603870812
 10
-13.44946818876549
 20
-46.48002269664599
 10
-13.264527079140304
 20
-46.2950815870208
 10
-13.079585969515119
 20
-46.48002269664599
 10
-13.079222627452987
 20
-46.48038603870812
 10
-12.893918175765672
 20
-46.48038603870812
 10
-12.708613724078354
 20
-46.48038603870812
 10
-12.523309272391037
 20
-46.48038603870812
 10
-12.338368162765853
 20
-46.665327148333304
 10
-12.338004820703722
 20
-46.665690490395434
 10
-12.152700369016404
 20
-46.665690490395434
 10
-11.967395917329087
 20
-46.665690490395434
 10
-11.782091465641772
 20
-46.665690490395434
 10
-11.597150356016586
 20
-46.85063160002062
 10
-11.596787013954454
 20
-46.85099494208275
 10
-11.411482562267139
 20
-46.85099494208275
 10
-11.226178110579822
 20
-46.85099494208275
 10
-11.040873658892504
 20
-46.85099494208275
 10
-10.855569207205189
 20
-46.85099494208275
 10
-10.670628097580003
 20
-47.035936051707935
 10
-10.670264755517872
 20
-47.036299393770065
 10
-10.484960303830555
 20
-47.036299393770065
 10
-10.299655852143239
 20
-47.036299393770065
 10
-10.114351400455922
 20
-47.036299393770065
 10
-9.929046948768605
 20
-47.036299393770065
 10
-9.74410583914342
 20
-47.22124050339525
 10
-9.74374249708129
 20
-47.22160384545739
 10
-9.558438045393972
 20
-47.22160384545739
 10
-9.373133593706655
 20
-47.22160384545739
 10
-9.18782914201934
 20
-47.22160384545739
 10
-9.002524690332022
 20
-47.22160384545739
 10
-8.817220238644705
 20
-47.22160384545739
 10
-8.63227912901952
 20
-47.406544955082566
 10
-8.63191578695739
 20
-47.4069082971447
 10
-8.446611335270072
 20
-47.4069082971447
 10
-8.261306883582755
 20
-47.4069082971447
 10
-8.07600243189544
 20
-47.4069082971447
 10
-7.890697980208122
 20
-47.4069082971447
 10
-7.705393528520806
 20
-47.4069082971447
 10
-7.5200890768334885
 20
-47.4069082971447
 10
-7.335147967208304
 20
-47.59184940676989
 10
-7.334784625146172
 20
-47.59221274883202
 10
-7.149480173458856
 20
-47.59221274883202
 10
-6.964175721771539
 20
-47.59221274883202
 10
-6.778871270084222
 20
-47.59221274883202
 10
-6.593566818396906
 20
-47.59221274883202
 10
-6.4082623667095895
 20
-47.59221274883202
 10
-6.222957915022272
 20
-47.59221274883202
 10
-6.037653463334956
 20
-47.59221274883202
 10
-5.8523490116476395
 20
-47.59221274883202
 10
-5.667407902022454
 20
-47.777153858457204
 10
-5.667044559960322
 20
-47.777517200519334
 10
-5.481740108273006
 20
-47.777517200519334
 10
-5.29643565658569
 20
-47.777517200519334
 10
-5.111131204898372
 20
-47.777517200519334
 10
-4.925826753211056
 20
-47.777517200519334
 10
-4.74052230152374
 20
-47.777517200519334
 10
-4.555217849836422
 20
-47.777517200519334
 10
-4.369913398149106
 20
-47.777517200519334
 10
-4.18460894646179
 20
-47.777517200519334
 10
-3.999304494774473
 20
-47.777517200519334
 10
-3.814000043087156
 20
-47.777517200519334
 10
-3.6286955913998398
 20
-47.777517200519334
 10
-3.443391139712523
 20
-47.777517200519334
 10
-3.2580866880252066
 20
-47.777517200519334
 10
-3.07278223633789
 20
-47.777517200519334
 10
-2.887477784650573
 20
-47.777517200519334
 10
-2.7021733329632567
 20
-47.777517200519334
 10
-2.51686888127594
 20
-47.777517200519334
 10
-2.331564429588623
 20
-47.777517200519334
 10
-2.1462599779013067
 20
-47.777517200519334
 10
-1.96095552621399
 20
-47.777517200519334
 10
-1.7756510745266734
 20
-47.777517200519334
 10
-1.5907099649014884
 20
-47.96245831014452
 10
-1.5903466228393568
 20
-47.96282165220665
 10
-1.5899832807772252
 20
-47.96245831014452
 10
-1.4050421711520402
 20
-47.777517200519334
 10
-1.2197377194647234
 20
-47.777517200519334
 10
-1.0344332677774069
 20
-47.777517200519334
 10
-0.8491288160900903
 20
-47.777517200519334
 10
-0.6638243644027736
 20
-47.777517200519334
 10
-0.478519912715457
 20
-47.777517200519334
 10
-0.2932154610281404
 20
-47.777517200519334
 10
-0.10791100934082375
 20
-47.777517200519334
 10
0.07739344234649288
 20
-47.777517200519334
 10
0.2626978940338095
 20
-47.777517200519334
 10
0.4480023457211261
 20
-47.777517200519334
 10
0.6333067974084428
 20
-47.777517200519334
 10
0.8186112490957594
 20
-47.777517200519334
 10
1.0039157007830761
 20
-47.777517200519334
 10
1.1892201524703927
 20
-47.777517200519334
 10
1.3745246041577093
 20
-47.777517200519334
 10
1.5598290558450258
 20
-47.777517200519334
 10
1.7451335075323426
 20
-47.777517200519334
 10
1.9304379592196592
 20
-47.777517200519334
 10
2.115742410906976
 20
-47.777517200519334
 10
2.3010468625942924
 20
-47.777517200519334
 10
2.486351314281609
 20
-47.777517200519334
 10
2.486714656343741
 20
-47.777153858457204
 10
2.6716557659689255
 20
-47.59221274883202
 10
2.8569602176562423
 20
-47.59221274883202
 10
3.042264669343559
 20
-47.59221274883202
 10
3.2275691210308755
 20
-47.59221274883202
 10
3.4128735727181922
 20
-47.59221274883202
 10
3.598178024405509
 20
-47.59221274883202
 10
3.7834824760928254
 20
-47.59221274883202
 10
3.968786927780142
 20
-47.59221274883202
 10
4.1540913794674585
 20
-47.59221274883202
 10
4.15445472152959
 20
-47.59184940676989
 10
4.339395831154776
 20
-47.4069082971447
 10
4.524700282842092
 20
-47.4069082971447
 10
4.7100047345294085
 20
-47.4069082971447
 10
4.895309186216725
 20
-47.4069082971447
 10
5.080613637904042
 20
-47.4069082971447
 10
5.265918089591358
 20
-47.4069082971447
 10
5.451222541278675
 20
-47.4069082971447
 10
5.451585883340806
 20
-47.406544955082566
 10
5.636526992965992
 20
-47.22160384545739
 10
5.821831444653308
 20
-47.22160384545739
 10
6.007135896340625
 20
-47.22160384545739
 10
6.192440348027942
 20
-47.22160384545739
 10
6.377744799715258
 20
-47.22160384545739
 10
6.563049251402575
 20
-47.22160384545739
 10
6.563412593464706
 20
-47.22124050339525
 10
6.748353703089892
 20
-47.036299393770065
 10
6.933658154777208
 20
-47.036299393770065
 10
7.118962606464525
 20
-47.036299393770065
 10
7.304267058151842
 20
-47.036299393770065
 10
7.489571509839158
 20
-47.036299393770065
 10
7.48993485190129
 20
-47.035936051707935
 10
7.6748759615264746
 20
-46.85099494208275
 10
7.860180413213791
 20
-46.85099494208275
 10
8.045484864901107
 20
-46.85099494208275
 10
8.230789316588424
 20
-46.85099494208275
 10
8.416093768275742
 20
-46.85099494208275
 10
8.416457110337873
 20
-46.85063160002062
 10
8.601398219963057
 20
-46.665690490395434
 10
8.786702671650374
 20
-46.665690490395434
 10
8.972007123337692
 20
-46.665690490395434
 10
9.157311575025007
 20
-46.665690490395434
 10
9.157674917087139
 20
-46.665327148333304
 10
9.342616026712324
 20
-46.48038603870812
 10
9.527920478399642
 20
-46.48038603870812
 10
9.713224930086957
 20
-46.48038603870812
 10
9.898529381774274
 20
-46.48038603870812
 10
9.898892723836406
 20
-46.48002269664599
 10
10.083833833461592
 20
-46.2950815870208
 10
10.269138285148907
 20
-46.2950815870208
 10
10.454442736836224
 20
-46.2950815870208
 10
10.639747188523542
 20
-46.2950815870208
 10
10.640110530585673
 20
-46.294718244958666
 10
10.825051640210857
 20
-46.10977713533349
 10
11.010356091898174
 20
-46.10977713533349
 10
11.195660543585491
 20
-46.10977713533349
 10
11.196023885647623
 20
-46.10941379327135
 10
11.380964995272807
 20
-45.924472683646165
 10
11.566269446960124
 20
-45.924472683646165
 10
11.751573898647441
 20
-45.924472683646165
 10
11.936878350334757
 20
-45.924472683646165
 10
11.937241692396888
 20
-45.924109341584035
 10
12.122182802022074
 20
-45.73916823195885
 10
12.30748725370939
 20
-45.73916823195885
 10
12.492791705396707
 20
-45.73916823195885
 10
12.678096157084024
 20
-45.73916823195885
 10
12.863037266709208
 20
-45.924109341584035
 10
12.863037266709208
 20
-46.10941379327135
 10
12.863037266709208
 20
-46.294718244958666
 10
12.86340060877134
 20
-46.2950815870208
 10
13.048341718396525
 20
-46.48002269664599
 10
13.048341718396525
 20
-46.665327148333304
 10
13.048341718396525
 20
-46.85063160002062
 10
13.048705060458657
 20
-46.85099494208275
 10
13.233646170083842
 20
-47.035936051707935
 10
13.048705060458657
 20
-47.22087716133312
 10
12.86340060877134
 20
-47.22087716133312
 10
12.863037266709208
 20
-47.22124050339525
 10
12.678096157084024
 20
-47.406181613020436
 10
12.492791705396707
 20
-47.406181613020436
 10
12.30748725370939
 20
-47.406181613020436
 10
12.307123911647258
 20
-47.406544955082566
 10
12.122182802022074
 20
-47.59148606470775
 10
11.936878350334757
 20
-47.59148606470775
 10
11.751573898647441
 20
-47.59148606470775
 10
11.751210556585308
 20
-47.59184940676989
 10
11.566269446960124
 20
-47.77679051639507
 10
11.380964995272807
 20
-47.77679051639507
 10
11.195660543585491
 20
-47.77679051639507
 10
11.010356091898174
 20
-47.77679051639507
 10
11.009992749836043
 20
-47.777153858457204
 10
10.825051640210857
 20
-47.96209496808239
 10
10.639747188523542
 20
-47.96209496808239
 10
10.454442736836224
 20
-47.96209496808239
 10
10.269138285148907
 20
-47.96209496808239
 10
10.268774943086775
 20
-47.96245831014452
 10
10.083833833461592
 20
-48.147399419769705
 10
9.898529381774274
 20
-48.147399419769705
 10
9.713224930086957
 20
-48.147399419769705
 10
9.527920478399642
 20
-48.147399419769705
 10
9.52755713633751
 20
-48.147762761831835
 10
9.342616026712324
 20
-48.33270387145702
 10
9.157311575025007
 20
-48.33270387145702
 10
8.972007123337692
 20
-48.33270387145702
 10
8.786702671650374
 20
-48.33270387145702
 10
8.786339329588243
 20
-48.33306721351915
 10
8.601398219963057
 20
-48.518008323144336
 10
8.416093768275742
 20
-48.518008323144336
 10
8.230789316588424
 20
-48.518008323144336
 10
8.045484864901107
 20
-48.518008323144336
 10
7.860180413213791
 20
-48.518008323144336
 10
7.859817071151659
 20
-48.518371665206466
 10
7.6748759615264746
 20
-48.70331277483165
 10
7.489571509839158
 20
-48.70331277483165
 10
7.304267058151842
 20
-48.70331277483165
 10
7.118962606464525
 20
-48.70331277483165
 10
6.933658154777208
 20
-48.70331277483165
 10
6.933294812715077
 20
-48.70367611689379
  0
ENDSEC
  0
SECTION
  2
OBJECTS
  0
DICTIONARY
  5
A
330
0
100
AcDbDictionary
281
1
  3
ACAD_COLOR
350
B
  3
ACAD_GROUP
350
C
  3
ACAD_LAYOUT
350
D
  3
ACAD_MATERIAL
350
E
  3
ACAD_MLEADERSTYLE
350
F
  3
ACAD_MLINESTYLE
350
10
  3
ACAD_PLOTSETTINGS
350
11
  3
ACAD_PLOTSTYLENAME
350
12
  3
ACAD_SCALELIST
350
14
  3
ACAD_TABLESTYLE
350
15
  3
ACAD_VISUALSTYLE
350
16
  3
EZDXF_META
350
2D
  0
DICTIONARY
  5
B
330
A
100
AcDbDictionary
281
1
  0
DICTIONARY
  5
C
330
A
100
AcDbDictionary
281
1
  0
DICTIONARY
  5
D
330
A
100
AcDbDictionary
281
1
  3
Model
350
1A
  3
Layout1
350
1E
  0
DICTIONARY
  5
E
330
A
100
AcDbDictionary
281
1
  3
ByBlock
350
1F
  3
ByLayer
350
20
  3
Global
350
21
  0
DICTIONARY
  5
F
330
A
100
AcDbDictionary
281
1
  3
Standard
350
2C
  0
DICTIONARY
  5
10
330
A
100
AcDbDictionary
281
1
  3
Standard
350
22
  0
DICTIONARY
  5
11
330
A
100
AcDbDictionary
281
1
  0
ACDBDICTIONARYWDFLT
  5
12
330
A
100
AcDbDictionary
281
1
  3
Normal
350
13
100
AcDbDictionaryWithDefault
340
13
  0
ACDBPLACEHOLDER
  5
13
330
12
  0
DICTIONARY
  5
14
330
A
100
AcDbDictionary
281
1
  0
DICTIONARY
  5
15
330
A
100
AcDbDictionary
281
1
  0
DICTIONARY
  5
16
330
A
100
AcDbDictionary
281
1
  0
LAYOUT
  5
1A
330
D
100
AcDbPlotSettings
  1

  4
A3
  6

 40
7.5
 41
20.0
 42
7.5
 43
20.0
 44
420.0
 45
297.0
 46
0.0
 47
0.0
 48
0.0
 49
0.0
140
0.0
141
0.0
142
1.0
143
1.0
 70
1024
 72
1
 73
0
 74
5
  7

 75
16
 76
0
 77
2
 78
300
147
1.0
148
0.0
149
0.0
100
AcDbLayout
  1
Model
 70
1
 71
0
 10
0.0
 20
0.0
 11
420.0
 21
297.0
 12
0.0
 22
0.0
 32
0.0
 14
1e+20
 24
1e+20
 34
1e+20
 15
-1e+20
 25
-1e+20
 35
-1e+20
146
0.0
 13
0.0
 23
0.0
 33
0.0
 16
1.0
 26
0.0
 36
0.0
 17
0.0
 27
1.0
 37
0.0
 76
1
330
17
  0
LAYOUT
  5
1E
330
D
100
AcDbPlotSettings
  1

  4
A3
  6

 40
7.5
 41
20.0
 42
7.5
 43
20.0
 44
420.0
 45
297.0
 46
0.0
 47
0.0
 48
0.0
 49
0.0
140
0.0
141
0.0
142
1.0
143
1.0
 70
0
 72
1
 73
0
 74
5
  7

 75
16
 76
0
 77
2
 78
300
147
1.0
148
0.0
149
0.0
100
AcDbLayout
  1
Layout1
 70
1
 71
1
 10
0.0
 20
0.0
 11
420.0
 21
297.0
 12
0.0
 22
0.0
 32
0.0
 14
1e+20
 24
1e+20
 34
1e+20
 15
-1e+20
 25
-1e+20
 35
-1e+20
146
0.0
 13
0.0
 23
0.0
 33
0.0
 16
1.0
 26
0.0
 36
0.0
 17
0.0
 27
1.0
 37
0.0
 76
1
330
1B
  0
MATERIAL
  5
1F
102
{ACAD_REACTORS
330
E
102
}
330
E
100
AcDbMaterial
  1
ByBlock
  2

 70
0
 40
1.0
 71
1
 41
1.0
 91
-1023410177
 42
1.0
 72
1
  3

 73
1
 74
1
 75
1
 44
0.5
 73
0
 45
1.0
 46
1.0
 77
1
  4

 78
1
 79
1
170
1
 48
1.0
171
1
  6

172
1
173
1
174
1
140
1.0
141
1.0
175
1
  7

176
1
177
1
178
1
143
1.0
179
1
  8

270
1
271
1
272
1
145
1.0
146
1.0
273
1
  9

274
1
275
1
276
1
 42
1.0
 72
1
  3

 73
1
 74
1
 75
1
 94
63
  0
MATERIAL
  5
20
102
{ACAD_REACTORS
330
E
102
}
330
E
100
AcDbMaterial
  1
ByLayer
  2

 70
0
 40
1.0
 71
1
 41
1.0
 91
-1023410177
 42
1.0
 72
1
  3

 73
1
 74
1
 75
1
 44
0.5
 73
0
 45
1.0
 46
1.0
 77
1
  4

 78
1
 79
1
170
1
 48
1.0
171
1
  6

172
1
173
1
174
1
140
1.0
141
1.0
175
1
  7

176
1
177
1
178
1
143
1.0
179
1
  8

270
1
271
1
272
1
145
1.0
146
1.0
273
1
  9

274
1
275
1
276
1
 42
1.0
 72
1
  3

 73
1
 74
1
 75
1
 94
63
  0
MATERIAL
  5
21
102
{ACAD_REACTORS
330
E
102
}
330
E
100
AcDbMaterial
  1
Global
  2

 70
0
 40
1.0
 71
1
 41
1.0
 91
-1023410177
 42
1.0
 72
1
  3

 73
1
 74
1
 75
1
 44
0.5
 73
0
 45
1.0
 46
1.0
 77
1
  4

 78
1
 79
1
170
1
 48
1.0
171
1
  6

172
1
173
1
174
1
140
1.0
141
1.0
175
1
  7

176
1
177
1
178
1
143
1.0
179
1
  8

270
1
271
1
272
1
145
1.0
146
1.0
273
1
  9

274
1
275
1
276
1
 42
1.0
 72
1
  3

 73
1
 74
1
 75
1
 94
63
  0
MLINESTYLE
  5
22
102
{ACAD_REACTORS
330
10
102
}
330
10
100
AcDbMlineStyle
  2
Standard
 70
0
  3

 62
256
 51
90.0
 52
90.0
 71
2
 49
0.5
 62
256
  6
BYLAYER
 49
-0.5
 62
256
  6
BYLAYER
  0
MLEADERSTYLE
  5
2C
102
{ACAD_REACTORS
330
F
102
}
330
F
100
AcDbMLeaderStyle
179
2
170
2
171
1
172
0
 90
2
 40
0.0
 41
0.0
173
1
 91
-1056964608
 92
-2
290
1
 42
2.0
291
1
 43
8.0
  3
Standard
 44
4.0
300

342
29
174
1
175
1
176
0
178
1
 93
-1056964608
 45
4.0
292
0
297
0
 46
4.0
 94
-1056964608
 47
1.0
 49
1.0
140
1.0
294
1
141
0.0
177
0
142
1.0
295
0
296
0
143
3.75
271
0
272
9
273
9
  0
DICTIONARY
  5
2D
330
A
100
AcDbDictionary
280
1
281
1
  3
CREATED_BY_EZDXF
350
2E
  3
WRITTEN_BY_EZDXF
350
37
  0
DICTIONARYVAR
  5
2E
330
2D
100
DictionaryVariables
280
0
  1
1.4.2 @ 2025-06-27T14:25:27.808526+00:00
  0
DICTIONARYVAR
  5
37
330
2D
100
DictionaryVariables
280
0
  1
1.4.2 @ 2025-06-27T14:25:27.835438+00:00
  0
ENDSEC
  0
EOF
