ISO-10303-21;
HEADER;
/* Generated by software containing ST-Developer
 * from STEP Tools, Inc. (www.steptools.com) 
 */

FILE_DESCRIPTION(
/* description */ (''),
/* implementation_level */ '2;1');

FILE_NAME(
/* name */ 'plateB.step',
/* time_stamp */ '2026-06-03T12:57:53+01:00',
/* author */ (''),
/* organization */ (''),
/* preprocessor_version */ 'ST-DEVELOPER v20.1',
/* originating_system */ 'Autodesk Translation Framework v15.8.0.0',
/* authorisation */ '');

FILE_SCHEMA (('AUTOMOTIVE_DESIGN { 1 0 10303 214 3 1 1 }'));
ENDSEC;

DATA;
#10=MECHANICAL_DESIGN_GEOMETRIC_PRESENTATION_REPRESENTATION('',(#13,#14,
#15,#16),#10189);
#11=SHAPE_REPRESENTATION_RELATIONSHIP('SRR','None',#10196,#12);
#12=ADVANCED_BREP_SHAPE_REPRESENTATION('',(#17,#18,#19,#20),#10188);
#13=STYLED_ITEM('',(#10205),#17);
#14=STYLED_ITEM('',(#10205),#18);
#15=STYLED_ITEM('',(#10205),#19);
#16=STYLED_ITEM('',(#10205),#20);
#17=MANIFOLD_SOLID_BREP('Body1',#6466);
#18=MANIFOLD_SOLID_BREP('Body2',#6467);
#19=MANIFOLD_SOLID_BREP('Body3',#6468);
#20=MANIFOLD_SOLID_BREP('Body4',#6469);
#21=FACE_BOUND('',#444,.T.);
#22=FACE_BOUND('',#445,.T.);
#23=FACE_BOUND('',#447,.T.);
#24=FACE_BOUND('',#448,.T.);
#25=FACE_BOUND('',#634,.T.);
#26=FACE_BOUND('',#636,.T.);
#27=CIRCLE('',#6536,25.);
#28=CIRCLE('',#6537,25.);
#29=CIRCLE('',#6580,25.);
#30=CIRCLE('',#6581,25.);
#31=CYLINDRICAL_SURFACE('',#6535,25.);
#32=CYLINDRICAL_SURFACE('',#6579,25.);
#33=FACE_OUTER_BOUND('',#346,.T.);
#34=FACE_OUTER_BOUND('',#347,.T.);
#35=FACE_OUTER_BOUND('',#348,.T.);
#36=FACE_OUTER_BOUND('',#349,.T.);
#37=FACE_OUTER_BOUND('',#350,.T.);
#38=FACE_OUTER_BOUND('',#351,.T.);
#39=FACE_OUTER_BOUND('',#352,.T.);
#40=FACE_OUTER_BOUND('',#353,.T.);
#41=FACE_OUTER_BOUND('',#354,.T.);
#42=FACE_OUTER_BOUND('',#355,.T.);
#43=FACE_OUTER_BOUND('',#356,.T.);
#44=FACE_OUTER_BOUND('',#357,.T.);
#45=FACE_OUTER_BOUND('',#358,.T.);
#46=FACE_OUTER_BOUND('',#359,.T.);
#47=FACE_OUTER_BOUND('',#360,.T.);
#48=FACE_OUTER_BOUND('',#361,.T.);
#49=FACE_OUTER_BOUND('',#362,.T.);
#50=FACE_OUTER_BOUND('',#363,.T.);
#51=FACE_OUTER_BOUND('',#364,.T.);
#52=FACE_OUTER_BOUND('',#365,.T.);
#53=FACE_OUTER_BOUND('',#366,.T.);
#54=FACE_OUTER_BOUND('',#367,.T.);
#55=FACE_OUTER_BOUND('',#368,.T.);
#56=FACE_OUTER_BOUND('',#369,.T.);
#57=FACE_OUTER_BOUND('',#370,.T.);
#58=FACE_OUTER_BOUND('',#371,.T.);
#59=FACE_OUTER_BOUND('',#372,.T.);
#60=FACE_OUTER_BOUND('',#373,.T.);
#61=FACE_OUTER_BOUND('',#374,.T.);
#62=FACE_OUTER_BOUND('',#375,.T.);
#63=FACE_OUTER_BOUND('',#376,.T.);
#64=FACE_OUTER_BOUND('',#377,.T.);
#65=FACE_OUTER_BOUND('',#378,.T.);
#66=FACE_OUTER_BOUND('',#379,.T.);
#67=FACE_OUTER_BOUND('',#380,.T.);
#68=FACE_OUTER_BOUND('',#381,.T.);
#69=FACE_OUTER_BOUND('',#382,.T.);
#70=FACE_OUTER_BOUND('',#383,.T.);
#71=FACE_OUTER_BOUND('',#384,.T.);
#72=FACE_OUTER_BOUND('',#385,.T.);
#73=FACE_OUTER_BOUND('',#386,.T.);
#74=FACE_OUTER_BOUND('',#387,.T.);
#75=FACE_OUTER_BOUND('',#388,.T.);
#76=FACE_OUTER_BOUND('',#389,.T.);
#77=FACE_OUTER_BOUND('',#390,.T.);
#78=FACE_OUTER_BOUND('',#391,.T.);
#79=FACE_OUTER_BOUND('',#392,.T.);
#80=FACE_OUTER_BOUND('',#393,.T.);
#81=FACE_OUTER_BOUND('',#394,.T.);
#82=FACE_OUTER_BOUND('',#395,.T.);
#83=FACE_OUTER_BOUND('',#396,.T.);
#84=FACE_OUTER_BOUND('',#397,.T.);
#85=FACE_OUTER_BOUND('',#398,.T.);
#86=FACE_OUTER_BOUND('',#399,.T.);
#87=FACE_OUTER_BOUND('',#400,.T.);
#88=FACE_OUTER_BOUND('',#401,.T.);
#89=FACE_OUTER_BOUND('',#402,.T.);
#90=FACE_OUTER_BOUND('',#403,.T.);
#91=FACE_OUTER_BOUND('',#404,.T.);
#92=FACE_OUTER_BOUND('',#405,.T.);
#93=FACE_OUTER_BOUND('',#406,.T.);
#94=FACE_OUTER_BOUND('',#407,.T.);
#95=FACE_OUTER_BOUND('',#408,.T.);
#96=FACE_OUTER_BOUND('',#409,.T.);
#97=FACE_OUTER_BOUND('',#410,.T.);
#98=FACE_OUTER_BOUND('',#411,.T.);
#99=FACE_OUTER_BOUND('',#412,.T.);
#100=FACE_OUTER_BOUND('',#413,.T.);
#101=FACE_OUTER_BOUND('',#414,.T.);
#102=FACE_OUTER_BOUND('',#415,.T.);
#103=FACE_OUTER_BOUND('',#416,.T.);
#104=FACE_OUTER_BOUND('',#417,.T.);
#105=FACE_OUTER_BOUND('',#418,.T.);
#106=FACE_OUTER_BOUND('',#419,.T.);
#107=FACE_OUTER_BOUND('',#420,.T.);
#108=FACE_OUTER_BOUND('',#421,.T.);
#109=FACE_OUTER_BOUND('',#422,.T.);
#110=FACE_OUTER_BOUND('',#423,.T.);
#111=FACE_OUTER_BOUND('',#424,.T.);
#112=FACE_OUTER_BOUND('',#425,.T.);
#113=FACE_OUTER_BOUND('',#426,.T.);
#114=FACE_OUTER_BOUND('',#427,.T.);
#115=FACE_OUTER_BOUND('',#428,.T.);
#116=FACE_OUTER_BOUND('',#429,.T.);
#117=FACE_OUTER_BOUND('',#430,.T.);
#118=FACE_OUTER_BOUND('',#431,.T.);
#119=FACE_OUTER_BOUND('',#432,.T.);
#120=FACE_OUTER_BOUND('',#433,.T.);
#121=FACE_OUTER_BOUND('',#434,.T.);
#122=FACE_OUTER_BOUND('',#435,.T.);
#123=FACE_OUTER_BOUND('',#436,.T.);
#124=FACE_OUTER_BOUND('',#437,.T.);
#125=FACE_OUTER_BOUND('',#438,.T.);
#126=FACE_OUTER_BOUND('',#439,.T.);
#127=FACE_OUTER_BOUND('',#440,.T.);
#128=FACE_OUTER_BOUND('',#441,.T.);
#129=FACE_OUTER_BOUND('',#442,.T.);
#130=FACE_OUTER_BOUND('',#443,.T.);
#131=FACE_OUTER_BOUND('',#446,.T.);
#132=FACE_OUTER_BOUND('',#449,.T.);
#133=FACE_OUTER_BOUND('',#450,.T.);
#134=FACE_OUTER_BOUND('',#451,.T.);
#135=FACE_OUTER_BOUND('',#452,.T.);
#136=FACE_OUTER_BOUND('',#453,.T.);
#137=FACE_OUTER_BOUND('',#454,.T.);
#138=FACE_OUTER_BOUND('',#455,.T.);
#139=FACE_OUTER_BOUND('',#456,.T.);
#140=FACE_OUTER_BOUND('',#457,.T.);
#141=FACE_OUTER_BOUND('',#458,.T.);
#142=FACE_OUTER_BOUND('',#459,.T.);
#143=FACE_OUTER_BOUND('',#460,.T.);
#144=FACE_OUTER_BOUND('',#461,.T.);
#145=FACE_OUTER_BOUND('',#462,.T.);
#146=FACE_OUTER_BOUND('',#463,.T.);
#147=FACE_OUTER_BOUND('',#464,.T.);
#148=FACE_OUTER_BOUND('',#465,.T.);
#149=FACE_OUTER_BOUND('',#466,.T.);
#150=FACE_OUTER_BOUND('',#467,.T.);
#151=FACE_OUTER_BOUND('',#468,.T.);
#152=FACE_OUTER_BOUND('',#469,.T.);
#153=FACE_OUTER_BOUND('',#470,.T.);
#154=FACE_OUTER_BOUND('',#471,.T.);
#155=FACE_OUTER_BOUND('',#472,.T.);
#156=FACE_OUTER_BOUND('',#473,.T.);
#157=FACE_OUTER_BOUND('',#474,.T.);
#158=FACE_OUTER_BOUND('',#475,.T.);
#159=FACE_OUTER_BOUND('',#476,.T.);
#160=FACE_OUTER_BOUND('',#477,.T.);
#161=FACE_OUTER_BOUND('',#478,.T.);
#162=FACE_OUTER_BOUND('',#479,.T.);
#163=FACE_OUTER_BOUND('',#480,.T.);
#164=FACE_OUTER_BOUND('',#481,.T.);
#165=FACE_OUTER_BOUND('',#482,.T.);
#166=FACE_OUTER_BOUND('',#483,.T.);
#167=FACE_OUTER_BOUND('',#484,.T.);
#168=FACE_OUTER_BOUND('',#485,.T.);
#169=FACE_OUTER_BOUND('',#486,.T.);
#170=FACE_OUTER_BOUND('',#487,.T.);
#171=FACE_OUTER_BOUND('',#488,.T.);
#172=FACE_OUTER_BOUND('',#489,.T.);
#173=FACE_OUTER_BOUND('',#490,.T.);
#174=FACE_OUTER_BOUND('',#491,.T.);
#175=FACE_OUTER_BOUND('',#492,.T.);
#176=FACE_OUTER_BOUND('',#493,.T.);
#177=FACE_OUTER_BOUND('',#494,.T.);
#178=FACE_OUTER_BOUND('',#495,.T.);
#179=FACE_OUTER_BOUND('',#496,.T.);
#180=FACE_OUTER_BOUND('',#497,.T.);
#181=FACE_OUTER_BOUND('',#498,.T.);
#182=FACE_OUTER_BOUND('',#499,.T.);
#183=FACE_OUTER_BOUND('',#500,.T.);
#184=FACE_OUTER_BOUND('',#501,.T.);
#185=FACE_OUTER_BOUND('',#502,.T.);
#186=FACE_OUTER_BOUND('',#503,.T.);
#187=FACE_OUTER_BOUND('',#504,.T.);
#188=FACE_OUTER_BOUND('',#505,.T.);
#189=FACE_OUTER_BOUND('',#506,.T.);
#190=FACE_OUTER_BOUND('',#507,.T.);
#191=FACE_OUTER_BOUND('',#508,.T.);
#192=FACE_OUTER_BOUND('',#509,.T.);
#193=FACE_OUTER_BOUND('',#510,.T.);
#194=FACE_OUTER_BOUND('',#511,.T.);
#195=FACE_OUTER_BOUND('',#512,.T.);
#196=FACE_OUTER_BOUND('',#513,.T.);
#197=FACE_OUTER_BOUND('',#514,.T.);
#198=FACE_OUTER_BOUND('',#515,.T.);
#199=FACE_OUTER_BOUND('',#516,.T.);
#200=FACE_OUTER_BOUND('',#517,.T.);
#201=FACE_OUTER_BOUND('',#518,.T.);
#202=FACE_OUTER_BOUND('',#519,.T.);
#203=FACE_OUTER_BOUND('',#520,.T.);
#204=FACE_OUTER_BOUND('',#521,.T.);
#205=FACE_OUTER_BOUND('',#522,.T.);
#206=FACE_OUTER_BOUND('',#523,.T.);
#207=FACE_OUTER_BOUND('',#524,.T.);
#208=FACE_OUTER_BOUND('',#525,.T.);
#209=FACE_OUTER_BOUND('',#526,.T.);
#210=FACE_OUTER_BOUND('',#527,.T.);
#211=FACE_OUTER_BOUND('',#528,.T.);
#212=FACE_OUTER_BOUND('',#529,.T.);
#213=FACE_OUTER_BOUND('',#530,.T.);
#214=FACE_OUTER_BOUND('',#531,.T.);
#215=FACE_OUTER_BOUND('',#532,.T.);
#216=FACE_OUTER_BOUND('',#533,.T.);
#217=FACE_OUTER_BOUND('',#534,.T.);
#218=FACE_OUTER_BOUND('',#535,.T.);
#219=FACE_OUTER_BOUND('',#536,.T.);
#220=FACE_OUTER_BOUND('',#537,.T.);
#221=FACE_OUTER_BOUND('',#538,.T.);
#222=FACE_OUTER_BOUND('',#539,.T.);
#223=FACE_OUTER_BOUND('',#540,.T.);
#224=FACE_OUTER_BOUND('',#541,.T.);
#225=FACE_OUTER_BOUND('',#542,.T.);
#226=FACE_OUTER_BOUND('',#543,.T.);
#227=FACE_OUTER_BOUND('',#544,.T.);
#228=FACE_OUTER_BOUND('',#545,.T.);
#229=FACE_OUTER_BOUND('',#546,.T.);
#230=FACE_OUTER_BOUND('',#547,.T.);
#231=FACE_OUTER_BOUND('',#548,.T.);
#232=FACE_OUTER_BOUND('',#549,.T.);
#233=FACE_OUTER_BOUND('',#550,.T.);
#234=FACE_OUTER_BOUND('',#551,.T.);
#235=FACE_OUTER_BOUND('',#552,.T.);
#236=FACE_OUTER_BOUND('',#553,.T.);
#237=FACE_OUTER_BOUND('',#554,.T.);
#238=FACE_OUTER_BOUND('',#555,.T.);
#239=FACE_OUTER_BOUND('',#556,.T.);
#240=FACE_OUTER_BOUND('',#557,.T.);
#241=FACE_OUTER_BOUND('',#558,.T.);
#242=FACE_OUTER_BOUND('',#559,.T.);
#243=FACE_OUTER_BOUND('',#560,.T.);
#244=FACE_OUTER_BOUND('',#561,.T.);
#245=FACE_OUTER_BOUND('',#562,.T.);
#246=FACE_OUTER_BOUND('',#563,.T.);
#247=FACE_OUTER_BOUND('',#564,.T.);
#248=FACE_OUTER_BOUND('',#565,.T.);
#249=FACE_OUTER_BOUND('',#566,.T.);
#250=FACE_OUTER_BOUND('',#567,.T.);
#251=FACE_OUTER_BOUND('',#568,.T.);
#252=FACE_OUTER_BOUND('',#569,.T.);
#253=FACE_OUTER_BOUND('',#570,.T.);
#254=FACE_OUTER_BOUND('',#571,.T.);
#255=FACE_OUTER_BOUND('',#572,.T.);
#256=FACE_OUTER_BOUND('',#573,.T.);
#257=FACE_OUTER_BOUND('',#574,.T.);
#258=FACE_OUTER_BOUND('',#575,.T.);
#259=FACE_OUTER_BOUND('',#576,.T.);
#260=FACE_OUTER_BOUND('',#577,.T.);
#261=FACE_OUTER_BOUND('',#578,.T.);
#262=FACE_OUTER_BOUND('',#579,.T.);
#263=FACE_OUTER_BOUND('',#580,.T.);
#264=FACE_OUTER_BOUND('',#581,.T.);
#265=FACE_OUTER_BOUND('',#582,.T.);
#266=FACE_OUTER_BOUND('',#583,.T.);
#267=FACE_OUTER_BOUND('',#584,.T.);
#268=FACE_OUTER_BOUND('',#585,.T.);
#269=FACE_OUTER_BOUND('',#586,.T.);
#270=FACE_OUTER_BOUND('',#587,.T.);
#271=FACE_OUTER_BOUND('',#588,.T.);
#272=FACE_OUTER_BOUND('',#589,.T.);
#273=FACE_OUTER_BOUND('',#590,.T.);
#274=FACE_OUTER_BOUND('',#591,.T.);
#275=FACE_OUTER_BOUND('',#592,.T.);
#276=FACE_OUTER_BOUND('',#593,.T.);
#277=FACE_OUTER_BOUND('',#594,.T.);
#278=FACE_OUTER_BOUND('',#595,.T.);
#279=FACE_OUTER_BOUND('',#596,.T.);
#280=FACE_OUTER_BOUND('',#597,.T.);
#281=FACE_OUTER_BOUND('',#598,.T.);
#282=FACE_OUTER_BOUND('',#599,.T.);
#283=FACE_OUTER_BOUND('',#600,.T.);
#284=FACE_OUTER_BOUND('',#601,.T.);
#285=FACE_OUTER_BOUND('',#602,.T.);
#286=FACE_OUTER_BOUND('',#603,.T.);
#287=FACE_OUTER_BOUND('',#604,.T.);
#288=FACE_OUTER_BOUND('',#605,.T.);
#289=FACE_OUTER_BOUND('',#606,.T.);
#290=FACE_OUTER_BOUND('',#607,.T.);
#291=FACE_OUTER_BOUND('',#608,.T.);
#292=FACE_OUTER_BOUND('',#609,.T.);
#293=FACE_OUTER_BOUND('',#610,.T.);
#294=FACE_OUTER_BOUND('',#611,.T.);
#295=FACE_OUTER_BOUND('',#612,.T.);
#296=FACE_OUTER_BOUND('',#613,.T.);
#297=FACE_OUTER_BOUND('',#614,.T.);
#298=FACE_OUTER_BOUND('',#615,.T.);
#299=FACE_OUTER_BOUND('',#616,.T.);
#300=FACE_OUTER_BOUND('',#617,.T.);
#301=FACE_OUTER_BOUND('',#618,.T.);
#302=FACE_OUTER_BOUND('',#619,.T.);
#303=FACE_OUTER_BOUND('',#620,.T.);
#304=FACE_OUTER_BOUND('',#621,.T.);
#305=FACE_OUTER_BOUND('',#622,.T.);
#306=FACE_OUTER_BOUND('',#623,.T.);
#307=FACE_OUTER_BOUND('',#624,.T.);
#308=FACE_OUTER_BOUND('',#625,.T.);
#309=FACE_OUTER_BOUND('',#626,.T.);
#310=FACE_OUTER_BOUND('',#627,.T.);
#311=FACE_OUTER_BOUND('',#628,.T.);
#312=FACE_OUTER_BOUND('',#629,.T.);
#313=FACE_OUTER_BOUND('',#630,.T.);
#314=FACE_OUTER_BOUND('',#631,.T.);
#315=FACE_OUTER_BOUND('',#632,.T.);
#316=FACE_OUTER_BOUND('',#633,.T.);
#317=FACE_OUTER_BOUND('',#635,.T.);
#318=FACE_OUTER_BOUND('',#637,.T.);
#319=FACE_OUTER_BOUND('',#638,.T.);
#320=FACE_OUTER_BOUND('',#639,.T.);
#321=FACE_OUTER_BOUND('',#640,.T.);
#322=FACE_OUTER_BOUND('',#641,.T.);
#323=FACE_OUTER_BOUND('',#642,.T.);
#324=FACE_OUTER_BOUND('',#643,.T.);
#325=FACE_OUTER_BOUND('',#644,.T.);
#326=FACE_OUTER_BOUND('',#645,.T.);
#327=FACE_OUTER_BOUND('',#646,.T.);
#328=FACE_OUTER_BOUND('',#647,.T.);
#329=FACE_OUTER_BOUND('',#648,.T.);
#330=FACE_OUTER_BOUND('',#649,.T.);
#331=FACE_OUTER_BOUND('',#650,.T.);
#332=FACE_OUTER_BOUND('',#651,.T.);
#333=FACE_OUTER_BOUND('',#652,.T.);
#334=FACE_OUTER_BOUND('',#653,.T.);
#335=FACE_OUTER_BOUND('',#654,.T.);
#336=FACE_OUTER_BOUND('',#655,.T.);
#337=FACE_OUTER_BOUND('',#656,.T.);
#338=FACE_OUTER_BOUND('',#657,.T.);
#339=FACE_OUTER_BOUND('',#658,.T.);
#340=FACE_OUTER_BOUND('',#659,.T.);
#341=FACE_OUTER_BOUND('',#660,.T.);
#342=FACE_OUTER_BOUND('',#661,.T.);
#343=FACE_OUTER_BOUND('',#662,.T.);
#344=FACE_OUTER_BOUND('',#663,.T.);
#345=FACE_OUTER_BOUND('',#664,.T.);
#346=EDGE_LOOP('',(#4012,#4013,#4014,#4015));
#347=EDGE_LOOP('',(#4016,#4017,#4018,#4019));
#348=EDGE_LOOP('',(#4020,#4021,#4022,#4023));
#349=EDGE_LOOP('',(#4024,#4025,#4026,#4027));
#350=EDGE_LOOP('',(#4028,#4029,#4030,#4031));
#351=EDGE_LOOP('',(#4032,#4033,#4034,#4035));
#352=EDGE_LOOP('',(#4036,#4037,#4038,#4039));
#353=EDGE_LOOP('',(#4040,#4041,#4042,#4043));
#354=EDGE_LOOP('',(#4044,#4045,#4046,#4047));
#355=EDGE_LOOP('',(#4048,#4049,#4050,#4051));
#356=EDGE_LOOP('',(#4052,#4053,#4054,#4055));
#357=EDGE_LOOP('',(#4056,#4057,#4058,#4059));
#358=EDGE_LOOP('',(#4060,#4061,#4062,#4063));
#359=EDGE_LOOP('',(#4064,#4065,#4066,#4067));
#360=EDGE_LOOP('',(#4068,#4069,#4070,#4071));
#361=EDGE_LOOP('',(#4072,#4073,#4074,#4075));
#362=EDGE_LOOP('',(#4076,#4077,#4078,#4079));
#363=EDGE_LOOP('',(#4080,#4081,#4082,#4083));
#364=EDGE_LOOP('',(#4084,#4085,#4086,#4087));
#365=EDGE_LOOP('',(#4088,#4089,#4090,#4091));
#366=EDGE_LOOP('',(#4092,#4093,#4094,#4095));
#367=EDGE_LOOP('',(#4096,#4097,#4098,#4099));
#368=EDGE_LOOP('',(#4100,#4101,#4102,#4103));
#369=EDGE_LOOP('',(#4104,#4105,#4106,#4107));
#370=EDGE_LOOP('',(#4108,#4109,#4110,#4111));
#371=EDGE_LOOP('',(#4112,#4113,#4114,#4115));
#372=EDGE_LOOP('',(#4116,#4117,#4118,#4119));
#373=EDGE_LOOP('',(#4120,#4121,#4122,#4123));
#374=EDGE_LOOP('',(#4124,#4125,#4126,#4127));
#375=EDGE_LOOP('',(#4128,#4129,#4130,#4131));
#376=EDGE_LOOP('',(#4132,#4133,#4134,#4135));
#377=EDGE_LOOP('',(#4136,#4137,#4138,#4139));
#378=EDGE_LOOP('',(#4140,#4141,#4142,#4143));
#379=EDGE_LOOP('',(#4144,#4145,#4146,#4147));
#380=EDGE_LOOP('',(#4148,#4149,#4150,#4151));
#381=EDGE_LOOP('',(#4152,#4153,#4154,#4155));
#382=EDGE_LOOP('',(#4156,#4157,#4158,#4159));
#383=EDGE_LOOP('',(#4160,#4161,#4162,#4163));
#384=EDGE_LOOP('',(#4164,#4165,#4166,#4167));
#385=EDGE_LOOP('',(#4168,#4169,#4170,#4171));
#386=EDGE_LOOP('',(#4172,#4173,#4174,#4175));
#387=EDGE_LOOP('',(#4176,#4177,#4178,#4179));
#388=EDGE_LOOP('',(#4180,#4181,#4182,#4183));
#389=EDGE_LOOP('',(#4184,#4185,#4186,#4187));
#390=EDGE_LOOP('',(#4188,#4189,#4190,#4191));
#391=EDGE_LOOP('',(#4192,#4193,#4194,#4195));
#392=EDGE_LOOP('',(#4196,#4197,#4198,#4199));
#393=EDGE_LOOP('',(#4200,#4201,#4202,#4203));
#394=EDGE_LOOP('',(#4204,#4205,#4206,#4207));
#395=EDGE_LOOP('',(#4208,#4209,#4210,#4211));
#396=EDGE_LOOP('',(#4212,#4213,#4214,#4215));
#397=EDGE_LOOP('',(#4216,#4217,#4218,#4219));
#398=EDGE_LOOP('',(#4220,#4221,#4222,#4223));
#399=EDGE_LOOP('',(#4224,#4225,#4226,#4227));
#400=EDGE_LOOP('',(#4228,#4229,#4230,#4231));
#401=EDGE_LOOP('',(#4232,#4233,#4234,#4235));
#402=EDGE_LOOP('',(#4236,#4237,#4238,#4239));
#403=EDGE_LOOP('',(#4240,#4241,#4242,#4243));
#404=EDGE_LOOP('',(#4244,#4245,#4246,#4247));
#405=EDGE_LOOP('',(#4248,#4249,#4250,#4251));
#406=EDGE_LOOP('',(#4252,#4253,#4254,#4255));
#407=EDGE_LOOP('',(#4256,#4257,#4258,#4259));
#408=EDGE_LOOP('',(#4260,#4261,#4262,#4263));
#409=EDGE_LOOP('',(#4264,#4265,#4266,#4267));
#410=EDGE_LOOP('',(#4268,#4269,#4270,#4271));
#411=EDGE_LOOP('',(#4272,#4273,#4274,#4275));
#412=EDGE_LOOP('',(#4276,#4277,#4278,#4279));
#413=EDGE_LOOP('',(#4280,#4281,#4282,#4283));
#414=EDGE_LOOP('',(#4284,#4285,#4286,#4287));
#415=EDGE_LOOP('',(#4288,#4289,#4290,#4291));
#416=EDGE_LOOP('',(#4292,#4293,#4294,#4295));
#417=EDGE_LOOP('',(#4296,#4297,#4298,#4299));
#418=EDGE_LOOP('',(#4300,#4301,#4302,#4303));
#419=EDGE_LOOP('',(#4304,#4305,#4306,#4307));
#420=EDGE_LOOP('',(#4308,#4309,#4310,#4311));
#421=EDGE_LOOP('',(#4312,#4313,#4314,#4315));
#422=EDGE_LOOP('',(#4316,#4317,#4318,#4319));
#423=EDGE_LOOP('',(#4320,#4321,#4322,#4323));
#424=EDGE_LOOP('',(#4324,#4325,#4326,#4327));
#425=EDGE_LOOP('',(#4328,#4329,#4330,#4331));
#426=EDGE_LOOP('',(#4332,#4333,#4334,#4335));
#427=EDGE_LOOP('',(#4336,#4337,#4338,#4339));
#428=EDGE_LOOP('',(#4340,#4341,#4342,#4343));
#429=EDGE_LOOP('',(#4344,#4345,#4346,#4347));
#430=EDGE_LOOP('',(#4348,#4349,#4350,#4351));
#431=EDGE_LOOP('',(#4352,#4353,#4354,#4355));
#432=EDGE_LOOP('',(#4356,#4357,#4358,#4359));
#433=EDGE_LOOP('',(#4360,#4361,#4362,#4363));
#434=EDGE_LOOP('',(#4364,#4365,#4366,#4367));
#435=EDGE_LOOP('',(#4368,#4369,#4370,#4371));
#436=EDGE_LOOP('',(#4372,#4373,#4374,#4375));
#437=EDGE_LOOP('',(#4376,#4377,#4378,#4379));
#438=EDGE_LOOP('',(#4380,#4381,#4382,#4383));
#439=EDGE_LOOP('',(#4384,#4385,#4386,#4387));
#440=EDGE_LOOP('',(#4388,#4389,#4390,#4391));
#441=EDGE_LOOP('',(#4392,#4393,#4394,#4395));
#442=EDGE_LOOP('',(#4396,#4397,#4398,#4399));
#443=EDGE_LOOP('',(#4400,#4401,#4402,#4403,#4404,#4405,#4406,#4407,#4408,
#4409,#4410,#4411,#4412,#4413,#4414,#4415,#4416,#4417,#4418,#4419,#4420,
#4421,#4422,#4423,#4424,#4425,#4426,#4427,#4428,#4429,#4430,#4431,#4432,
#4433,#4434,#4435,#4436,#4437,#4438,#4439,#4440,#4441,#4442,#4443,#4444,
#4445,#4446,#4447,#4448,#4449,#4450,#4451,#4452,#4453,#4454,#4455,#4456,
#4457,#4458,#4459,#4460,#4461,#4462,#4463,#4464,#4465,#4466));
#444=EDGE_LOOP('',(#4467,#4468,#4469,#4470));
#445=EDGE_LOOP('',(#4471,#4472,#4473,#4474,#4475,#4476,#4477,#4478,#4479,
#4480,#4481,#4482,#4483,#4484,#4485,#4486,#4487,#4488,#4489,#4490,#4491,
#4492,#4493,#4494,#4495,#4496));
#446=EDGE_LOOP('',(#4497,#4498,#4499,#4500,#4501,#4502,#4503,#4504,#4505,
#4506,#4507,#4508,#4509,#4510,#4511,#4512,#4513,#4514,#4515,#4516,#4517,
#4518,#4519,#4520,#4521,#4522,#4523,#4524,#4525,#4526,#4527,#4528,#4529,
#4530,#4531,#4532,#4533,#4534,#4535,#4536,#4537,#4538,#4539,#4540,#4541,
#4542,#4543,#4544,#4545,#4546,#4547,#4548,#4549,#4550,#4551,#4552,#4553,
#4554,#4555,#4556,#4557,#4558,#4559,#4560,#4561,#4562,#4563));
#447=EDGE_LOOP('',(#4564,#4565,#4566,#4567));
#448=EDGE_LOOP('',(#4568,#4569,#4570,#4571,#4572,#4573,#4574,#4575,#4576,
#4577,#4578,#4579,#4580,#4581,#4582,#4583,#4584,#4585,#4586,#4587,#4588,
#4589,#4590,#4591,#4592,#4593));
#449=EDGE_LOOP('',(#4594,#4595,#4596,#4597));
#450=EDGE_LOOP('',(#4598,#4599,#4600,#4601));
#451=EDGE_LOOP('',(#4602,#4603,#4604,#4605));
#452=EDGE_LOOP('',(#4606,#4607,#4608,#4609));
#453=EDGE_LOOP('',(#4610,#4611,#4612,#4613));
#454=EDGE_LOOP('',(#4614,#4615,#4616,#4617));
#455=EDGE_LOOP('',(#4618,#4619,#4620,#4621));
#456=EDGE_LOOP('',(#4622,#4623,#4624,#4625));
#457=EDGE_LOOP('',(#4626,#4627,#4628,#4629));
#458=EDGE_LOOP('',(#4630,#4631,#4632,#4633));
#459=EDGE_LOOP('',(#4634,#4635,#4636,#4637));
#460=EDGE_LOOP('',(#4638,#4639,#4640,#4641));
#461=EDGE_LOOP('',(#4642,#4643,#4644,#4645));
#462=EDGE_LOOP('',(#4646,#4647,#4648,#4649));
#463=EDGE_LOOP('',(#4650,#4651,#4652,#4653));
#464=EDGE_LOOP('',(#4654,#4655,#4656,#4657));
#465=EDGE_LOOP('',(#4658,#4659,#4660,#4661));
#466=EDGE_LOOP('',(#4662,#4663,#4664,#4665));
#467=EDGE_LOOP('',(#4666,#4667,#4668,#4669,#4670,#4671,#4672,#4673,#4674,
#4675,#4676,#4677,#4678,#4679,#4680,#4681,#4682,#4683));
#468=EDGE_LOOP('',(#4684,#4685,#4686,#4687,#4688,#4689,#4690,#4691,#4692,
#4693,#4694,#4695,#4696,#4697,#4698,#4699,#4700,#4701));
#469=EDGE_LOOP('',(#4702,#4703,#4704,#4705));
#470=EDGE_LOOP('',(#4706,#4707,#4708,#4709));
#471=EDGE_LOOP('',(#4710,#4711,#4712,#4713));
#472=EDGE_LOOP('',(#4714,#4715,#4716,#4717));
#473=EDGE_LOOP('',(#4718,#4719,#4720,#4721));
#474=EDGE_LOOP('',(#4722,#4723,#4724,#4725));
#475=EDGE_LOOP('',(#4726,#4727,#4728,#4729));
#476=EDGE_LOOP('',(#4730,#4731,#4732,#4733));
#477=EDGE_LOOP('',(#4734,#4735,#4736,#4737));
#478=EDGE_LOOP('',(#4738,#4739,#4740,#4741));
#479=EDGE_LOOP('',(#4742,#4743,#4744,#4745));
#480=EDGE_LOOP('',(#4746,#4747,#4748,#4749));
#481=EDGE_LOOP('',(#4750,#4751,#4752,#4753));
#482=EDGE_LOOP('',(#4754,#4755,#4756,#4757));
#483=EDGE_LOOP('',(#4758,#4759,#4760,#4761));
#484=EDGE_LOOP('',(#4762,#4763,#4764,#4765));
#485=EDGE_LOOP('',(#4766,#4767,#4768,#4769));
#486=EDGE_LOOP('',(#4770,#4771,#4772,#4773));
#487=EDGE_LOOP('',(#4774,#4775,#4776,#4777));
#488=EDGE_LOOP('',(#4778,#4779,#4780,#4781));
#489=EDGE_LOOP('',(#4782,#4783,#4784,#4785));
#490=EDGE_LOOP('',(#4786,#4787,#4788,#4789));
#491=EDGE_LOOP('',(#4790,#4791,#4792,#4793));
#492=EDGE_LOOP('',(#4794,#4795,#4796,#4797));
#493=EDGE_LOOP('',(#4798,#4799,#4800,#4801));
#494=EDGE_LOOP('',(#4802,#4803,#4804,#4805));
#495=EDGE_LOOP('',(#4806,#4807,#4808,#4809));
#496=EDGE_LOOP('',(#4810,#4811,#4812,#4813));
#497=EDGE_LOOP('',(#4814,#4815,#4816,#4817));
#498=EDGE_LOOP('',(#4818,#4819,#4820,#4821));
#499=EDGE_LOOP('',(#4822,#4823,#4824,#4825));
#500=EDGE_LOOP('',(#4826,#4827,#4828,#4829));
#501=EDGE_LOOP('',(#4830,#4831,#4832,#4833));
#502=EDGE_LOOP('',(#4834,#4835,#4836,#4837));
#503=EDGE_LOOP('',(#4838,#4839,#4840,#4841));
#504=EDGE_LOOP('',(#4842,#4843,#4844,#4845));
#505=EDGE_LOOP('',(#4846,#4847,#4848,#4849));
#506=EDGE_LOOP('',(#4850,#4851,#4852,#4853));
#507=EDGE_LOOP('',(#4854,#4855,#4856,#4857));
#508=EDGE_LOOP('',(#4858,#4859,#4860,#4861));
#509=EDGE_LOOP('',(#4862,#4863,#4864,#4865));
#510=EDGE_LOOP('',(#4866,#4867,#4868,#4869));
#511=EDGE_LOOP('',(#4870,#4871,#4872,#4873));
#512=EDGE_LOOP('',(#4874,#4875,#4876,#4877));
#513=EDGE_LOOP('',(#4878,#4879,#4880,#4881));
#514=EDGE_LOOP('',(#4882,#4883,#4884,#4885));
#515=EDGE_LOOP('',(#4886,#4887,#4888,#4889));
#516=EDGE_LOOP('',(#4890,#4891,#4892,#4893));
#517=EDGE_LOOP('',(#4894,#4895,#4896,#4897));
#518=EDGE_LOOP('',(#4898,#4899,#4900,#4901));
#519=EDGE_LOOP('',(#4902,#4903,#4904,#4905));
#520=EDGE_LOOP('',(#4906,#4907,#4908,#4909));
#521=EDGE_LOOP('',(#4910,#4911,#4912,#4913));
#522=EDGE_LOOP('',(#4914,#4915,#4916,#4917));
#523=EDGE_LOOP('',(#4918,#4919,#4920,#4921));
#524=EDGE_LOOP('',(#4922,#4923,#4924,#4925));
#525=EDGE_LOOP('',(#4926,#4927,#4928,#4929));
#526=EDGE_LOOP('',(#4930,#4931,#4932,#4933));
#527=EDGE_LOOP('',(#4934,#4935,#4936,#4937));
#528=EDGE_LOOP('',(#4938,#4939,#4940,#4941));
#529=EDGE_LOOP('',(#4942,#4943,#4944,#4945));
#530=EDGE_LOOP('',(#4946,#4947,#4948,#4949));
#531=EDGE_LOOP('',(#4950,#4951,#4952,#4953));
#532=EDGE_LOOP('',(#4954,#4955,#4956,#4957));
#533=EDGE_LOOP('',(#4958,#4959,#4960,#4961));
#534=EDGE_LOOP('',(#4962,#4963,#4964,#4965));
#535=EDGE_LOOP('',(#4966,#4967,#4968,#4969));
#536=EDGE_LOOP('',(#4970,#4971,#4972,#4973));
#537=EDGE_LOOP('',(#4974,#4975,#4976,#4977));
#538=EDGE_LOOP('',(#4978,#4979,#4980,#4981));
#539=EDGE_LOOP('',(#4982,#4983,#4984,#4985));
#540=EDGE_LOOP('',(#4986,#4987,#4988,#4989));
#541=EDGE_LOOP('',(#4990,#4991,#4992,#4993));
#542=EDGE_LOOP('',(#4994,#4995,#4996,#4997));
#543=EDGE_LOOP('',(#4998,#4999,#5000,#5001));
#544=EDGE_LOOP('',(#5002,#5003,#5004,#5005));
#545=EDGE_LOOP('',(#5006,#5007,#5008,#5009));
#546=EDGE_LOOP('',(#5010,#5011,#5012,#5013));
#547=EDGE_LOOP('',(#5014,#5015,#5016,#5017));
#548=EDGE_LOOP('',(#5018,#5019,#5020,#5021));
#549=EDGE_LOOP('',(#5022,#5023,#5024,#5025));
#550=EDGE_LOOP('',(#5026,#5027,#5028,#5029));
#551=EDGE_LOOP('',(#5030,#5031,#5032,#5033));
#552=EDGE_LOOP('',(#5034,#5035,#5036,#5037));
#553=EDGE_LOOP('',(#5038,#5039,#5040,#5041));
#554=EDGE_LOOP('',(#5042,#5043,#5044,#5045));
#555=EDGE_LOOP('',(#5046,#5047,#5048,#5049));
#556=EDGE_LOOP('',(#5050,#5051,#5052,#5053));
#557=EDGE_LOOP('',(#5054,#5055,#5056,#5057));
#558=EDGE_LOOP('',(#5058,#5059,#5060,#5061));
#559=EDGE_LOOP('',(#5062,#5063,#5064,#5065));
#560=EDGE_LOOP('',(#5066,#5067,#5068,#5069));
#561=EDGE_LOOP('',(#5070,#5071,#5072,#5073));
#562=EDGE_LOOP('',(#5074,#5075,#5076,#5077));
#563=EDGE_LOOP('',(#5078,#5079,#5080,#5081));
#564=EDGE_LOOP('',(#5082,#5083,#5084,#5085));
#565=EDGE_LOOP('',(#5086,#5087,#5088,#5089));
#566=EDGE_LOOP('',(#5090,#5091,#5092,#5093));
#567=EDGE_LOOP('',(#5094,#5095,#5096,#5097));
#568=EDGE_LOOP('',(#5098,#5099,#5100,#5101));
#569=EDGE_LOOP('',(#5102,#5103,#5104,#5105));
#570=EDGE_LOOP('',(#5106,#5107,#5108,#5109));
#571=EDGE_LOOP('',(#5110,#5111,#5112,#5113));
#572=EDGE_LOOP('',(#5114,#5115,#5116,#5117));
#573=EDGE_LOOP('',(#5118,#5119,#5120,#5121));
#574=EDGE_LOOP('',(#5122,#5123,#5124,#5125));
#575=EDGE_LOOP('',(#5126,#5127,#5128,#5129));
#576=EDGE_LOOP('',(#5130,#5131,#5132,#5133));
#577=EDGE_LOOP('',(#5134,#5135,#5136,#5137));
#578=EDGE_LOOP('',(#5138,#5139,#5140,#5141));
#579=EDGE_LOOP('',(#5142,#5143,#5144,#5145));
#580=EDGE_LOOP('',(#5146,#5147,#5148,#5149));
#581=EDGE_LOOP('',(#5150,#5151,#5152,#5153));
#582=EDGE_LOOP('',(#5154,#5155,#5156,#5157));
#583=EDGE_LOOP('',(#5158,#5159,#5160,#5161));
#584=EDGE_LOOP('',(#5162,#5163,#5164,#5165));
#585=EDGE_LOOP('',(#5166,#5167,#5168,#5169));
#586=EDGE_LOOP('',(#5170,#5171,#5172,#5173));
#587=EDGE_LOOP('',(#5174,#5175,#5176,#5177));
#588=EDGE_LOOP('',(#5178,#5179,#5180,#5181));
#589=EDGE_LOOP('',(#5182,#5183,#5184,#5185));
#590=EDGE_LOOP('',(#5186,#5187,#5188,#5189));
#591=EDGE_LOOP('',(#5190,#5191,#5192,#5193));
#592=EDGE_LOOP('',(#5194,#5195,#5196,#5197));
#593=EDGE_LOOP('',(#5198,#5199,#5200,#5201));
#594=EDGE_LOOP('',(#5202,#5203,#5204,#5205));
#595=EDGE_LOOP('',(#5206,#5207,#5208,#5209));
#596=EDGE_LOOP('',(#5210,#5211,#5212,#5213));
#597=EDGE_LOOP('',(#5214,#5215,#5216,#5217));
#598=EDGE_LOOP('',(#5218,#5219,#5220,#5221));
#599=EDGE_LOOP('',(#5222,#5223,#5224,#5225));
#600=EDGE_LOOP('',(#5226,#5227,#5228,#5229));
#601=EDGE_LOOP('',(#5230,#5231,#5232,#5233));
#602=EDGE_LOOP('',(#5234,#5235,#5236,#5237));
#603=EDGE_LOOP('',(#5238,#5239,#5240,#5241));
#604=EDGE_LOOP('',(#5242,#5243,#5244,#5245));
#605=EDGE_LOOP('',(#5246,#5247,#5248,#5249));
#606=EDGE_LOOP('',(#5250,#5251,#5252,#5253));
#607=EDGE_LOOP('',(#5254,#5255,#5256,#5257));
#608=EDGE_LOOP('',(#5258,#5259,#5260,#5261));
#609=EDGE_LOOP('',(#5262,#5263,#5264,#5265));
#610=EDGE_LOOP('',(#5266,#5267,#5268,#5269));
#611=EDGE_LOOP('',(#5270,#5271,#5272,#5273));
#612=EDGE_LOOP('',(#5274,#5275,#5276,#5277));
#613=EDGE_LOOP('',(#5278,#5279,#5280,#5281));
#614=EDGE_LOOP('',(#5282,#5283,#5284,#5285));
#615=EDGE_LOOP('',(#5286,#5287,#5288,#5289));
#616=EDGE_LOOP('',(#5290,#5291,#5292,#5293));
#617=EDGE_LOOP('',(#5294,#5295,#5296,#5297));
#618=EDGE_LOOP('',(#5298,#5299,#5300,#5301));
#619=EDGE_LOOP('',(#5302,#5303,#5304,#5305));
#620=EDGE_LOOP('',(#5306,#5307,#5308,#5309));
#621=EDGE_LOOP('',(#5310,#5311,#5312,#5313));
#622=EDGE_LOOP('',(#5314,#5315,#5316,#5317));
#623=EDGE_LOOP('',(#5318,#5319,#5320,#5321));
#624=EDGE_LOOP('',(#5322,#5323,#5324,#5325));
#625=EDGE_LOOP('',(#5326,#5327,#5328,#5329));
#626=EDGE_LOOP('',(#5330,#5331,#5332,#5333));
#627=EDGE_LOOP('',(#5334,#5335,#5336,#5337));
#628=EDGE_LOOP('',(#5338,#5339,#5340,#5341));
#629=EDGE_LOOP('',(#5342,#5343,#5344,#5345));
#630=EDGE_LOOP('',(#5346,#5347,#5348,#5349));
#631=EDGE_LOOP('',(#5350,#5351,#5352,#5353));
#632=EDGE_LOOP('',(#5354,#5355,#5356,#5357));
#633=EDGE_LOOP('',(#5358,#5359,#5360,#5361,#5362,#5363,#5364,#5365,#5366,
#5367,#5368,#5369,#5370,#5371,#5372,#5373,#5374,#5375,#5376,#5377,#5378,
#5379,#5380,#5381,#5382,#5383,#5384,#5385,#5386,#5387,#5388,#5389,#5390,
#5391,#5392,#5393,#5394,#5395,#5396,#5397,#5398,#5399,#5400,#5401,#5402,
#5403,#5404,#5405,#5406,#5407,#5408,#5409,#5410,#5411,#5412,#5413,#5414,
#5415,#5416,#5417,#5418,#5419,#5420,#5421,#5422,#5423,#5424,#5425,#5426,
#5427,#5428,#5429,#5430,#5431,#5432,#5433,#5434,#5435,#5436,#5437,#5438,
#5439,#5440,#5441,#5442,#5443,#5444,#5445,#5446,#5447,#5448,#5449,#5450,
#5451,#5452,#5453,#5454,#5455,#5456,#5457,#5458,#5459,#5460,#5461,#5462,
#5463,#5464,#5465,#5466,#5467,#5468,#5469,#5470,#5471,#5472,#5473,#5474,
#5475,#5476,#5477,#5478,#5479,#5480,#5481,#5482,#5483,#5484,#5485,#5486,
#5487,#5488,#5489,#5490,#5491,#5492,#5493,#5494,#5495,#5496,#5497,#5498,
#5499,#5500,#5501,#5502,#5503));
#634=EDGE_LOOP('',(#5504,#5505,#5506,#5507,#5508,#5509,#5510,#5511,#5512,
#5513,#5514,#5515,#5516,#5517,#5518,#5519,#5520,#5521));
#635=EDGE_LOOP('',(#5522,#5523,#5524,#5525,#5526,#5527,#5528,#5529,#5530,
#5531,#5532,#5533,#5534,#5535,#5536,#5537,#5538,#5539,#5540,#5541,#5542,
#5543,#5544,#5545,#5546,#5547,#5548,#5549,#5550,#5551,#5552,#5553,#5554,
#5555,#5556,#5557,#5558,#5559,#5560,#5561,#5562,#5563,#5564,#5565,#5566,
#5567,#5568,#5569,#5570,#5571,#5572,#5573,#5574,#5575,#5576,#5577,#5578,
#5579,#5580,#5581,#5582,#5583,#5584,#5585,#5586,#5587,#5588,#5589,#5590,
#5591,#5592,#5593,#5594,#5595,#5596,#5597,#5598,#5599,#5600,#5601,#5602,
#5603,#5604,#5605,#5606,#5607,#5608,#5609,#5610,#5611,#5612,#5613,#5614,
#5615,#5616,#5617,#5618,#5619,#5620,#5621,#5622,#5623,#5624,#5625,#5626,
#5627,#5628,#5629,#5630,#5631,#5632,#5633,#5634,#5635,#5636,#5637,#5638,
#5639,#5640,#5641,#5642,#5643,#5644,#5645,#5646,#5647,#5648,#5649,#5650,
#5651,#5652,#5653,#5654,#5655,#5656,#5657,#5658,#5659,#5660,#5661,#5662,
#5663,#5664,#5665,#5666,#5667));
#636=EDGE_LOOP('',(#5668,#5669,#5670,#5671,#5672,#5673,#5674,#5675,#5676,
#5677,#5678,#5679,#5680,#5681,#5682,#5683,#5684,#5685));
#637=EDGE_LOOP('',(#5686,#5687,#5688,#5689));
#638=EDGE_LOOP('',(#5690,#5691,#5692,#5693));
#639=EDGE_LOOP('',(#5694,#5695,#5696,#5697));
#640=EDGE_LOOP('',(#5698,#5699,#5700,#5701));
#641=EDGE_LOOP('',(#5702,#5703,#5704,#5705));
#642=EDGE_LOOP('',(#5706,#5707,#5708,#5709));
#643=EDGE_LOOP('',(#5710,#5711,#5712,#5713));
#644=EDGE_LOOP('',(#5714,#5715,#5716,#5717));
#645=EDGE_LOOP('',(#5718,#5719,#5720,#5721));
#646=EDGE_LOOP('',(#5722,#5723,#5724,#5725));
#647=EDGE_LOOP('',(#5726,#5727,#5728,#5729));
#648=EDGE_LOOP('',(#5730,#5731,#5732,#5733));
#649=EDGE_LOOP('',(#5734,#5735,#5736,#5737));
#650=EDGE_LOOP('',(#5738,#5739,#5740,#5741));
#651=EDGE_LOOP('',(#5742,#5743,#5744,#5745));
#652=EDGE_LOOP('',(#5746,#5747,#5748,#5749));
#653=EDGE_LOOP('',(#5750,#5751,#5752,#5753));
#654=EDGE_LOOP('',(#5754,#5755,#5756,#5757));
#655=EDGE_LOOP('',(#5758,#5759,#5760,#5761));
#656=EDGE_LOOP('',(#5762,#5763,#5764,#5765));
#657=EDGE_LOOP('',(#5766,#5767,#5768,#5769));
#658=EDGE_LOOP('',(#5770,#5771,#5772,#5773));
#659=EDGE_LOOP('',(#5774,#5775,#5776,#5777));
#660=EDGE_LOOP('',(#5778,#5779,#5780,#5781));
#661=EDGE_LOOP('',(#5782,#5783,#5784,#5785));
#662=EDGE_LOOP('',(#5786,#5787,#5788,#5789));
#663=EDGE_LOOP('',(#5790,#5791,#5792,#5793,#5794,#5795,#5796,#5797,#5798,
#5799,#5800,#5801,#5802,#5803,#5804,#5805,#5806,#5807,#5808,#5809,#5810,
#5811,#5812,#5813,#5814,#5815));
#664=EDGE_LOOP('',(#5816,#5817,#5818,#5819,#5820,#5821,#5822,#5823,#5824,
#5825,#5826,#5827,#5828,#5829,#5830,#5831,#5832,#5833,#5834,#5835,#5836,
#5837,#5838,#5839,#5840,#5841));
#665=LINE('',#8351,#1576);
#666=LINE('',#8353,#1577);
#667=LINE('',#8355,#1578);
#668=LINE('',#8356,#1579);
#669=LINE('',#8359,#1580);
#670=LINE('',#8361,#1581);
#671=LINE('',#8362,#1582);
#672=LINE('',#8365,#1583);
#673=LINE('',#8367,#1584);
#674=LINE('',#8368,#1585);
#675=LINE('',#8371,#1586);
#676=LINE('',#8373,#1587);
#677=LINE('',#8374,#1588);
#678=LINE('',#8377,#1589);
#679=LINE('',#8379,#1590);
#680=LINE('',#8380,#1591);
#681=LINE('',#8383,#1592);
#682=LINE('',#8385,#1593);
#683=LINE('',#8386,#1594);
#684=LINE('',#8389,#1595);
#685=LINE('',#8391,#1596);
#686=LINE('',#8392,#1597);
#687=LINE('',#8395,#1598);
#688=LINE('',#8397,#1599);
#689=LINE('',#8398,#1600);
#690=LINE('',#8401,#1601);
#691=LINE('',#8403,#1602);
#692=LINE('',#8404,#1603);
#693=LINE('',#8407,#1604);
#694=LINE('',#8409,#1605);
#695=LINE('',#8410,#1606);
#696=LINE('',#8413,#1607);
#697=LINE('',#8415,#1608);
#698=LINE('',#8416,#1609);
#699=LINE('',#8419,#1610);
#700=LINE('',#8421,#1611);
#701=LINE('',#8422,#1612);
#702=LINE('',#8425,#1613);
#703=LINE('',#8427,#1614);
#704=LINE('',#8428,#1615);
#705=LINE('',#8431,#1616);
#706=LINE('',#8433,#1617);
#707=LINE('',#8434,#1618);
#708=LINE('',#8437,#1619);
#709=LINE('',#8439,#1620);
#710=LINE('',#8440,#1621);
#711=LINE('',#8443,#1622);
#712=LINE('',#8445,#1623);
#713=LINE('',#8446,#1624);
#714=LINE('',#8449,#1625);
#715=LINE('',#8451,#1626);
#716=LINE('',#8452,#1627);
#717=LINE('',#8455,#1628);
#718=LINE('',#8457,#1629);
#719=LINE('',#8458,#1630);
#720=LINE('',#8461,#1631);
#721=LINE('',#8463,#1632);
#722=LINE('',#8464,#1633);
#723=LINE('',#8467,#1634);
#724=LINE('',#8469,#1635);
#725=LINE('',#8470,#1636);
#726=LINE('',#8473,#1637);
#727=LINE('',#8475,#1638);
#728=LINE('',#8476,#1639);
#729=LINE('',#8479,#1640);
#730=LINE('',#8481,#1641);
#731=LINE('',#8482,#1642);
#732=LINE('',#8485,#1643);
#733=LINE('',#8487,#1644);
#734=LINE('',#8488,#1645);
#735=LINE('',#8491,#1646);
#736=LINE('',#8493,#1647);
#737=LINE('',#8494,#1648);
#738=LINE('',#8497,#1649);
#739=LINE('',#8499,#1650);
#740=LINE('',#8500,#1651);
#741=LINE('',#8502,#1652);
#742=LINE('',#8503,#1653);
#743=LINE('',#8507,#1654);
#744=LINE('',#8509,#1655);
#745=LINE('',#8511,#1656);
#746=LINE('',#8512,#1657);
#747=LINE('',#8515,#1658);
#748=LINE('',#8517,#1659);
#749=LINE('',#8518,#1660);
#750=LINE('',#8521,#1661);
#751=LINE('',#8523,#1662);
#752=LINE('',#8524,#1663);
#753=LINE('',#8526,#1664);
#754=LINE('',#8527,#1665);
#755=LINE('',#8531,#1666);
#756=LINE('',#8533,#1667);
#757=LINE('',#8535,#1668);
#758=LINE('',#8536,#1669);
#759=LINE('',#8539,#1670);
#760=LINE('',#8541,#1671);
#761=LINE('',#8542,#1672);
#762=LINE('',#8545,#1673);
#763=LINE('',#8547,#1674);
#764=LINE('',#8548,#1675);
#765=LINE('',#8551,#1676);
#766=LINE('',#8553,#1677);
#767=LINE('',#8554,#1678);
#768=LINE('',#8557,#1679);
#769=LINE('',#8559,#1680);
#770=LINE('',#8560,#1681);
#771=LINE('',#8563,#1682);
#772=LINE('',#8565,#1683);
#773=LINE('',#8566,#1684);
#774=LINE('',#8569,#1685);
#775=LINE('',#8571,#1686);
#776=LINE('',#8572,#1687);
#777=LINE('',#8575,#1688);
#778=LINE('',#8577,#1689);
#779=LINE('',#8578,#1690);
#780=LINE('',#8581,#1691);
#781=LINE('',#8583,#1692);
#782=LINE('',#8584,#1693);
#783=LINE('',#8587,#1694);
#784=LINE('',#8589,#1695);
#785=LINE('',#8590,#1696);
#786=LINE('',#8593,#1697);
#787=LINE('',#8595,#1698);
#788=LINE('',#8596,#1699);
#789=LINE('',#8599,#1700);
#790=LINE('',#8601,#1701);
#791=LINE('',#8602,#1702);
#792=LINE('',#8605,#1703);
#793=LINE('',#8607,#1704);
#794=LINE('',#8608,#1705);
#795=LINE('',#8611,#1706);
#796=LINE('',#8613,#1707);
#797=LINE('',#8614,#1708);
#798=LINE('',#8617,#1709);
#799=LINE('',#8619,#1710);
#800=LINE('',#8620,#1711);
#801=LINE('',#8623,#1712);
#802=LINE('',#8625,#1713);
#803=LINE('',#8626,#1714);
#804=LINE('',#8629,#1715);
#805=LINE('',#8631,#1716);
#806=LINE('',#8632,#1717);
#807=LINE('',#8635,#1718);
#808=LINE('',#8637,#1719);
#809=LINE('',#8638,#1720);
#810=LINE('',#8641,#1721);
#811=LINE('',#8643,#1722);
#812=LINE('',#8644,#1723);
#813=LINE('',#8647,#1724);
#814=LINE('',#8649,#1725);
#815=LINE('',#8650,#1726);
#816=LINE('',#8653,#1727);
#817=LINE('',#8655,#1728);
#818=LINE('',#8656,#1729);
#819=LINE('',#8659,#1730);
#820=LINE('',#8661,#1731);
#821=LINE('',#8662,#1732);
#822=LINE('',#8668,#1733);
#823=LINE('',#8671,#1734);
#824=LINE('',#8673,#1735);
#825=LINE('',#8674,#1736);
#826=LINE('',#8677,#1737);
#827=LINE('',#8679,#1738);
#828=LINE('',#8680,#1739);
#829=LINE('',#8683,#1740);
#830=LINE('',#8685,#1741);
#831=LINE('',#8686,#1742);
#832=LINE('',#8689,#1743);
#833=LINE('',#8691,#1744);
#834=LINE('',#8692,#1745);
#835=LINE('',#8695,#1746);
#836=LINE('',#8697,#1747);
#837=LINE('',#8698,#1748);
#838=LINE('',#8701,#1749);
#839=LINE('',#8703,#1750);
#840=LINE('',#8704,#1751);
#841=LINE('',#8707,#1752);
#842=LINE('',#8709,#1753);
#843=LINE('',#8710,#1754);
#844=LINE('',#8713,#1755);
#845=LINE('',#8715,#1756);
#846=LINE('',#8716,#1757);
#847=LINE('',#8719,#1758);
#848=LINE('',#8721,#1759);
#849=LINE('',#8722,#1760);
#850=LINE('',#8725,#1761);
#851=LINE('',#8727,#1762);
#852=LINE('',#8728,#1763);
#853=LINE('',#8731,#1764);
#854=LINE('',#8733,#1765);
#855=LINE('',#8734,#1766);
#856=LINE('',#8737,#1767);
#857=LINE('',#8739,#1768);
#858=LINE('',#8740,#1769);
#859=LINE('',#8743,#1770);
#860=LINE('',#8745,#1771);
#861=LINE('',#8746,#1772);
#862=LINE('',#8749,#1773);
#863=LINE('',#8751,#1774);
#864=LINE('',#8752,#1775);
#865=LINE('',#8755,#1776);
#866=LINE('',#8757,#1777);
#867=LINE('',#8758,#1778);
#868=LINE('',#8761,#1779);
#869=LINE('',#8763,#1780);
#870=LINE('',#8764,#1781);
#871=LINE('',#8767,#1782);
#872=LINE('',#8769,#1783);
#873=LINE('',#8770,#1784);
#874=LINE('',#8773,#1785);
#875=LINE('',#8775,#1786);
#876=LINE('',#8776,#1787);
#877=LINE('',#8779,#1788);
#878=LINE('',#8781,#1789);
#879=LINE('',#8782,#1790);
#880=LINE('',#8785,#1791);
#881=LINE('',#8787,#1792);
#882=LINE('',#8788,#1793);
#883=LINE('',#8791,#1794);
#884=LINE('',#8793,#1795);
#885=LINE('',#8794,#1796);
#886=LINE('',#8797,#1797);
#887=LINE('',#8799,#1798);
#888=LINE('',#8800,#1799);
#889=LINE('',#8803,#1800);
#890=LINE('',#8805,#1801);
#891=LINE('',#8806,#1802);
#892=LINE('',#8809,#1803);
#893=LINE('',#8811,#1804);
#894=LINE('',#8812,#1805);
#895=LINE('',#8815,#1806);
#896=LINE('',#8817,#1807);
#897=LINE('',#8818,#1808);
#898=LINE('',#8821,#1809);
#899=LINE('',#8823,#1810);
#900=LINE('',#8824,#1811);
#901=LINE('',#8827,#1812);
#902=LINE('',#8829,#1813);
#903=LINE('',#8830,#1814);
#904=LINE('',#8833,#1815);
#905=LINE('',#8835,#1816);
#906=LINE('',#8836,#1817);
#907=LINE('',#8839,#1818);
#908=LINE('',#8841,#1819);
#909=LINE('',#8842,#1820);
#910=LINE('',#8845,#1821);
#911=LINE('',#8847,#1822);
#912=LINE('',#8848,#1823);
#913=LINE('',#8851,#1824);
#914=LINE('',#8853,#1825);
#915=LINE('',#8854,#1826);
#916=LINE('',#8857,#1827);
#917=LINE('',#8859,#1828);
#918=LINE('',#8860,#1829);
#919=LINE('',#8863,#1830);
#920=LINE('',#8865,#1831);
#921=LINE('',#8866,#1832);
#922=LINE('',#8869,#1833);
#923=LINE('',#8871,#1834);
#924=LINE('',#8872,#1835);
#925=LINE('',#8875,#1836);
#926=LINE('',#8877,#1837);
#927=LINE('',#8878,#1838);
#928=LINE('',#8881,#1839);
#929=LINE('',#8883,#1840);
#930=LINE('',#8884,#1841);
#931=LINE('',#8887,#1842);
#932=LINE('',#8889,#1843);
#933=LINE('',#8890,#1844);
#934=LINE('',#8893,#1845);
#935=LINE('',#8895,#1846);
#936=LINE('',#8896,#1847);
#937=LINE('',#8899,#1848);
#938=LINE('',#8901,#1849);
#939=LINE('',#8902,#1850);
#940=LINE('',#8905,#1851);
#941=LINE('',#8907,#1852);
#942=LINE('',#8908,#1853);
#943=LINE('',#8911,#1854);
#944=LINE('',#8913,#1855);
#945=LINE('',#8914,#1856);
#946=LINE('',#8920,#1857);
#947=LINE('',#8923,#1858);
#948=LINE('',#8925,#1859);
#949=LINE('',#8926,#1860);
#950=LINE('',#8928,#1861);
#951=LINE('',#8929,#1862);
#952=LINE('',#8935,#1863);
#953=LINE('',#8937,#1864);
#954=LINE('',#8939,#1865);
#955=LINE('',#8940,#1866);
#956=LINE('',#8943,#1867);
#957=LINE('',#8945,#1868);
#958=LINE('',#8946,#1869);
#959=LINE('',#8949,#1870);
#960=LINE('',#8951,#1871);
#961=LINE('',#8952,#1872);
#962=LINE('',#8955,#1873);
#963=LINE('',#8957,#1874);
#964=LINE('',#8958,#1875);
#965=LINE('',#8961,#1876);
#966=LINE('',#8963,#1877);
#967=LINE('',#8964,#1878);
#968=LINE('',#8967,#1879);
#969=LINE('',#8969,#1880);
#970=LINE('',#8970,#1881);
#971=LINE('',#8973,#1882);
#972=LINE('',#8975,#1883);
#973=LINE('',#8976,#1884);
#974=LINE('',#8979,#1885);
#975=LINE('',#8981,#1886);
#976=LINE('',#8982,#1887);
#977=LINE('',#8985,#1888);
#978=LINE('',#8987,#1889);
#979=LINE('',#8988,#1890);
#980=LINE('',#8991,#1891);
#981=LINE('',#8993,#1892);
#982=LINE('',#8994,#1893);
#983=LINE('',#8997,#1894);
#984=LINE('',#8999,#1895);
#985=LINE('',#9000,#1896);
#986=LINE('',#9003,#1897);
#987=LINE('',#9005,#1898);
#988=LINE('',#9006,#1899);
#989=LINE('',#9009,#1900);
#990=LINE('',#9011,#1901);
#991=LINE('',#9012,#1902);
#992=LINE('',#9015,#1903);
#993=LINE('',#9017,#1904);
#994=LINE('',#9018,#1905);
#995=LINE('',#9021,#1906);
#996=LINE('',#9023,#1907);
#997=LINE('',#9024,#1908);
#998=LINE('',#9027,#1909);
#999=LINE('',#9029,#1910);
#1000=LINE('',#9030,#1911);
#1001=LINE('',#9033,#1912);
#1002=LINE('',#9035,#1913);
#1003=LINE('',#9036,#1914);
#1004=LINE('',#9038,#1915);
#1005=LINE('',#9039,#1916);
#1006=LINE('',#9045,#1917);
#1007=LINE('',#9047,#1918);
#1008=LINE('',#9049,#1919);
#1009=LINE('',#9050,#1920);
#1010=LINE('',#9053,#1921);
#1011=LINE('',#9055,#1922);
#1012=LINE('',#9056,#1923);
#1013=LINE('',#9059,#1924);
#1014=LINE('',#9061,#1925);
#1015=LINE('',#9062,#1926);
#1016=LINE('',#9065,#1927);
#1017=LINE('',#9067,#1928);
#1018=LINE('',#9068,#1929);
#1019=LINE('',#9071,#1930);
#1020=LINE('',#9073,#1931);
#1021=LINE('',#9074,#1932);
#1022=LINE('',#9077,#1933);
#1023=LINE('',#9079,#1934);
#1024=LINE('',#9080,#1935);
#1025=LINE('',#9083,#1936);
#1026=LINE('',#9085,#1937);
#1027=LINE('',#9086,#1938);
#1028=LINE('',#9089,#1939);
#1029=LINE('',#9091,#1940);
#1030=LINE('',#9092,#1941);
#1031=LINE('',#9095,#1942);
#1032=LINE('',#9097,#1943);
#1033=LINE('',#9098,#1944);
#1034=LINE('',#9101,#1945);
#1035=LINE('',#9103,#1946);
#1036=LINE('',#9104,#1947);
#1037=LINE('',#9107,#1948);
#1038=LINE('',#9109,#1949);
#1039=LINE('',#9110,#1950);
#1040=LINE('',#9113,#1951);
#1041=LINE('',#9115,#1952);
#1042=LINE('',#9116,#1953);
#1043=LINE('',#9119,#1954);
#1044=LINE('',#9121,#1955);
#1045=LINE('',#9122,#1956);
#1046=LINE('',#9125,#1957);
#1047=LINE('',#9127,#1958);
#1048=LINE('',#9128,#1959);
#1049=LINE('',#9131,#1960);
#1050=LINE('',#9133,#1961);
#1051=LINE('',#9134,#1962);
#1052=LINE('',#9137,#1963);
#1053=LINE('',#9139,#1964);
#1054=LINE('',#9140,#1965);
#1055=LINE('',#9143,#1966);
#1056=LINE('',#9145,#1967);
#1057=LINE('',#9146,#1968);
#1058=LINE('',#9148,#1969);
#1059=LINE('',#9149,#1970);
#1060=LINE('',#9153,#1971);
#1061=LINE('',#9155,#1972);
#1062=LINE('',#9157,#1973);
#1063=LINE('',#9158,#1974);
#1064=LINE('',#9161,#1975);
#1065=LINE('',#9163,#1976);
#1066=LINE('',#9164,#1977);
#1067=LINE('',#9167,#1978);
#1068=LINE('',#9169,#1979);
#1069=LINE('',#9170,#1980);
#1070=LINE('',#9173,#1981);
#1071=LINE('',#9175,#1982);
#1072=LINE('',#9176,#1983);
#1073=LINE('',#9179,#1984);
#1074=LINE('',#9181,#1985);
#1075=LINE('',#9182,#1986);
#1076=LINE('',#9185,#1987);
#1077=LINE('',#9187,#1988);
#1078=LINE('',#9188,#1989);
#1079=LINE('',#9191,#1990);
#1080=LINE('',#9193,#1991);
#1081=LINE('',#9194,#1992);
#1082=LINE('',#9197,#1993);
#1083=LINE('',#9199,#1994);
#1084=LINE('',#9200,#1995);
#1085=LINE('',#9203,#1996);
#1086=LINE('',#9205,#1997);
#1087=LINE('',#9206,#1998);
#1088=LINE('',#9209,#1999);
#1089=LINE('',#9211,#2000);
#1090=LINE('',#9212,#2001);
#1091=LINE('',#9215,#2002);
#1092=LINE('',#9217,#2003);
#1093=LINE('',#9218,#2004);
#1094=LINE('',#9221,#2005);
#1095=LINE('',#9223,#2006);
#1096=LINE('',#9224,#2007);
#1097=LINE('',#9227,#2008);
#1098=LINE('',#9229,#2009);
#1099=LINE('',#9230,#2010);
#1100=LINE('',#9233,#2011);
#1101=LINE('',#9235,#2012);
#1102=LINE('',#9236,#2013);
#1103=LINE('',#9239,#2014);
#1104=LINE('',#9241,#2015);
#1105=LINE('',#9242,#2016);
#1106=LINE('',#9245,#2017);
#1107=LINE('',#9247,#2018);
#1108=LINE('',#9248,#2019);
#1109=LINE('',#9251,#2020);
#1110=LINE('',#9253,#2021);
#1111=LINE('',#9254,#2022);
#1112=LINE('',#9257,#2023);
#1113=LINE('',#9259,#2024);
#1114=LINE('',#9260,#2025);
#1115=LINE('',#9263,#2026);
#1116=LINE('',#9265,#2027);
#1117=LINE('',#9266,#2028);
#1118=LINE('',#9269,#2029);
#1119=LINE('',#9271,#2030);
#1120=LINE('',#9272,#2031);
#1121=LINE('',#9275,#2032);
#1122=LINE('',#9277,#2033);
#1123=LINE('',#9278,#2034);
#1124=LINE('',#9281,#2035);
#1125=LINE('',#9283,#2036);
#1126=LINE('',#9284,#2037);
#1127=LINE('',#9287,#2038);
#1128=LINE('',#9289,#2039);
#1129=LINE('',#9290,#2040);
#1130=LINE('',#9293,#2041);
#1131=LINE('',#9295,#2042);
#1132=LINE('',#9296,#2043);
#1133=LINE('',#9299,#2044);
#1134=LINE('',#9301,#2045);
#1135=LINE('',#9302,#2046);
#1136=LINE('',#9305,#2047);
#1137=LINE('',#9307,#2048);
#1138=LINE('',#9308,#2049);
#1139=LINE('',#9311,#2050);
#1140=LINE('',#9313,#2051);
#1141=LINE('',#9314,#2052);
#1142=LINE('',#9317,#2053);
#1143=LINE('',#9319,#2054);
#1144=LINE('',#9320,#2055);
#1145=LINE('',#9323,#2056);
#1146=LINE('',#9325,#2057);
#1147=LINE('',#9326,#2058);
#1148=LINE('',#9329,#2059);
#1149=LINE('',#9331,#2060);
#1150=LINE('',#9332,#2061);
#1151=LINE('',#9335,#2062);
#1152=LINE('',#9337,#2063);
#1153=LINE('',#9338,#2064);
#1154=LINE('',#9341,#2065);
#1155=LINE('',#9343,#2066);
#1156=LINE('',#9344,#2067);
#1157=LINE('',#9347,#2068);
#1158=LINE('',#9349,#2069);
#1159=LINE('',#9350,#2070);
#1160=LINE('',#9353,#2071);
#1161=LINE('',#9355,#2072);
#1162=LINE('',#9356,#2073);
#1163=LINE('',#9359,#2074);
#1164=LINE('',#9361,#2075);
#1165=LINE('',#9362,#2076);
#1166=LINE('',#9365,#2077);
#1167=LINE('',#9367,#2078);
#1168=LINE('',#9368,#2079);
#1169=LINE('',#9371,#2080);
#1170=LINE('',#9373,#2081);
#1171=LINE('',#9374,#2082);
#1172=LINE('',#9377,#2083);
#1173=LINE('',#9379,#2084);
#1174=LINE('',#9380,#2085);
#1175=LINE('',#9383,#2086);
#1176=LINE('',#9385,#2087);
#1177=LINE('',#9386,#2088);
#1178=LINE('',#9389,#2089);
#1179=LINE('',#9391,#2090);
#1180=LINE('',#9392,#2091);
#1181=LINE('',#9395,#2092);
#1182=LINE('',#9397,#2093);
#1183=LINE('',#9398,#2094);
#1184=LINE('',#9401,#2095);
#1185=LINE('',#9403,#2096);
#1186=LINE('',#9404,#2097);
#1187=LINE('',#9407,#2098);
#1188=LINE('',#9409,#2099);
#1189=LINE('',#9410,#2100);
#1190=LINE('',#9413,#2101);
#1191=LINE('',#9415,#2102);
#1192=LINE('',#9416,#2103);
#1193=LINE('',#9419,#2104);
#1194=LINE('',#9421,#2105);
#1195=LINE('',#9422,#2106);
#1196=LINE('',#9425,#2107);
#1197=LINE('',#9427,#2108);
#1198=LINE('',#9428,#2109);
#1199=LINE('',#9431,#2110);
#1200=LINE('',#9433,#2111);
#1201=LINE('',#9434,#2112);
#1202=LINE('',#9437,#2113);
#1203=LINE('',#9439,#2114);
#1204=LINE('',#9440,#2115);
#1205=LINE('',#9443,#2116);
#1206=LINE('',#9445,#2117);
#1207=LINE('',#9446,#2118);
#1208=LINE('',#9449,#2119);
#1209=LINE('',#9451,#2120);
#1210=LINE('',#9452,#2121);
#1211=LINE('',#9455,#2122);
#1212=LINE('',#9457,#2123);
#1213=LINE('',#9458,#2124);
#1214=LINE('',#9461,#2125);
#1215=LINE('',#9463,#2126);
#1216=LINE('',#9464,#2127);
#1217=LINE('',#9467,#2128);
#1218=LINE('',#9469,#2129);
#1219=LINE('',#9470,#2130);
#1220=LINE('',#9473,#2131);
#1221=LINE('',#9475,#2132);
#1222=LINE('',#9476,#2133);
#1223=LINE('',#9479,#2134);
#1224=LINE('',#9481,#2135);
#1225=LINE('',#9482,#2136);
#1226=LINE('',#9485,#2137);
#1227=LINE('',#9487,#2138);
#1228=LINE('',#9488,#2139);
#1229=LINE('',#9491,#2140);
#1230=LINE('',#9493,#2141);
#1231=LINE('',#9494,#2142);
#1232=LINE('',#9497,#2143);
#1233=LINE('',#9499,#2144);
#1234=LINE('',#9500,#2145);
#1235=LINE('',#9503,#2146);
#1236=LINE('',#9505,#2147);
#1237=LINE('',#9506,#2148);
#1238=LINE('',#9509,#2149);
#1239=LINE('',#9511,#2150);
#1240=LINE('',#9512,#2151);
#1241=LINE('',#9515,#2152);
#1242=LINE('',#9517,#2153);
#1243=LINE('',#9518,#2154);
#1244=LINE('',#9521,#2155);
#1245=LINE('',#9523,#2156);
#1246=LINE('',#9524,#2157);
#1247=LINE('',#9527,#2158);
#1248=LINE('',#9529,#2159);
#1249=LINE('',#9530,#2160);
#1250=LINE('',#9533,#2161);
#1251=LINE('',#9535,#2162);
#1252=LINE('',#9536,#2163);
#1253=LINE('',#9539,#2164);
#1254=LINE('',#9541,#2165);
#1255=LINE('',#9542,#2166);
#1256=LINE('',#9545,#2167);
#1257=LINE('',#9547,#2168);
#1258=LINE('',#9548,#2169);
#1259=LINE('',#9551,#2170);
#1260=LINE('',#9553,#2171);
#1261=LINE('',#9554,#2172);
#1262=LINE('',#9557,#2173);
#1263=LINE('',#9559,#2174);
#1264=LINE('',#9560,#2175);
#1265=LINE('',#9563,#2176);
#1266=LINE('',#9565,#2177);
#1267=LINE('',#9566,#2178);
#1268=LINE('',#9569,#2179);
#1269=LINE('',#9571,#2180);
#1270=LINE('',#9572,#2181);
#1271=LINE('',#9575,#2182);
#1272=LINE('',#9577,#2183);
#1273=LINE('',#9578,#2184);
#1274=LINE('',#9581,#2185);
#1275=LINE('',#9583,#2186);
#1276=LINE('',#9584,#2187);
#1277=LINE('',#9587,#2188);
#1278=LINE('',#9589,#2189);
#1279=LINE('',#9590,#2190);
#1280=LINE('',#9593,#2191);
#1281=LINE('',#9595,#2192);
#1282=LINE('',#9596,#2193);
#1283=LINE('',#9599,#2194);
#1284=LINE('',#9601,#2195);
#1285=LINE('',#9602,#2196);
#1286=LINE('',#9605,#2197);
#1287=LINE('',#9607,#2198);
#1288=LINE('',#9608,#2199);
#1289=LINE('',#9611,#2200);
#1290=LINE('',#9613,#2201);
#1291=LINE('',#9614,#2202);
#1292=LINE('',#9617,#2203);
#1293=LINE('',#9619,#2204);
#1294=LINE('',#9620,#2205);
#1295=LINE('',#9623,#2206);
#1296=LINE('',#9625,#2207);
#1297=LINE('',#9626,#2208);
#1298=LINE('',#9629,#2209);
#1299=LINE('',#9631,#2210);
#1300=LINE('',#9632,#2211);
#1301=LINE('',#9635,#2212);
#1302=LINE('',#9637,#2213);
#1303=LINE('',#9638,#2214);
#1304=LINE('',#9641,#2215);
#1305=LINE('',#9643,#2216);
#1306=LINE('',#9644,#2217);
#1307=LINE('',#9647,#2218);
#1308=LINE('',#9649,#2219);
#1309=LINE('',#9650,#2220);
#1310=LINE('',#9653,#2221);
#1311=LINE('',#9655,#2222);
#1312=LINE('',#9656,#2223);
#1313=LINE('',#9659,#2224);
#1314=LINE('',#9661,#2225);
#1315=LINE('',#9662,#2226);
#1316=LINE('',#9665,#2227);
#1317=LINE('',#9667,#2228);
#1318=LINE('',#9668,#2229);
#1319=LINE('',#9671,#2230);
#1320=LINE('',#9673,#2231);
#1321=LINE('',#9674,#2232);
#1322=LINE('',#9677,#2233);
#1323=LINE('',#9679,#2234);
#1324=LINE('',#9680,#2235);
#1325=LINE('',#9683,#2236);
#1326=LINE('',#9685,#2237);
#1327=LINE('',#9686,#2238);
#1328=LINE('',#9689,#2239);
#1329=LINE('',#9691,#2240);
#1330=LINE('',#9692,#2241);
#1331=LINE('',#9695,#2242);
#1332=LINE('',#9697,#2243);
#1333=LINE('',#9698,#2244);
#1334=LINE('',#9701,#2245);
#1335=LINE('',#9703,#2246);
#1336=LINE('',#9704,#2247);
#1337=LINE('',#9707,#2248);
#1338=LINE('',#9709,#2249);
#1339=LINE('',#9710,#2250);
#1340=LINE('',#9713,#2251);
#1341=LINE('',#9715,#2252);
#1342=LINE('',#9716,#2253);
#1343=LINE('',#9719,#2254);
#1344=LINE('',#9721,#2255);
#1345=LINE('',#9722,#2256);
#1346=LINE('',#9725,#2257);
#1347=LINE('',#9727,#2258);
#1348=LINE('',#9728,#2259);
#1349=LINE('',#9731,#2260);
#1350=LINE('',#9733,#2261);
#1351=LINE('',#9734,#2262);
#1352=LINE('',#9737,#2263);
#1353=LINE('',#9739,#2264);
#1354=LINE('',#9740,#2265);
#1355=LINE('',#9743,#2266);
#1356=LINE('',#9745,#2267);
#1357=LINE('',#9746,#2268);
#1358=LINE('',#9749,#2269);
#1359=LINE('',#9751,#2270);
#1360=LINE('',#9752,#2271);
#1361=LINE('',#9755,#2272);
#1362=LINE('',#9757,#2273);
#1363=LINE('',#9758,#2274);
#1364=LINE('',#9761,#2275);
#1365=LINE('',#9763,#2276);
#1366=LINE('',#9764,#2277);
#1367=LINE('',#9767,#2278);
#1368=LINE('',#9769,#2279);
#1369=LINE('',#9770,#2280);
#1370=LINE('',#9773,#2281);
#1371=LINE('',#9775,#2282);
#1372=LINE('',#9776,#2283);
#1373=LINE('',#9779,#2284);
#1374=LINE('',#9781,#2285);
#1375=LINE('',#9782,#2286);
#1376=LINE('',#9785,#2287);
#1377=LINE('',#9787,#2288);
#1378=LINE('',#9788,#2289);
#1379=LINE('',#9791,#2290);
#1380=LINE('',#9793,#2291);
#1381=LINE('',#9794,#2292);
#1382=LINE('',#9797,#2293);
#1383=LINE('',#9799,#2294);
#1384=LINE('',#9800,#2295);
#1385=LINE('',#9803,#2296);
#1386=LINE('',#9805,#2297);
#1387=LINE('',#9806,#2298);
#1388=LINE('',#9809,#2299);
#1389=LINE('',#9811,#2300);
#1390=LINE('',#9812,#2301);
#1391=LINE('',#9815,#2302);
#1392=LINE('',#9817,#2303);
#1393=LINE('',#9818,#2304);
#1394=LINE('',#9821,#2305);
#1395=LINE('',#9823,#2306);
#1396=LINE('',#9824,#2307);
#1397=LINE('',#9827,#2308);
#1398=LINE('',#9829,#2309);
#1399=LINE('',#9830,#2310);
#1400=LINE('',#9833,#2311);
#1401=LINE('',#9835,#2312);
#1402=LINE('',#9836,#2313);
#1403=LINE('',#9839,#2314);
#1404=LINE('',#9841,#2315);
#1405=LINE('',#9842,#2316);
#1406=LINE('',#9845,#2317);
#1407=LINE('',#9847,#2318);
#1408=LINE('',#9848,#2319);
#1409=LINE('',#9851,#2320);
#1410=LINE('',#9853,#2321);
#1411=LINE('',#9854,#2322);
#1412=LINE('',#9857,#2323);
#1413=LINE('',#9859,#2324);
#1414=LINE('',#9860,#2325);
#1415=LINE('',#9863,#2326);
#1416=LINE('',#9865,#2327);
#1417=LINE('',#9866,#2328);
#1418=LINE('',#9869,#2329);
#1419=LINE('',#9871,#2330);
#1420=LINE('',#9872,#2331);
#1421=LINE('',#9875,#2332);
#1422=LINE('',#9877,#2333);
#1423=LINE('',#9878,#2334);
#1424=LINE('',#9881,#2335);
#1425=LINE('',#9883,#2336);
#1426=LINE('',#9884,#2337);
#1427=LINE('',#9887,#2338);
#1428=LINE('',#9889,#2339);
#1429=LINE('',#9890,#2340);
#1430=LINE('',#9893,#2341);
#1431=LINE('',#9895,#2342);
#1432=LINE('',#9896,#2343);
#1433=LINE('',#9899,#2344);
#1434=LINE('',#9901,#2345);
#1435=LINE('',#9902,#2346);
#1436=LINE('',#9905,#2347);
#1437=LINE('',#9907,#2348);
#1438=LINE('',#9908,#2349);
#1439=LINE('',#9911,#2350);
#1440=LINE('',#9913,#2351);
#1441=LINE('',#9914,#2352);
#1442=LINE('',#9917,#2353);
#1443=LINE('',#9919,#2354);
#1444=LINE('',#9920,#2355);
#1445=LINE('',#9923,#2356);
#1446=LINE('',#9925,#2357);
#1447=LINE('',#9926,#2358);
#1448=LINE('',#9929,#2359);
#1449=LINE('',#9931,#2360);
#1450=LINE('',#9932,#2361);
#1451=LINE('',#9935,#2362);
#1452=LINE('',#9937,#2363);
#1453=LINE('',#9938,#2364);
#1454=LINE('',#9941,#2365);
#1455=LINE('',#9943,#2366);
#1456=LINE('',#9944,#2367);
#1457=LINE('',#9947,#2368);
#1458=LINE('',#9949,#2369);
#1459=LINE('',#9950,#2370);
#1460=LINE('',#9953,#2371);
#1461=LINE('',#9955,#2372);
#1462=LINE('',#9956,#2373);
#1463=LINE('',#9959,#2374);
#1464=LINE('',#9961,#2375);
#1465=LINE('',#9962,#2376);
#1466=LINE('',#9965,#2377);
#1467=LINE('',#9967,#2378);
#1468=LINE('',#9968,#2379);
#1469=LINE('',#9971,#2380);
#1470=LINE('',#9973,#2381);
#1471=LINE('',#9974,#2382);
#1472=LINE('',#9977,#2383);
#1473=LINE('',#9979,#2384);
#1474=LINE('',#9980,#2385);
#1475=LINE('',#9983,#2386);
#1476=LINE('',#9985,#2387);
#1477=LINE('',#9986,#2388);
#1478=LINE('',#9989,#2389);
#1479=LINE('',#9991,#2390);
#1480=LINE('',#9992,#2391);
#1481=LINE('',#9995,#2392);
#1482=LINE('',#9997,#2393);
#1483=LINE('',#9998,#2394);
#1484=LINE('',#10001,#2395);
#1485=LINE('',#10003,#2396);
#1486=LINE('',#10004,#2397);
#1487=LINE('',#10007,#2398);
#1488=LINE('',#10009,#2399);
#1489=LINE('',#10010,#2400);
#1490=LINE('',#10013,#2401);
#1491=LINE('',#10015,#2402);
#1492=LINE('',#10016,#2403);
#1493=LINE('',#10019,#2404);
#1494=LINE('',#10021,#2405);
#1495=LINE('',#10022,#2406);
#1496=LINE('',#10024,#2407);
#1497=LINE('',#10025,#2408);
#1498=LINE('',#10031,#2409);
#1499=LINE('',#10033,#2410);
#1500=LINE('',#10035,#2411);
#1501=LINE('',#10036,#2412);
#1502=LINE('',#10039,#2413);
#1503=LINE('',#10041,#2414);
#1504=LINE('',#10042,#2415);
#1505=LINE('',#10045,#2416);
#1506=LINE('',#10047,#2417);
#1507=LINE('',#10048,#2418);
#1508=LINE('',#10051,#2419);
#1509=LINE('',#10053,#2420);
#1510=LINE('',#10054,#2421);
#1511=LINE('',#10057,#2422);
#1512=LINE('',#10059,#2423);
#1513=LINE('',#10060,#2424);
#1514=LINE('',#10063,#2425);
#1515=LINE('',#10065,#2426);
#1516=LINE('',#10066,#2427);
#1517=LINE('',#10069,#2428);
#1518=LINE('',#10071,#2429);
#1519=LINE('',#10072,#2430);
#1520=LINE('',#10075,#2431);
#1521=LINE('',#10077,#2432);
#1522=LINE('',#10078,#2433);
#1523=LINE('',#10081,#2434);
#1524=LINE('',#10083,#2435);
#1525=LINE('',#10084,#2436);
#1526=LINE('',#10087,#2437);
#1527=LINE('',#10089,#2438);
#1528=LINE('',#10090,#2439);
#1529=LINE('',#10093,#2440);
#1530=LINE('',#10095,#2441);
#1531=LINE('',#10096,#2442);
#1532=LINE('',#10099,#2443);
#1533=LINE('',#10101,#2444);
#1534=LINE('',#10102,#2445);
#1535=LINE('',#10105,#2446);
#1536=LINE('',#10107,#2447);
#1537=LINE('',#10108,#2448);
#1538=LINE('',#10111,#2449);
#1539=LINE('',#10113,#2450);
#1540=LINE('',#10114,#2451);
#1541=LINE('',#10117,#2452);
#1542=LINE('',#10119,#2453);
#1543=LINE('',#10120,#2454);
#1544=LINE('',#10123,#2455);
#1545=LINE('',#10125,#2456);
#1546=LINE('',#10126,#2457);
#1547=LINE('',#10129,#2458);
#1548=LINE('',#10131,#2459);
#1549=LINE('',#10132,#2460);
#1550=LINE('',#10135,#2461);
#1551=LINE('',#10137,#2462);
#1552=LINE('',#10138,#2463);
#1553=LINE('',#10141,#2464);
#1554=LINE('',#10143,#2465);
#1555=LINE('',#10144,#2466);
#1556=LINE('',#10147,#2467);
#1557=LINE('',#10149,#2468);
#1558=LINE('',#10150,#2469);
#1559=LINE('',#10153,#2470);
#1560=LINE('',#10155,#2471);
#1561=LINE('',#10156,#2472);
#1562=LINE('',#10159,#2473);
#1563=LINE('',#10161,#2474);
#1564=LINE('',#10162,#2475);
#1565=LINE('',#10165,#2476);
#1566=LINE('',#10167,#2477);
#1567=LINE('',#10168,#2478);
#1568=LINE('',#10171,#2479);
#1569=LINE('',#10173,#2480);
#1570=LINE('',#10174,#2481);
#1571=LINE('',#10177,#2482);
#1572=LINE('',#10179,#2483);
#1573=LINE('',#10180,#2484);
#1574=LINE('',#10182,#2485);
#1575=LINE('',#10183,#2486);
#1576=VECTOR('',#6804,10.);
#1577=VECTOR('',#6805,10.);
#1578=VECTOR('',#6806,10.);
#1579=VECTOR('',#6807,10.);
#1580=VECTOR('',#6810,10.);
#1581=VECTOR('',#6811,10.);
#1582=VECTOR('',#6812,10.);
#1583=VECTOR('',#6815,10.);
#1584=VECTOR('',#6816,10.);
#1585=VECTOR('',#6817,10.);
#1586=VECTOR('',#6820,10.);
#1587=VECTOR('',#6821,10.);
#1588=VECTOR('',#6822,10.);
#1589=VECTOR('',#6825,10.);
#1590=VECTOR('',#6826,10.);
#1591=VECTOR('',#6827,10.);
#1592=VECTOR('',#6830,10.);
#1593=VECTOR('',#6831,10.);
#1594=VECTOR('',#6832,10.);
#1595=VECTOR('',#6835,10.);
#1596=VECTOR('',#6836,10.);
#1597=VECTOR('',#6837,10.);
#1598=VECTOR('',#6840,10.);
#1599=VECTOR('',#6841,10.);
#1600=VECTOR('',#6842,10.);
#1601=VECTOR('',#6845,10.);
#1602=VECTOR('',#6846,10.);
#1603=VECTOR('',#6847,10.);
#1604=VECTOR('',#6850,10.);
#1605=VECTOR('',#6851,10.);
#1606=VECTOR('',#6852,10.);
#1607=VECTOR('',#6855,10.);
#1608=VECTOR('',#6856,10.);
#1609=VECTOR('',#6857,10.);
#1610=VECTOR('',#6860,10.);
#1611=VECTOR('',#6861,10.);
#1612=VECTOR('',#6862,10.);
#1613=VECTOR('',#6865,10.);
#1614=VECTOR('',#6866,10.);
#1615=VECTOR('',#6867,10.);
#1616=VECTOR('',#6870,10.);
#1617=VECTOR('',#6871,10.);
#1618=VECTOR('',#6872,10.);
#1619=VECTOR('',#6875,10.);
#1620=VECTOR('',#6876,10.);
#1621=VECTOR('',#6877,10.);
#1622=VECTOR('',#6880,10.);
#1623=VECTOR('',#6881,10.);
#1624=VECTOR('',#6882,10.);
#1625=VECTOR('',#6885,10.);
#1626=VECTOR('',#6886,10.);
#1627=VECTOR('',#6887,10.);
#1628=VECTOR('',#6890,10.);
#1629=VECTOR('',#6891,10.);
#1630=VECTOR('',#6892,10.);
#1631=VECTOR('',#6895,10.);
#1632=VECTOR('',#6896,10.);
#1633=VECTOR('',#6897,10.);
#1634=VECTOR('',#6900,10.);
#1635=VECTOR('',#6901,10.);
#1636=VECTOR('',#6902,10.);
#1637=VECTOR('',#6905,10.);
#1638=VECTOR('',#6906,10.);
#1639=VECTOR('',#6907,10.);
#1640=VECTOR('',#6910,10.);
#1641=VECTOR('',#6911,10.);
#1642=VECTOR('',#6912,10.);
#1643=VECTOR('',#6915,10.);
#1644=VECTOR('',#6916,10.);
#1645=VECTOR('',#6917,10.);
#1646=VECTOR('',#6920,10.);
#1647=VECTOR('',#6921,10.);
#1648=VECTOR('',#6922,10.);
#1649=VECTOR('',#6925,10.);
#1650=VECTOR('',#6926,10.);
#1651=VECTOR('',#6927,10.);
#1652=VECTOR('',#6930,10.);
#1653=VECTOR('',#6931,10.);
#1654=VECTOR('',#6934,10.);
#1655=VECTOR('',#6935,10.);
#1656=VECTOR('',#6936,10.);
#1657=VECTOR('',#6937,10.);
#1658=VECTOR('',#6940,10.);
#1659=VECTOR('',#6941,10.);
#1660=VECTOR('',#6942,10.);
#1661=VECTOR('',#6945,10.);
#1662=VECTOR('',#6946,10.);
#1663=VECTOR('',#6947,10.);
#1664=VECTOR('',#6950,10.);
#1665=VECTOR('',#6951,10.);
#1666=VECTOR('',#6954,10.);
#1667=VECTOR('',#6955,10.);
#1668=VECTOR('',#6956,10.);
#1669=VECTOR('',#6957,10.);
#1670=VECTOR('',#6960,10.);
#1671=VECTOR('',#6961,10.);
#1672=VECTOR('',#6962,10.);
#1673=VECTOR('',#6965,10.);
#1674=VECTOR('',#6966,10.);
#1675=VECTOR('',#6967,10.);
#1676=VECTOR('',#6970,10.);
#1677=VECTOR('',#6971,10.);
#1678=VECTOR('',#6972,10.);
#1679=VECTOR('',#6975,10.);
#1680=VECTOR('',#6976,10.);
#1681=VECTOR('',#6977,10.);
#1682=VECTOR('',#6980,10.);
#1683=VECTOR('',#6981,10.);
#1684=VECTOR('',#6982,10.);
#1685=VECTOR('',#6985,10.);
#1686=VECTOR('',#6986,10.);
#1687=VECTOR('',#6987,10.);
#1688=VECTOR('',#6990,10.);
#1689=VECTOR('',#6991,10.);
#1690=VECTOR('',#6992,10.);
#1691=VECTOR('',#6995,10.);
#1692=VECTOR('',#6996,10.);
#1693=VECTOR('',#6997,10.);
#1694=VECTOR('',#7000,10.);
#1695=VECTOR('',#7001,10.);
#1696=VECTOR('',#7002,10.);
#1697=VECTOR('',#7005,10.);
#1698=VECTOR('',#7006,10.);
#1699=VECTOR('',#7007,10.);
#1700=VECTOR('',#7010,10.);
#1701=VECTOR('',#7011,10.);
#1702=VECTOR('',#7012,10.);
#1703=VECTOR('',#7015,10.);
#1704=VECTOR('',#7016,10.);
#1705=VECTOR('',#7017,10.);
#1706=VECTOR('',#7020,10.);
#1707=VECTOR('',#7021,10.);
#1708=VECTOR('',#7022,10.);
#1709=VECTOR('',#7025,10.);
#1710=VECTOR('',#7026,10.);
#1711=VECTOR('',#7027,10.);
#1712=VECTOR('',#7030,10.);
#1713=VECTOR('',#7031,10.);
#1714=VECTOR('',#7032,10.);
#1715=VECTOR('',#7035,10.);
#1716=VECTOR('',#7036,10.);
#1717=VECTOR('',#7037,10.);
#1718=VECTOR('',#7040,10.);
#1719=VECTOR('',#7041,10.);
#1720=VECTOR('',#7042,10.);
#1721=VECTOR('',#7045,10.);
#1722=VECTOR('',#7046,10.);
#1723=VECTOR('',#7047,10.);
#1724=VECTOR('',#7050,10.);
#1725=VECTOR('',#7051,10.);
#1726=VECTOR('',#7052,10.);
#1727=VECTOR('',#7055,10.);
#1728=VECTOR('',#7056,10.);
#1729=VECTOR('',#7057,10.);
#1730=VECTOR('',#7060,10.);
#1731=VECTOR('',#7061,10.);
#1732=VECTOR('',#7062,10.);
#1733=VECTOR('',#7069,10.);
#1734=VECTOR('',#7072,10.);
#1735=VECTOR('',#7073,10.);
#1736=VECTOR('',#7074,10.);
#1737=VECTOR('',#7077,10.);
#1738=VECTOR('',#7078,10.);
#1739=VECTOR('',#7079,10.);
#1740=VECTOR('',#7082,10.);
#1741=VECTOR('',#7083,10.);
#1742=VECTOR('',#7084,10.);
#1743=VECTOR('',#7087,10.);
#1744=VECTOR('',#7088,10.);
#1745=VECTOR('',#7089,10.);
#1746=VECTOR('',#7092,10.);
#1747=VECTOR('',#7093,10.);
#1748=VECTOR('',#7094,10.);
#1749=VECTOR('',#7097,10.);
#1750=VECTOR('',#7098,10.);
#1751=VECTOR('',#7099,10.);
#1752=VECTOR('',#7102,10.);
#1753=VECTOR('',#7103,10.);
#1754=VECTOR('',#7104,10.);
#1755=VECTOR('',#7107,10.);
#1756=VECTOR('',#7108,10.);
#1757=VECTOR('',#7109,10.);
#1758=VECTOR('',#7112,10.);
#1759=VECTOR('',#7113,10.);
#1760=VECTOR('',#7114,10.);
#1761=VECTOR('',#7117,10.);
#1762=VECTOR('',#7118,10.);
#1763=VECTOR('',#7119,10.);
#1764=VECTOR('',#7122,10.);
#1765=VECTOR('',#7123,10.);
#1766=VECTOR('',#7124,10.);
#1767=VECTOR('',#7127,10.);
#1768=VECTOR('',#7128,10.);
#1769=VECTOR('',#7129,10.);
#1770=VECTOR('',#7132,10.);
#1771=VECTOR('',#7133,10.);
#1772=VECTOR('',#7134,10.);
#1773=VECTOR('',#7137,10.);
#1774=VECTOR('',#7138,10.);
#1775=VECTOR('',#7139,10.);
#1776=VECTOR('',#7142,10.);
#1777=VECTOR('',#7143,10.);
#1778=VECTOR('',#7144,10.);
#1779=VECTOR('',#7147,10.);
#1780=VECTOR('',#7148,10.);
#1781=VECTOR('',#7149,10.);
#1782=VECTOR('',#7152,10.);
#1783=VECTOR('',#7153,10.);
#1784=VECTOR('',#7154,10.);
#1785=VECTOR('',#7157,10.);
#1786=VECTOR('',#7158,10.);
#1787=VECTOR('',#7159,10.);
#1788=VECTOR('',#7162,10.);
#1789=VECTOR('',#7163,10.);
#1790=VECTOR('',#7164,10.);
#1791=VECTOR('',#7167,10.);
#1792=VECTOR('',#7168,10.);
#1793=VECTOR('',#7169,10.);
#1794=VECTOR('',#7172,10.);
#1795=VECTOR('',#7173,10.);
#1796=VECTOR('',#7174,10.);
#1797=VECTOR('',#7177,10.);
#1798=VECTOR('',#7178,10.);
#1799=VECTOR('',#7179,10.);
#1800=VECTOR('',#7182,10.);
#1801=VECTOR('',#7183,10.);
#1802=VECTOR('',#7184,10.);
#1803=VECTOR('',#7187,10.);
#1804=VECTOR('',#7188,10.);
#1805=VECTOR('',#7189,10.);
#1806=VECTOR('',#7192,10.);
#1807=VECTOR('',#7193,10.);
#1808=VECTOR('',#7194,10.);
#1809=VECTOR('',#7197,10.);
#1810=VECTOR('',#7198,10.);
#1811=VECTOR('',#7199,10.);
#1812=VECTOR('',#7202,10.);
#1813=VECTOR('',#7203,10.);
#1814=VECTOR('',#7204,10.);
#1815=VECTOR('',#7207,10.);
#1816=VECTOR('',#7208,10.);
#1817=VECTOR('',#7209,10.);
#1818=VECTOR('',#7212,10.);
#1819=VECTOR('',#7213,10.);
#1820=VECTOR('',#7214,10.);
#1821=VECTOR('',#7217,10.);
#1822=VECTOR('',#7218,10.);
#1823=VECTOR('',#7219,10.);
#1824=VECTOR('',#7222,10.);
#1825=VECTOR('',#7223,10.);
#1826=VECTOR('',#7224,10.);
#1827=VECTOR('',#7227,10.);
#1828=VECTOR('',#7228,10.);
#1829=VECTOR('',#7229,10.);
#1830=VECTOR('',#7232,10.);
#1831=VECTOR('',#7233,10.);
#1832=VECTOR('',#7234,10.);
#1833=VECTOR('',#7237,10.);
#1834=VECTOR('',#7238,10.);
#1835=VECTOR('',#7239,10.);
#1836=VECTOR('',#7242,10.);
#1837=VECTOR('',#7243,10.);
#1838=VECTOR('',#7244,10.);
#1839=VECTOR('',#7247,10.);
#1840=VECTOR('',#7248,10.);
#1841=VECTOR('',#7249,10.);
#1842=VECTOR('',#7252,10.);
#1843=VECTOR('',#7253,10.);
#1844=VECTOR('',#7254,10.);
#1845=VECTOR('',#7257,10.);
#1846=VECTOR('',#7258,10.);
#1847=VECTOR('',#7259,10.);
#1848=VECTOR('',#7262,10.);
#1849=VECTOR('',#7263,10.);
#1850=VECTOR('',#7264,10.);
#1851=VECTOR('',#7267,10.);
#1852=VECTOR('',#7268,10.);
#1853=VECTOR('',#7269,10.);
#1854=VECTOR('',#7272,10.);
#1855=VECTOR('',#7273,10.);
#1856=VECTOR('',#7274,10.);
#1857=VECTOR('',#7281,10.);
#1858=VECTOR('',#7284,10.);
#1859=VECTOR('',#7285,10.);
#1860=VECTOR('',#7286,10.);
#1861=VECTOR('',#7289,10.);
#1862=VECTOR('',#7290,10.);
#1863=VECTOR('',#7297,10.);
#1864=VECTOR('',#7298,10.);
#1865=VECTOR('',#7299,10.);
#1866=VECTOR('',#7300,10.);
#1867=VECTOR('',#7303,10.);
#1868=VECTOR('',#7304,10.);
#1869=VECTOR('',#7305,10.);
#1870=VECTOR('',#7308,10.);
#1871=VECTOR('',#7309,10.);
#1872=VECTOR('',#7310,10.);
#1873=VECTOR('',#7313,10.);
#1874=VECTOR('',#7314,10.);
#1875=VECTOR('',#7315,10.);
#1876=VECTOR('',#7318,10.);
#1877=VECTOR('',#7319,10.);
#1878=VECTOR('',#7320,10.);
#1879=VECTOR('',#7323,10.);
#1880=VECTOR('',#7324,10.);
#1881=VECTOR('',#7325,10.);
#1882=VECTOR('',#7328,10.);
#1883=VECTOR('',#7329,10.);
#1884=VECTOR('',#7330,10.);
#1885=VECTOR('',#7333,10.);
#1886=VECTOR('',#7334,10.);
#1887=VECTOR('',#7335,10.);
#1888=VECTOR('',#7338,10.);
#1889=VECTOR('',#7339,10.);
#1890=VECTOR('',#7340,10.);
#1891=VECTOR('',#7343,10.);
#1892=VECTOR('',#7344,10.);
#1893=VECTOR('',#7345,10.);
#1894=VECTOR('',#7348,10.);
#1895=VECTOR('',#7349,10.);
#1896=VECTOR('',#7350,10.);
#1897=VECTOR('',#7353,10.);
#1898=VECTOR('',#7354,10.);
#1899=VECTOR('',#7355,10.);
#1900=VECTOR('',#7358,10.);
#1901=VECTOR('',#7359,10.);
#1902=VECTOR('',#7360,10.);
#1903=VECTOR('',#7363,10.);
#1904=VECTOR('',#7364,10.);
#1905=VECTOR('',#7365,10.);
#1906=VECTOR('',#7368,10.);
#1907=VECTOR('',#7369,10.);
#1908=VECTOR('',#7370,10.);
#1909=VECTOR('',#7373,10.);
#1910=VECTOR('',#7374,10.);
#1911=VECTOR('',#7375,10.);
#1912=VECTOR('',#7378,10.);
#1913=VECTOR('',#7379,10.);
#1914=VECTOR('',#7380,10.);
#1915=VECTOR('',#7383,10.);
#1916=VECTOR('',#7384,10.);
#1917=VECTOR('',#7391,10.);
#1918=VECTOR('',#7392,10.);
#1919=VECTOR('',#7393,10.);
#1920=VECTOR('',#7394,10.);
#1921=VECTOR('',#7397,10.);
#1922=VECTOR('',#7398,10.);
#1923=VECTOR('',#7399,10.);
#1924=VECTOR('',#7402,10.);
#1925=VECTOR('',#7403,10.);
#1926=VECTOR('',#7404,10.);
#1927=VECTOR('',#7407,10.);
#1928=VECTOR('',#7408,10.);
#1929=VECTOR('',#7409,10.);
#1930=VECTOR('',#7412,10.);
#1931=VECTOR('',#7413,10.);
#1932=VECTOR('',#7414,10.);
#1933=VECTOR('',#7417,10.);
#1934=VECTOR('',#7418,10.);
#1935=VECTOR('',#7419,10.);
#1936=VECTOR('',#7422,10.);
#1937=VECTOR('',#7423,10.);
#1938=VECTOR('',#7424,10.);
#1939=VECTOR('',#7427,10.);
#1940=VECTOR('',#7428,10.);
#1941=VECTOR('',#7429,10.);
#1942=VECTOR('',#7432,10.);
#1943=VECTOR('',#7433,10.);
#1944=VECTOR('',#7434,10.);
#1945=VECTOR('',#7437,10.);
#1946=VECTOR('',#7438,10.);
#1947=VECTOR('',#7439,10.);
#1948=VECTOR('',#7442,10.);
#1949=VECTOR('',#7443,10.);
#1950=VECTOR('',#7444,10.);
#1951=VECTOR('',#7447,10.);
#1952=VECTOR('',#7448,10.);
#1953=VECTOR('',#7449,10.);
#1954=VECTOR('',#7452,10.);
#1955=VECTOR('',#7453,10.);
#1956=VECTOR('',#7454,10.);
#1957=VECTOR('',#7457,10.);
#1958=VECTOR('',#7458,10.);
#1959=VECTOR('',#7459,10.);
#1960=VECTOR('',#7462,10.);
#1961=VECTOR('',#7463,10.);
#1962=VECTOR('',#7464,10.);
#1963=VECTOR('',#7467,10.);
#1964=VECTOR('',#7468,10.);
#1965=VECTOR('',#7469,10.);
#1966=VECTOR('',#7472,10.);
#1967=VECTOR('',#7473,10.);
#1968=VECTOR('',#7474,10.);
#1969=VECTOR('',#7477,10.);
#1970=VECTOR('',#7478,10.);
#1971=VECTOR('',#7481,10.);
#1972=VECTOR('',#7482,10.);
#1973=VECTOR('',#7483,10.);
#1974=VECTOR('',#7484,10.);
#1975=VECTOR('',#7487,10.);
#1976=VECTOR('',#7488,10.);
#1977=VECTOR('',#7489,10.);
#1978=VECTOR('',#7492,10.);
#1979=VECTOR('',#7493,10.);
#1980=VECTOR('',#7494,10.);
#1981=VECTOR('',#7497,10.);
#1982=VECTOR('',#7498,10.);
#1983=VECTOR('',#7499,10.);
#1984=VECTOR('',#7502,10.);
#1985=VECTOR('',#7503,10.);
#1986=VECTOR('',#7504,10.);
#1987=VECTOR('',#7507,10.);
#1988=VECTOR('',#7508,10.);
#1989=VECTOR('',#7509,10.);
#1990=VECTOR('',#7512,10.);
#1991=VECTOR('',#7513,10.);
#1992=VECTOR('',#7514,10.);
#1993=VECTOR('',#7517,10.);
#1994=VECTOR('',#7518,10.);
#1995=VECTOR('',#7519,10.);
#1996=VECTOR('',#7522,10.);
#1997=VECTOR('',#7523,10.);
#1998=VECTOR('',#7524,10.);
#1999=VECTOR('',#7527,10.);
#2000=VECTOR('',#7528,10.);
#2001=VECTOR('',#7529,10.);
#2002=VECTOR('',#7532,10.);
#2003=VECTOR('',#7533,10.);
#2004=VECTOR('',#7534,10.);
#2005=VECTOR('',#7537,10.);
#2006=VECTOR('',#7538,10.);
#2007=VECTOR('',#7539,10.);
#2008=VECTOR('',#7542,10.);
#2009=VECTOR('',#7543,10.);
#2010=VECTOR('',#7544,10.);
#2011=VECTOR('',#7547,10.);
#2012=VECTOR('',#7548,10.);
#2013=VECTOR('',#7549,10.);
#2014=VECTOR('',#7552,10.);
#2015=VECTOR('',#7553,10.);
#2016=VECTOR('',#7554,10.);
#2017=VECTOR('',#7557,10.);
#2018=VECTOR('',#7558,10.);
#2019=VECTOR('',#7559,10.);
#2020=VECTOR('',#7562,10.);
#2021=VECTOR('',#7563,10.);
#2022=VECTOR('',#7564,10.);
#2023=VECTOR('',#7567,10.);
#2024=VECTOR('',#7568,10.);
#2025=VECTOR('',#7569,10.);
#2026=VECTOR('',#7572,10.);
#2027=VECTOR('',#7573,10.);
#2028=VECTOR('',#7574,10.);
#2029=VECTOR('',#7577,10.);
#2030=VECTOR('',#7578,10.);
#2031=VECTOR('',#7579,10.);
#2032=VECTOR('',#7582,10.);
#2033=VECTOR('',#7583,10.);
#2034=VECTOR('',#7584,10.);
#2035=VECTOR('',#7587,10.);
#2036=VECTOR('',#7588,10.);
#2037=VECTOR('',#7589,10.);
#2038=VECTOR('',#7592,10.);
#2039=VECTOR('',#7593,10.);
#2040=VECTOR('',#7594,10.);
#2041=VECTOR('',#7597,10.);
#2042=VECTOR('',#7598,10.);
#2043=VECTOR('',#7599,10.);
#2044=VECTOR('',#7602,10.);
#2045=VECTOR('',#7603,10.);
#2046=VECTOR('',#7604,10.);
#2047=VECTOR('',#7607,10.);
#2048=VECTOR('',#7608,10.);
#2049=VECTOR('',#7609,10.);
#2050=VECTOR('',#7612,10.);
#2051=VECTOR('',#7613,10.);
#2052=VECTOR('',#7614,10.);
#2053=VECTOR('',#7617,10.);
#2054=VECTOR('',#7618,10.);
#2055=VECTOR('',#7619,10.);
#2056=VECTOR('',#7622,10.);
#2057=VECTOR('',#7623,10.);
#2058=VECTOR('',#7624,10.);
#2059=VECTOR('',#7627,10.);
#2060=VECTOR('',#7628,10.);
#2061=VECTOR('',#7629,10.);
#2062=VECTOR('',#7632,10.);
#2063=VECTOR('',#7633,10.);
#2064=VECTOR('',#7634,10.);
#2065=VECTOR('',#7637,10.);
#2066=VECTOR('',#7638,10.);
#2067=VECTOR('',#7639,10.);
#2068=VECTOR('',#7642,10.);
#2069=VECTOR('',#7643,10.);
#2070=VECTOR('',#7644,10.);
#2071=VECTOR('',#7647,10.);
#2072=VECTOR('',#7648,10.);
#2073=VECTOR('',#7649,10.);
#2074=VECTOR('',#7652,10.);
#2075=VECTOR('',#7653,10.);
#2076=VECTOR('',#7654,10.);
#2077=VECTOR('',#7657,10.);
#2078=VECTOR('',#7658,10.);
#2079=VECTOR('',#7659,10.);
#2080=VECTOR('',#7662,10.);
#2081=VECTOR('',#7663,10.);
#2082=VECTOR('',#7664,10.);
#2083=VECTOR('',#7667,10.);
#2084=VECTOR('',#7668,10.);
#2085=VECTOR('',#7669,10.);
#2086=VECTOR('',#7672,10.);
#2087=VECTOR('',#7673,10.);
#2088=VECTOR('',#7674,10.);
#2089=VECTOR('',#7677,10.);
#2090=VECTOR('',#7678,10.);
#2091=VECTOR('',#7679,10.);
#2092=VECTOR('',#7682,10.);
#2093=VECTOR('',#7683,10.);
#2094=VECTOR('',#7684,10.);
#2095=VECTOR('',#7687,10.);
#2096=VECTOR('',#7688,10.);
#2097=VECTOR('',#7689,10.);
#2098=VECTOR('',#7692,10.);
#2099=VECTOR('',#7693,10.);
#2100=VECTOR('',#7694,10.);
#2101=VECTOR('',#7697,10.);
#2102=VECTOR('',#7698,10.);
#2103=VECTOR('',#7699,10.);
#2104=VECTOR('',#7702,10.);
#2105=VECTOR('',#7703,10.);
#2106=VECTOR('',#7704,10.);
#2107=VECTOR('',#7707,10.);
#2108=VECTOR('',#7708,10.);
#2109=VECTOR('',#7709,10.);
#2110=VECTOR('',#7712,10.);
#2111=VECTOR('',#7713,10.);
#2112=VECTOR('',#7714,10.);
#2113=VECTOR('',#7717,10.);
#2114=VECTOR('',#7718,10.);
#2115=VECTOR('',#7719,10.);
#2116=VECTOR('',#7722,10.);
#2117=VECTOR('',#7723,10.);
#2118=VECTOR('',#7724,10.);
#2119=VECTOR('',#7727,10.);
#2120=VECTOR('',#7728,10.);
#2121=VECTOR('',#7729,10.);
#2122=VECTOR('',#7732,10.);
#2123=VECTOR('',#7733,10.);
#2124=VECTOR('',#7734,10.);
#2125=VECTOR('',#7737,10.);
#2126=VECTOR('',#7738,10.);
#2127=VECTOR('',#7739,10.);
#2128=VECTOR('',#7742,10.);
#2129=VECTOR('',#7743,10.);
#2130=VECTOR('',#7744,10.);
#2131=VECTOR('',#7747,10.);
#2132=VECTOR('',#7748,10.);
#2133=VECTOR('',#7749,10.);
#2134=VECTOR('',#7752,10.);
#2135=VECTOR('',#7753,10.);
#2136=VECTOR('',#7754,10.);
#2137=VECTOR('',#7757,10.);
#2138=VECTOR('',#7758,10.);
#2139=VECTOR('',#7759,10.);
#2140=VECTOR('',#7762,10.);
#2141=VECTOR('',#7763,10.);
#2142=VECTOR('',#7764,10.);
#2143=VECTOR('',#7767,10.);
#2144=VECTOR('',#7768,10.);
#2145=VECTOR('',#7769,10.);
#2146=VECTOR('',#7772,10.);
#2147=VECTOR('',#7773,10.);
#2148=VECTOR('',#7774,10.);
#2149=VECTOR('',#7777,10.);
#2150=VECTOR('',#7778,10.);
#2151=VECTOR('',#7779,10.);
#2152=VECTOR('',#7782,10.);
#2153=VECTOR('',#7783,10.);
#2154=VECTOR('',#7784,10.);
#2155=VECTOR('',#7787,10.);
#2156=VECTOR('',#7788,10.);
#2157=VECTOR('',#7789,10.);
#2158=VECTOR('',#7792,10.);
#2159=VECTOR('',#7793,10.);
#2160=VECTOR('',#7794,10.);
#2161=VECTOR('',#7797,10.);
#2162=VECTOR('',#7798,10.);
#2163=VECTOR('',#7799,10.);
#2164=VECTOR('',#7802,10.);
#2165=VECTOR('',#7803,10.);
#2166=VECTOR('',#7804,10.);
#2167=VECTOR('',#7807,10.);
#2168=VECTOR('',#7808,10.);
#2169=VECTOR('',#7809,10.);
#2170=VECTOR('',#7812,10.);
#2171=VECTOR('',#7813,10.);
#2172=VECTOR('',#7814,10.);
#2173=VECTOR('',#7817,10.);
#2174=VECTOR('',#7818,10.);
#2175=VECTOR('',#7819,10.);
#2176=VECTOR('',#7822,10.);
#2177=VECTOR('',#7823,10.);
#2178=VECTOR('',#7824,10.);
#2179=VECTOR('',#7827,10.);
#2180=VECTOR('',#7828,10.);
#2181=VECTOR('',#7829,10.);
#2182=VECTOR('',#7832,10.);
#2183=VECTOR('',#7833,10.);
#2184=VECTOR('',#7834,10.);
#2185=VECTOR('',#7837,10.);
#2186=VECTOR('',#7838,10.);
#2187=VECTOR('',#7839,10.);
#2188=VECTOR('',#7842,10.);
#2189=VECTOR('',#7843,10.);
#2190=VECTOR('',#7844,10.);
#2191=VECTOR('',#7847,10.);
#2192=VECTOR('',#7848,10.);
#2193=VECTOR('',#7849,10.);
#2194=VECTOR('',#7852,10.);
#2195=VECTOR('',#7853,10.);
#2196=VECTOR('',#7854,10.);
#2197=VECTOR('',#7857,10.);
#2198=VECTOR('',#7858,10.);
#2199=VECTOR('',#7859,10.);
#2200=VECTOR('',#7862,10.);
#2201=VECTOR('',#7863,10.);
#2202=VECTOR('',#7864,10.);
#2203=VECTOR('',#7867,10.);
#2204=VECTOR('',#7868,10.);
#2205=VECTOR('',#7869,10.);
#2206=VECTOR('',#7872,10.);
#2207=VECTOR('',#7873,10.);
#2208=VECTOR('',#7874,10.);
#2209=VECTOR('',#7877,10.);
#2210=VECTOR('',#7878,10.);
#2211=VECTOR('',#7879,10.);
#2212=VECTOR('',#7882,10.);
#2213=VECTOR('',#7883,10.);
#2214=VECTOR('',#7884,10.);
#2215=VECTOR('',#7887,10.);
#2216=VECTOR('',#7888,10.);
#2217=VECTOR('',#7889,10.);
#2218=VECTOR('',#7892,10.);
#2219=VECTOR('',#7893,10.);
#2220=VECTOR('',#7894,10.);
#2221=VECTOR('',#7897,10.);
#2222=VECTOR('',#7898,10.);
#2223=VECTOR('',#7899,10.);
#2224=VECTOR('',#7902,10.);
#2225=VECTOR('',#7903,10.);
#2226=VECTOR('',#7904,10.);
#2227=VECTOR('',#7907,10.);
#2228=VECTOR('',#7908,10.);
#2229=VECTOR('',#7909,10.);
#2230=VECTOR('',#7912,10.);
#2231=VECTOR('',#7913,10.);
#2232=VECTOR('',#7914,10.);
#2233=VECTOR('',#7917,10.);
#2234=VECTOR('',#7918,10.);
#2235=VECTOR('',#7919,10.);
#2236=VECTOR('',#7922,10.);
#2237=VECTOR('',#7923,10.);
#2238=VECTOR('',#7924,10.);
#2239=VECTOR('',#7927,10.);
#2240=VECTOR('',#7928,10.);
#2241=VECTOR('',#7929,10.);
#2242=VECTOR('',#7932,10.);
#2243=VECTOR('',#7933,10.);
#2244=VECTOR('',#7934,10.);
#2245=VECTOR('',#7937,10.);
#2246=VECTOR('',#7938,10.);
#2247=VECTOR('',#7939,10.);
#2248=VECTOR('',#7942,10.);
#2249=VECTOR('',#7943,10.);
#2250=VECTOR('',#7944,10.);
#2251=VECTOR('',#7947,10.);
#2252=VECTOR('',#7948,10.);
#2253=VECTOR('',#7949,10.);
#2254=VECTOR('',#7952,10.);
#2255=VECTOR('',#7953,10.);
#2256=VECTOR('',#7954,10.);
#2257=VECTOR('',#7957,10.);
#2258=VECTOR('',#7958,10.);
#2259=VECTOR('',#7959,10.);
#2260=VECTOR('',#7962,10.);
#2261=VECTOR('',#7963,10.);
#2262=VECTOR('',#7964,10.);
#2263=VECTOR('',#7967,10.);
#2264=VECTOR('',#7968,10.);
#2265=VECTOR('',#7969,10.);
#2266=VECTOR('',#7972,10.);
#2267=VECTOR('',#7973,10.);
#2268=VECTOR('',#7974,10.);
#2269=VECTOR('',#7977,10.);
#2270=VECTOR('',#7978,10.);
#2271=VECTOR('',#7979,10.);
#2272=VECTOR('',#7982,10.);
#2273=VECTOR('',#7983,10.);
#2274=VECTOR('',#7984,10.);
#2275=VECTOR('',#7987,10.);
#2276=VECTOR('',#7988,10.);
#2277=VECTOR('',#7989,10.);
#2278=VECTOR('',#7992,10.);
#2279=VECTOR('',#7993,10.);
#2280=VECTOR('',#7994,10.);
#2281=VECTOR('',#7997,10.);
#2282=VECTOR('',#7998,10.);
#2283=VECTOR('',#7999,10.);
#2284=VECTOR('',#8002,10.);
#2285=VECTOR('',#8003,10.);
#2286=VECTOR('',#8004,10.);
#2287=VECTOR('',#8007,10.);
#2288=VECTOR('',#8008,10.);
#2289=VECTOR('',#8009,10.);
#2290=VECTOR('',#8012,10.);
#2291=VECTOR('',#8013,10.);
#2292=VECTOR('',#8014,10.);
#2293=VECTOR('',#8017,10.);
#2294=VECTOR('',#8018,10.);
#2295=VECTOR('',#8019,10.);
#2296=VECTOR('',#8022,10.);
#2297=VECTOR('',#8023,10.);
#2298=VECTOR('',#8024,10.);
#2299=VECTOR('',#8027,10.);
#2300=VECTOR('',#8028,10.);
#2301=VECTOR('',#8029,10.);
#2302=VECTOR('',#8032,10.);
#2303=VECTOR('',#8033,10.);
#2304=VECTOR('',#8034,10.);
#2305=VECTOR('',#8037,10.);
#2306=VECTOR('',#8038,10.);
#2307=VECTOR('',#8039,10.);
#2308=VECTOR('',#8042,10.);
#2309=VECTOR('',#8043,10.);
#2310=VECTOR('',#8044,10.);
#2311=VECTOR('',#8047,10.);
#2312=VECTOR('',#8048,10.);
#2313=VECTOR('',#8049,10.);
#2314=VECTOR('',#8052,10.);
#2315=VECTOR('',#8053,10.);
#2316=VECTOR('',#8054,10.);
#2317=VECTOR('',#8057,10.);
#2318=VECTOR('',#8058,10.);
#2319=VECTOR('',#8059,10.);
#2320=VECTOR('',#8062,10.);
#2321=VECTOR('',#8063,10.);
#2322=VECTOR('',#8064,10.);
#2323=VECTOR('',#8067,10.);
#2324=VECTOR('',#8068,10.);
#2325=VECTOR('',#8069,10.);
#2326=VECTOR('',#8072,10.);
#2327=VECTOR('',#8073,10.);
#2328=VECTOR('',#8074,10.);
#2329=VECTOR('',#8077,10.);
#2330=VECTOR('',#8078,10.);
#2331=VECTOR('',#8079,10.);
#2332=VECTOR('',#8082,10.);
#2333=VECTOR('',#8083,10.);
#2334=VECTOR('',#8084,10.);
#2335=VECTOR('',#8087,10.);
#2336=VECTOR('',#8088,10.);
#2337=VECTOR('',#8089,10.);
#2338=VECTOR('',#8092,10.);
#2339=VECTOR('',#8093,10.);
#2340=VECTOR('',#8094,10.);
#2341=VECTOR('',#8097,10.);
#2342=VECTOR('',#8098,10.);
#2343=VECTOR('',#8099,10.);
#2344=VECTOR('',#8102,10.);
#2345=VECTOR('',#8103,10.);
#2346=VECTOR('',#8104,10.);
#2347=VECTOR('',#8107,10.);
#2348=VECTOR('',#8108,10.);
#2349=VECTOR('',#8109,10.);
#2350=VECTOR('',#8112,10.);
#2351=VECTOR('',#8113,10.);
#2352=VECTOR('',#8114,10.);
#2353=VECTOR('',#8117,10.);
#2354=VECTOR('',#8118,10.);
#2355=VECTOR('',#8119,10.);
#2356=VECTOR('',#8122,10.);
#2357=VECTOR('',#8123,10.);
#2358=VECTOR('',#8124,10.);
#2359=VECTOR('',#8127,10.);
#2360=VECTOR('',#8128,10.);
#2361=VECTOR('',#8129,10.);
#2362=VECTOR('',#8132,10.);
#2363=VECTOR('',#8133,10.);
#2364=VECTOR('',#8134,10.);
#2365=VECTOR('',#8137,10.);
#2366=VECTOR('',#8138,10.);
#2367=VECTOR('',#8139,10.);
#2368=VECTOR('',#8142,10.);
#2369=VECTOR('',#8143,10.);
#2370=VECTOR('',#8144,10.);
#2371=VECTOR('',#8147,10.);
#2372=VECTOR('',#8148,10.);
#2373=VECTOR('',#8149,10.);
#2374=VECTOR('',#8152,10.);
#2375=VECTOR('',#8153,10.);
#2376=VECTOR('',#8154,10.);
#2377=VECTOR('',#8157,10.);
#2378=VECTOR('',#8158,10.);
#2379=VECTOR('',#8159,10.);
#2380=VECTOR('',#8162,10.);
#2381=VECTOR('',#8163,10.);
#2382=VECTOR('',#8164,10.);
#2383=VECTOR('',#8167,10.);
#2384=VECTOR('',#8168,10.);
#2385=VECTOR('',#8169,10.);
#2386=VECTOR('',#8172,10.);
#2387=VECTOR('',#8173,10.);
#2388=VECTOR('',#8174,10.);
#2389=VECTOR('',#8177,10.);
#2390=VECTOR('',#8178,10.);
#2391=VECTOR('',#8179,10.);
#2392=VECTOR('',#8182,10.);
#2393=VECTOR('',#8183,10.);
#2394=VECTOR('',#8184,10.);
#2395=VECTOR('',#8187,10.);
#2396=VECTOR('',#8188,10.);
#2397=VECTOR('',#8189,10.);
#2398=VECTOR('',#8192,10.);
#2399=VECTOR('',#8193,10.);
#2400=VECTOR('',#8194,10.);
#2401=VECTOR('',#8197,10.);
#2402=VECTOR('',#8198,10.);
#2403=VECTOR('',#8199,10.);
#2404=VECTOR('',#8202,10.);
#2405=VECTOR('',#8203,10.);
#2406=VECTOR('',#8204,10.);
#2407=VECTOR('',#8207,10.);
#2408=VECTOR('',#8208,10.);
#2409=VECTOR('',#8215,10.);
#2410=VECTOR('',#8216,10.);
#2411=VECTOR('',#8217,10.);
#2412=VECTOR('',#8218,10.);
#2413=VECTOR('',#8221,10.);
#2414=VECTOR('',#8222,10.);
#2415=VECTOR('',#8223,10.);
#2416=VECTOR('',#8226,10.);
#2417=VECTOR('',#8227,10.);
#2418=VECTOR('',#8228,10.);
#2419=VECTOR('',#8231,10.);
#2420=VECTOR('',#8232,10.);
#2421=VECTOR('',#8233,10.);
#2422=VECTOR('',#8236,10.);
#2423=VECTOR('',#8237,10.);
#2424=VECTOR('',#8238,10.);
#2425=VECTOR('',#8241,10.);
#2426=VECTOR('',#8242,10.);
#2427=VECTOR('',#8243,10.);
#2428=VECTOR('',#8246,10.);
#2429=VECTOR('',#8247,10.);
#2430=VECTOR('',#8248,10.);
#2431=VECTOR('',#8251,10.);
#2432=VECTOR('',#8252,10.);
#2433=VECTOR('',#8253,10.);
#2434=VECTOR('',#8256,10.);
#2435=VECTOR('',#8257,10.);
#2436=VECTOR('',#8258,10.);
#2437=VECTOR('',#8261,10.);
#2438=VECTOR('',#8262,10.);
#2439=VECTOR('',#8263,10.);
#2440=VECTOR('',#8266,10.);
#2441=VECTOR('',#8267,10.);
#2442=VECTOR('',#8268,10.);
#2443=VECTOR('',#8271,10.);
#2444=VECTOR('',#8272,10.);
#2445=VECTOR('',#8273,10.);
#2446=VECTOR('',#8276,10.);
#2447=VECTOR('',#8277,10.);
#2448=VECTOR('',#8278,10.);
#2449=VECTOR('',#8281,10.);
#2450=VECTOR('',#8282,10.);
#2451=VECTOR('',#8283,10.);
#2452=VECTOR('',#8286,10.);
#2453=VECTOR('',#8287,10.);
#2454=VECTOR('',#8288,10.);
#2455=VECTOR('',#8291,10.);
#2456=VECTOR('',#8292,10.);
#2457=VECTOR('',#8293,10.);
#2458=VECTOR('',#8296,10.);
#2459=VECTOR('',#8297,10.);
#2460=VECTOR('',#8298,10.);
#2461=VECTOR('',#8301,10.);
#2462=VECTOR('',#8302,10.);
#2463=VECTOR('',#8303,10.);
#2464=VECTOR('',#8306,10.);
#2465=VECTOR('',#8307,10.);
#2466=VECTOR('',#8308,10.);
#2467=VECTOR('',#8311,10.);
#2468=VECTOR('',#8312,10.);
#2469=VECTOR('',#8313,10.);
#2470=VECTOR('',#8316,10.);
#2471=VECTOR('',#8317,10.);
#2472=VECTOR('',#8318,10.);
#2473=VECTOR('',#8321,10.);
#2474=VECTOR('',#8322,10.);
#2475=VECTOR('',#8323,10.);
#2476=VECTOR('',#8326,10.);
#2477=VECTOR('',#8327,10.);
#2478=VECTOR('',#8328,10.);
#2479=VECTOR('',#8331,10.);
#2480=VECTOR('',#8332,10.);
#2481=VECTOR('',#8333,10.);
#2482=VECTOR('',#8336,10.);
#2483=VECTOR('',#8337,10.);
#2484=VECTOR('',#8338,10.);
#2485=VECTOR('',#8341,10.);
#2486=VECTOR('',#8342,10.);
#2487=VERTEX_POINT('',#8349);
#2488=VERTEX_POINT('',#8350);
#2489=VERTEX_POINT('',#8352);
#2490=VERTEX_POINT('',#8354);
#2491=VERTEX_POINT('',#8358);
#2492=VERTEX_POINT('',#8360);
#2493=VERTEX_POINT('',#8364);
#2494=VERTEX_POINT('',#8366);
#2495=VERTEX_POINT('',#8370);
#2496=VERTEX_POINT('',#8372);
#2497=VERTEX_POINT('',#8376);
#2498=VERTEX_POINT('',#8378);
#2499=VERTEX_POINT('',#8382);
#2500=VERTEX_POINT('',#8384);
#2501=VERTEX_POINT('',#8388);
#2502=VERTEX_POINT('',#8390);
#2503=VERTEX_POINT('',#8394);
#2504=VERTEX_POINT('',#8396);
#2505=VERTEX_POINT('',#8400);
#2506=VERTEX_POINT('',#8402);
#2507=VERTEX_POINT('',#8406);
#2508=VERTEX_POINT('',#8408);
#2509=VERTEX_POINT('',#8412);
#2510=VERTEX_POINT('',#8414);
#2511=VERTEX_POINT('',#8418);
#2512=VERTEX_POINT('',#8420);
#2513=VERTEX_POINT('',#8424);
#2514=VERTEX_POINT('',#8426);
#2515=VERTEX_POINT('',#8430);
#2516=VERTEX_POINT('',#8432);
#2517=VERTEX_POINT('',#8436);
#2518=VERTEX_POINT('',#8438);
#2519=VERTEX_POINT('',#8442);
#2520=VERTEX_POINT('',#8444);
#2521=VERTEX_POINT('',#8448);
#2522=VERTEX_POINT('',#8450);
#2523=VERTEX_POINT('',#8454);
#2524=VERTEX_POINT('',#8456);
#2525=VERTEX_POINT('',#8460);
#2526=VERTEX_POINT('',#8462);
#2527=VERTEX_POINT('',#8466);
#2528=VERTEX_POINT('',#8468);
#2529=VERTEX_POINT('',#8472);
#2530=VERTEX_POINT('',#8474);
#2531=VERTEX_POINT('',#8478);
#2532=VERTEX_POINT('',#8480);
#2533=VERTEX_POINT('',#8484);
#2534=VERTEX_POINT('',#8486);
#2535=VERTEX_POINT('',#8490);
#2536=VERTEX_POINT('',#8492);
#2537=VERTEX_POINT('',#8496);
#2538=VERTEX_POINT('',#8498);
#2539=VERTEX_POINT('',#8505);
#2540=VERTEX_POINT('',#8506);
#2541=VERTEX_POINT('',#8508);
#2542=VERTEX_POINT('',#8510);
#2543=VERTEX_POINT('',#8514);
#2544=VERTEX_POINT('',#8516);
#2545=VERTEX_POINT('',#8520);
#2546=VERTEX_POINT('',#8522);
#2547=VERTEX_POINT('',#8529);
#2548=VERTEX_POINT('',#8530);
#2549=VERTEX_POINT('',#8532);
#2550=VERTEX_POINT('',#8534);
#2551=VERTEX_POINT('',#8538);
#2552=VERTEX_POINT('',#8540);
#2553=VERTEX_POINT('',#8544);
#2554=VERTEX_POINT('',#8546);
#2555=VERTEX_POINT('',#8550);
#2556=VERTEX_POINT('',#8552);
#2557=VERTEX_POINT('',#8556);
#2558=VERTEX_POINT('',#8558);
#2559=VERTEX_POINT('',#8562);
#2560=VERTEX_POINT('',#8564);
#2561=VERTEX_POINT('',#8568);
#2562=VERTEX_POINT('',#8570);
#2563=VERTEX_POINT('',#8574);
#2564=VERTEX_POINT('',#8576);
#2565=VERTEX_POINT('',#8580);
#2566=VERTEX_POINT('',#8582);
#2567=VERTEX_POINT('',#8586);
#2568=VERTEX_POINT('',#8588);
#2569=VERTEX_POINT('',#8592);
#2570=VERTEX_POINT('',#8594);
#2571=VERTEX_POINT('',#8598);
#2572=VERTEX_POINT('',#8600);
#2573=VERTEX_POINT('',#8604);
#2574=VERTEX_POINT('',#8606);
#2575=VERTEX_POINT('',#8610);
#2576=VERTEX_POINT('',#8612);
#2577=VERTEX_POINT('',#8616);
#2578=VERTEX_POINT('',#8618);
#2579=VERTEX_POINT('',#8622);
#2580=VERTEX_POINT('',#8624);
#2581=VERTEX_POINT('',#8628);
#2582=VERTEX_POINT('',#8630);
#2583=VERTEX_POINT('',#8634);
#2584=VERTEX_POINT('',#8636);
#2585=VERTEX_POINT('',#8640);
#2586=VERTEX_POINT('',#8642);
#2587=VERTEX_POINT('',#8646);
#2588=VERTEX_POINT('',#8648);
#2589=VERTEX_POINT('',#8652);
#2590=VERTEX_POINT('',#8654);
#2591=VERTEX_POINT('',#8658);
#2592=VERTEX_POINT('',#8660);
#2593=VERTEX_POINT('',#8664);
#2594=VERTEX_POINT('',#8666);
#2595=VERTEX_POINT('',#8670);
#2596=VERTEX_POINT('',#8672);
#2597=VERTEX_POINT('',#8676);
#2598=VERTEX_POINT('',#8678);
#2599=VERTEX_POINT('',#8682);
#2600=VERTEX_POINT('',#8684);
#2601=VERTEX_POINT('',#8688);
#2602=VERTEX_POINT('',#8690);
#2603=VERTEX_POINT('',#8694);
#2604=VERTEX_POINT('',#8696);
#2605=VERTEX_POINT('',#8700);
#2606=VERTEX_POINT('',#8702);
#2607=VERTEX_POINT('',#8706);
#2608=VERTEX_POINT('',#8708);
#2609=VERTEX_POINT('',#8712);
#2610=VERTEX_POINT('',#8714);
#2611=VERTEX_POINT('',#8718);
#2612=VERTEX_POINT('',#8720);
#2613=VERTEX_POINT('',#8724);
#2614=VERTEX_POINT('',#8726);
#2615=VERTEX_POINT('',#8730);
#2616=VERTEX_POINT('',#8732);
#2617=VERTEX_POINT('',#8736);
#2618=VERTEX_POINT('',#8738);
#2619=VERTEX_POINT('',#8742);
#2620=VERTEX_POINT('',#8744);
#2621=VERTEX_POINT('',#8748);
#2622=VERTEX_POINT('',#8750);
#2623=VERTEX_POINT('',#8754);
#2624=VERTEX_POINT('',#8756);
#2625=VERTEX_POINT('',#8760);
#2626=VERTEX_POINT('',#8762);
#2627=VERTEX_POINT('',#8766);
#2628=VERTEX_POINT('',#8768);
#2629=VERTEX_POINT('',#8772);
#2630=VERTEX_POINT('',#8774);
#2631=VERTEX_POINT('',#8778);
#2632=VERTEX_POINT('',#8780);
#2633=VERTEX_POINT('',#8784);
#2634=VERTEX_POINT('',#8786);
#2635=VERTEX_POINT('',#8790);
#2636=VERTEX_POINT('',#8792);
#2637=VERTEX_POINT('',#8796);
#2638=VERTEX_POINT('',#8798);
#2639=VERTEX_POINT('',#8802);
#2640=VERTEX_POINT('',#8804);
#2641=VERTEX_POINT('',#8808);
#2642=VERTEX_POINT('',#8810);
#2643=VERTEX_POINT('',#8814);
#2644=VERTEX_POINT('',#8816);
#2645=VERTEX_POINT('',#8820);
#2646=VERTEX_POINT('',#8822);
#2647=VERTEX_POINT('',#8826);
#2648=VERTEX_POINT('',#8828);
#2649=VERTEX_POINT('',#8832);
#2650=VERTEX_POINT('',#8834);
#2651=VERTEX_POINT('',#8838);
#2652=VERTEX_POINT('',#8840);
#2653=VERTEX_POINT('',#8844);
#2654=VERTEX_POINT('',#8846);
#2655=VERTEX_POINT('',#8850);
#2656=VERTEX_POINT('',#8852);
#2657=VERTEX_POINT('',#8856);
#2658=VERTEX_POINT('',#8858);
#2659=VERTEX_POINT('',#8862);
#2660=VERTEX_POINT('',#8864);
#2661=VERTEX_POINT('',#8868);
#2662=VERTEX_POINT('',#8870);
#2663=VERTEX_POINT('',#8874);
#2664=VERTEX_POINT('',#8876);
#2665=VERTEX_POINT('',#8880);
#2666=VERTEX_POINT('',#8882);
#2667=VERTEX_POINT('',#8886);
#2668=VERTEX_POINT('',#8888);
#2669=VERTEX_POINT('',#8892);
#2670=VERTEX_POINT('',#8894);
#2671=VERTEX_POINT('',#8898);
#2672=VERTEX_POINT('',#8900);
#2673=VERTEX_POINT('',#8904);
#2674=VERTEX_POINT('',#8906);
#2675=VERTEX_POINT('',#8910);
#2676=VERTEX_POINT('',#8912);
#2677=VERTEX_POINT('',#8916);
#2678=VERTEX_POINT('',#8918);
#2679=VERTEX_POINT('',#8922);
#2680=VERTEX_POINT('',#8924);
#2681=VERTEX_POINT('',#8933);
#2682=VERTEX_POINT('',#8934);
#2683=VERTEX_POINT('',#8936);
#2684=VERTEX_POINT('',#8938);
#2685=VERTEX_POINT('',#8942);
#2686=VERTEX_POINT('',#8944);
#2687=VERTEX_POINT('',#8948);
#2688=VERTEX_POINT('',#8950);
#2689=VERTEX_POINT('',#8954);
#2690=VERTEX_POINT('',#8956);
#2691=VERTEX_POINT('',#8960);
#2692=VERTEX_POINT('',#8962);
#2693=VERTEX_POINT('',#8966);
#2694=VERTEX_POINT('',#8968);
#2695=VERTEX_POINT('',#8972);
#2696=VERTEX_POINT('',#8974);
#2697=VERTEX_POINT('',#8978);
#2698=VERTEX_POINT('',#8980);
#2699=VERTEX_POINT('',#8984);
#2700=VERTEX_POINT('',#8986);
#2701=VERTEX_POINT('',#8990);
#2702=VERTEX_POINT('',#8992);
#2703=VERTEX_POINT('',#8996);
#2704=VERTEX_POINT('',#8998);
#2705=VERTEX_POINT('',#9002);
#2706=VERTEX_POINT('',#9004);
#2707=VERTEX_POINT('',#9008);
#2708=VERTEX_POINT('',#9010);
#2709=VERTEX_POINT('',#9014);
#2710=VERTEX_POINT('',#9016);
#2711=VERTEX_POINT('',#9020);
#2712=VERTEX_POINT('',#9022);
#2713=VERTEX_POINT('',#9026);
#2714=VERTEX_POINT('',#9028);
#2715=VERTEX_POINT('',#9032);
#2716=VERTEX_POINT('',#9034);
#2717=VERTEX_POINT('',#9043);
#2718=VERTEX_POINT('',#9044);
#2719=VERTEX_POINT('',#9046);
#2720=VERTEX_POINT('',#9048);
#2721=VERTEX_POINT('',#9052);
#2722=VERTEX_POINT('',#9054);
#2723=VERTEX_POINT('',#9058);
#2724=VERTEX_POINT('',#9060);
#2725=VERTEX_POINT('',#9064);
#2726=VERTEX_POINT('',#9066);
#2727=VERTEX_POINT('',#9070);
#2728=VERTEX_POINT('',#9072);
#2729=VERTEX_POINT('',#9076);
#2730=VERTEX_POINT('',#9078);
#2731=VERTEX_POINT('',#9082);
#2732=VERTEX_POINT('',#9084);
#2733=VERTEX_POINT('',#9088);
#2734=VERTEX_POINT('',#9090);
#2735=VERTEX_POINT('',#9094);
#2736=VERTEX_POINT('',#9096);
#2737=VERTEX_POINT('',#9100);
#2738=VERTEX_POINT('',#9102);
#2739=VERTEX_POINT('',#9106);
#2740=VERTEX_POINT('',#9108);
#2741=VERTEX_POINT('',#9112);
#2742=VERTEX_POINT('',#9114);
#2743=VERTEX_POINT('',#9118);
#2744=VERTEX_POINT('',#9120);
#2745=VERTEX_POINT('',#9124);
#2746=VERTEX_POINT('',#9126);
#2747=VERTEX_POINT('',#9130);
#2748=VERTEX_POINT('',#9132);
#2749=VERTEX_POINT('',#9136);
#2750=VERTEX_POINT('',#9138);
#2751=VERTEX_POINT('',#9142);
#2752=VERTEX_POINT('',#9144);
#2753=VERTEX_POINT('',#9151);
#2754=VERTEX_POINT('',#9152);
#2755=VERTEX_POINT('',#9154);
#2756=VERTEX_POINT('',#9156);
#2757=VERTEX_POINT('',#9160);
#2758=VERTEX_POINT('',#9162);
#2759=VERTEX_POINT('',#9166);
#2760=VERTEX_POINT('',#9168);
#2761=VERTEX_POINT('',#9172);
#2762=VERTEX_POINT('',#9174);
#2763=VERTEX_POINT('',#9178);
#2764=VERTEX_POINT('',#9180);
#2765=VERTEX_POINT('',#9184);
#2766=VERTEX_POINT('',#9186);
#2767=VERTEX_POINT('',#9190);
#2768=VERTEX_POINT('',#9192);
#2769=VERTEX_POINT('',#9196);
#2770=VERTEX_POINT('',#9198);
#2771=VERTEX_POINT('',#9202);
#2772=VERTEX_POINT('',#9204);
#2773=VERTEX_POINT('',#9208);
#2774=VERTEX_POINT('',#9210);
#2775=VERTEX_POINT('',#9214);
#2776=VERTEX_POINT('',#9216);
#2777=VERTEX_POINT('',#9220);
#2778=VERTEX_POINT('',#9222);
#2779=VERTEX_POINT('',#9226);
#2780=VERTEX_POINT('',#9228);
#2781=VERTEX_POINT('',#9232);
#2782=VERTEX_POINT('',#9234);
#2783=VERTEX_POINT('',#9238);
#2784=VERTEX_POINT('',#9240);
#2785=VERTEX_POINT('',#9244);
#2786=VERTEX_POINT('',#9246);
#2787=VERTEX_POINT('',#9250);
#2788=VERTEX_POINT('',#9252);
#2789=VERTEX_POINT('',#9256);
#2790=VERTEX_POINT('',#9258);
#2791=VERTEX_POINT('',#9262);
#2792=VERTEX_POINT('',#9264);
#2793=VERTEX_POINT('',#9268);
#2794=VERTEX_POINT('',#9270);
#2795=VERTEX_POINT('',#9274);
#2796=VERTEX_POINT('',#9276);
#2797=VERTEX_POINT('',#9280);
#2798=VERTEX_POINT('',#9282);
#2799=VERTEX_POINT('',#9286);
#2800=VERTEX_POINT('',#9288);
#2801=VERTEX_POINT('',#9292);
#2802=VERTEX_POINT('',#9294);
#2803=VERTEX_POINT('',#9298);
#2804=VERTEX_POINT('',#9300);
#2805=VERTEX_POINT('',#9304);
#2806=VERTEX_POINT('',#9306);
#2807=VERTEX_POINT('',#9310);
#2808=VERTEX_POINT('',#9312);
#2809=VERTEX_POINT('',#9316);
#2810=VERTEX_POINT('',#9318);
#2811=VERTEX_POINT('',#9322);
#2812=VERTEX_POINT('',#9324);
#2813=VERTEX_POINT('',#9328);
#2814=VERTEX_POINT('',#9330);
#2815=VERTEX_POINT('',#9334);
#2816=VERTEX_POINT('',#9336);
#2817=VERTEX_POINT('',#9340);
#2818=VERTEX_POINT('',#9342);
#2819=VERTEX_POINT('',#9346);
#2820=VERTEX_POINT('',#9348);
#2821=VERTEX_POINT('',#9352);
#2822=VERTEX_POINT('',#9354);
#2823=VERTEX_POINT('',#9358);
#2824=VERTEX_POINT('',#9360);
#2825=VERTEX_POINT('',#9364);
#2826=VERTEX_POINT('',#9366);
#2827=VERTEX_POINT('',#9370);
#2828=VERTEX_POINT('',#9372);
#2829=VERTEX_POINT('',#9376);
#2830=VERTEX_POINT('',#9378);
#2831=VERTEX_POINT('',#9382);
#2832=VERTEX_POINT('',#9384);
#2833=VERTEX_POINT('',#9388);
#2834=VERTEX_POINT('',#9390);
#2835=VERTEX_POINT('',#9394);
#2836=VERTEX_POINT('',#9396);
#2837=VERTEX_POINT('',#9400);
#2838=VERTEX_POINT('',#9402);
#2839=VERTEX_POINT('',#9406);
#2840=VERTEX_POINT('',#9408);
#2841=VERTEX_POINT('',#9412);
#2842=VERTEX_POINT('',#9414);
#2843=VERTEX_POINT('',#9418);
#2844=VERTEX_POINT('',#9420);
#2845=VERTEX_POINT('',#9424);
#2846=VERTEX_POINT('',#9426);
#2847=VERTEX_POINT('',#9430);
#2848=VERTEX_POINT('',#9432);
#2849=VERTEX_POINT('',#9436);
#2850=VERTEX_POINT('',#9438);
#2851=VERTEX_POINT('',#9442);
#2852=VERTEX_POINT('',#9444);
#2853=VERTEX_POINT('',#9448);
#2854=VERTEX_POINT('',#9450);
#2855=VERTEX_POINT('',#9454);
#2856=VERTEX_POINT('',#9456);
#2857=VERTEX_POINT('',#9460);
#2858=VERTEX_POINT('',#9462);
#2859=VERTEX_POINT('',#9466);
#2860=VERTEX_POINT('',#9468);
#2861=VERTEX_POINT('',#9472);
#2862=VERTEX_POINT('',#9474);
#2863=VERTEX_POINT('',#9478);
#2864=VERTEX_POINT('',#9480);
#2865=VERTEX_POINT('',#9484);
#2866=VERTEX_POINT('',#9486);
#2867=VERTEX_POINT('',#9490);
#2868=VERTEX_POINT('',#9492);
#2869=VERTEX_POINT('',#9496);
#2870=VERTEX_POINT('',#9498);
#2871=VERTEX_POINT('',#9502);
#2872=VERTEX_POINT('',#9504);
#2873=VERTEX_POINT('',#9508);
#2874=VERTEX_POINT('',#9510);
#2875=VERTEX_POINT('',#9514);
#2876=VERTEX_POINT('',#9516);
#2877=VERTEX_POINT('',#9520);
#2878=VERTEX_POINT('',#9522);
#2879=VERTEX_POINT('',#9526);
#2880=VERTEX_POINT('',#9528);
#2881=VERTEX_POINT('',#9532);
#2882=VERTEX_POINT('',#9534);
#2883=VERTEX_POINT('',#9538);
#2884=VERTEX_POINT('',#9540);
#2885=VERTEX_POINT('',#9544);
#2886=VERTEX_POINT('',#9546);
#2887=VERTEX_POINT('',#9550);
#2888=VERTEX_POINT('',#9552);
#2889=VERTEX_POINT('',#9556);
#2890=VERTEX_POINT('',#9558);
#2891=VERTEX_POINT('',#9562);
#2892=VERTEX_POINT('',#9564);
#2893=VERTEX_POINT('',#9568);
#2894=VERTEX_POINT('',#9570);
#2895=VERTEX_POINT('',#9574);
#2896=VERTEX_POINT('',#9576);
#2897=VERTEX_POINT('',#9580);
#2898=VERTEX_POINT('',#9582);
#2899=VERTEX_POINT('',#9586);
#2900=VERTEX_POINT('',#9588);
#2901=VERTEX_POINT('',#9592);
#2902=VERTEX_POINT('',#9594);
#2903=VERTEX_POINT('',#9598);
#2904=VERTEX_POINT('',#9600);
#2905=VERTEX_POINT('',#9604);
#2906=VERTEX_POINT('',#9606);
#2907=VERTEX_POINT('',#9610);
#2908=VERTEX_POINT('',#9612);
#2909=VERTEX_POINT('',#9616);
#2910=VERTEX_POINT('',#9618);
#2911=VERTEX_POINT('',#9622);
#2912=VERTEX_POINT('',#9624);
#2913=VERTEX_POINT('',#9628);
#2914=VERTEX_POINT('',#9630);
#2915=VERTEX_POINT('',#9634);
#2916=VERTEX_POINT('',#9636);
#2917=VERTEX_POINT('',#9640);
#2918=VERTEX_POINT('',#9642);
#2919=VERTEX_POINT('',#9646);
#2920=VERTEX_POINT('',#9648);
#2921=VERTEX_POINT('',#9652);
#2922=VERTEX_POINT('',#9654);
#2923=VERTEX_POINT('',#9658);
#2924=VERTEX_POINT('',#9660);
#2925=VERTEX_POINT('',#9664);
#2926=VERTEX_POINT('',#9666);
#2927=VERTEX_POINT('',#9670);
#2928=VERTEX_POINT('',#9672);
#2929=VERTEX_POINT('',#9676);
#2930=VERTEX_POINT('',#9678);
#2931=VERTEX_POINT('',#9682);
#2932=VERTEX_POINT('',#9684);
#2933=VERTEX_POINT('',#9688);
#2934=VERTEX_POINT('',#9690);
#2935=VERTEX_POINT('',#9694);
#2936=VERTEX_POINT('',#9696);
#2937=VERTEX_POINT('',#9700);
#2938=VERTEX_POINT('',#9702);
#2939=VERTEX_POINT('',#9706);
#2940=VERTEX_POINT('',#9708);
#2941=VERTEX_POINT('',#9712);
#2942=VERTEX_POINT('',#9714);
#2943=VERTEX_POINT('',#9718);
#2944=VERTEX_POINT('',#9720);
#2945=VERTEX_POINT('',#9724);
#2946=VERTEX_POINT('',#9726);
#2947=VERTEX_POINT('',#9730);
#2948=VERTEX_POINT('',#9732);
#2949=VERTEX_POINT('',#9736);
#2950=VERTEX_POINT('',#9738);
#2951=VERTEX_POINT('',#9742);
#2952=VERTEX_POINT('',#9744);
#2953=VERTEX_POINT('',#9748);
#2954=VERTEX_POINT('',#9750);
#2955=VERTEX_POINT('',#9754);
#2956=VERTEX_POINT('',#9756);
#2957=VERTEX_POINT('',#9760);
#2958=VERTEX_POINT('',#9762);
#2959=VERTEX_POINT('',#9766);
#2960=VERTEX_POINT('',#9768);
#2961=VERTEX_POINT('',#9772);
#2962=VERTEX_POINT('',#9774);
#2963=VERTEX_POINT('',#9778);
#2964=VERTEX_POINT('',#9780);
#2965=VERTEX_POINT('',#9784);
#2966=VERTEX_POINT('',#9786);
#2967=VERTEX_POINT('',#9790);
#2968=VERTEX_POINT('',#9792);
#2969=VERTEX_POINT('',#9796);
#2970=VERTEX_POINT('',#9798);
#2971=VERTEX_POINT('',#9802);
#2972=VERTEX_POINT('',#9804);
#2973=VERTEX_POINT('',#9808);
#2974=VERTEX_POINT('',#9810);
#2975=VERTEX_POINT('',#9814);
#2976=VERTEX_POINT('',#9816);
#2977=VERTEX_POINT('',#9820);
#2978=VERTEX_POINT('',#9822);
#2979=VERTEX_POINT('',#9826);
#2980=VERTEX_POINT('',#9828);
#2981=VERTEX_POINT('',#9832);
#2982=VERTEX_POINT('',#9834);
#2983=VERTEX_POINT('',#9838);
#2984=VERTEX_POINT('',#9840);
#2985=VERTEX_POINT('',#9844);
#2986=VERTEX_POINT('',#9846);
#2987=VERTEX_POINT('',#9850);
#2988=VERTEX_POINT('',#9852);
#2989=VERTEX_POINT('',#9856);
#2990=VERTEX_POINT('',#9858);
#2991=VERTEX_POINT('',#9862);
#2992=VERTEX_POINT('',#9864);
#2993=VERTEX_POINT('',#9868);
#2994=VERTEX_POINT('',#9870);
#2995=VERTEX_POINT('',#9874);
#2996=VERTEX_POINT('',#9876);
#2997=VERTEX_POINT('',#9880);
#2998=VERTEX_POINT('',#9882);
#2999=VERTEX_POINT('',#9886);
#3000=VERTEX_POINT('',#9888);
#3001=VERTEX_POINT('',#9892);
#3002=VERTEX_POINT('',#9894);
#3003=VERTEX_POINT('',#9898);
#3004=VERTEX_POINT('',#9900);
#3005=VERTEX_POINT('',#9904);
#3006=VERTEX_POINT('',#9906);
#3007=VERTEX_POINT('',#9910);
#3008=VERTEX_POINT('',#9912);
#3009=VERTEX_POINT('',#9916);
#3010=VERTEX_POINT('',#9918);
#3011=VERTEX_POINT('',#9922);
#3012=VERTEX_POINT('',#9924);
#3013=VERTEX_POINT('',#9928);
#3014=VERTEX_POINT('',#9930);
#3015=VERTEX_POINT('',#9934);
#3016=VERTEX_POINT('',#9936);
#3017=VERTEX_POINT('',#9940);
#3018=VERTEX_POINT('',#9942);
#3019=VERTEX_POINT('',#9946);
#3020=VERTEX_POINT('',#9948);
#3021=VERTEX_POINT('',#9952);
#3022=VERTEX_POINT('',#9954);
#3023=VERTEX_POINT('',#9958);
#3024=VERTEX_POINT('',#9960);
#3025=VERTEX_POINT('',#9964);
#3026=VERTEX_POINT('',#9966);
#3027=VERTEX_POINT('',#9970);
#3028=VERTEX_POINT('',#9972);
#3029=VERTEX_POINT('',#9976);
#3030=VERTEX_POINT('',#9978);
#3031=VERTEX_POINT('',#9982);
#3032=VERTEX_POINT('',#9984);
#3033=VERTEX_POINT('',#9988);
#3034=VERTEX_POINT('',#9990);
#3035=VERTEX_POINT('',#9994);
#3036=VERTEX_POINT('',#9996);
#3037=VERTEX_POINT('',#10000);
#3038=VERTEX_POINT('',#10002);
#3039=VERTEX_POINT('',#10006);
#3040=VERTEX_POINT('',#10008);
#3041=VERTEX_POINT('',#10012);
#3042=VERTEX_POINT('',#10014);
#3043=VERTEX_POINT('',#10018);
#3044=VERTEX_POINT('',#10020);
#3045=VERTEX_POINT('',#10029);
#3046=VERTEX_POINT('',#10030);
#3047=VERTEX_POINT('',#10032);
#3048=VERTEX_POINT('',#10034);
#3049=VERTEX_POINT('',#10038);
#3050=VERTEX_POINT('',#10040);
#3051=VERTEX_POINT('',#10044);
#3052=VERTEX_POINT('',#10046);
#3053=VERTEX_POINT('',#10050);
#3054=VERTEX_POINT('',#10052);
#3055=VERTEX_POINT('',#10056);
#3056=VERTEX_POINT('',#10058);
#3057=VERTEX_POINT('',#10062);
#3058=VERTEX_POINT('',#10064);
#3059=VERTEX_POINT('',#10068);
#3060=VERTEX_POINT('',#10070);
#3061=VERTEX_POINT('',#10074);
#3062=VERTEX_POINT('',#10076);
#3063=VERTEX_POINT('',#10080);
#3064=VERTEX_POINT('',#10082);
#3065=VERTEX_POINT('',#10086);
#3066=VERTEX_POINT('',#10088);
#3067=VERTEX_POINT('',#10092);
#3068=VERTEX_POINT('',#10094);
#3069=VERTEX_POINT('',#10098);
#3070=VERTEX_POINT('',#10100);
#3071=VERTEX_POINT('',#10104);
#3072=VERTEX_POINT('',#10106);
#3073=VERTEX_POINT('',#10110);
#3074=VERTEX_POINT('',#10112);
#3075=VERTEX_POINT('',#10116);
#3076=VERTEX_POINT('',#10118);
#3077=VERTEX_POINT('',#10122);
#3078=VERTEX_POINT('',#10124);
#3079=VERTEX_POINT('',#10128);
#3080=VERTEX_POINT('',#10130);
#3081=VERTEX_POINT('',#10134);
#3082=VERTEX_POINT('',#10136);
#3083=VERTEX_POINT('',#10140);
#3084=VERTEX_POINT('',#10142);
#3085=VERTEX_POINT('',#10146);
#3086=VERTEX_POINT('',#10148);
#3087=VERTEX_POINT('',#10152);
#3088=VERTEX_POINT('',#10154);
#3089=VERTEX_POINT('',#10158);
#3090=VERTEX_POINT('',#10160);
#3091=VERTEX_POINT('',#10164);
#3092=VERTEX_POINT('',#10166);
#3093=VERTEX_POINT('',#10170);
#3094=VERTEX_POINT('',#10172);
#3095=VERTEX_POINT('',#10176);
#3096=VERTEX_POINT('',#10178);
#3097=EDGE_CURVE('',#2487,#2488,#665,.T.);
#3098=EDGE_CURVE('',#2488,#2489,#666,.T.);
#3099=EDGE_CURVE('',#2490,#2489,#667,.T.);
#3100=EDGE_CURVE('',#2487,#2490,#668,.T.);
#3101=EDGE_CURVE('',#2491,#2487,#669,.T.);
#3102=EDGE_CURVE('',#2492,#2490,#670,.T.);
#3103=EDGE_CURVE('',#2491,#2492,#671,.T.);
#3104=EDGE_CURVE('',#2493,#2491,#672,.T.);
#3105=EDGE_CURVE('',#2494,#2492,#673,.T.);
#3106=EDGE_CURVE('',#2493,#2494,#674,.T.);
#3107=EDGE_CURVE('',#2495,#2493,#675,.T.);
#3108=EDGE_CURVE('',#2496,#2494,#676,.T.);
#3109=EDGE_CURVE('',#2495,#2496,#677,.T.);
#3110=EDGE_CURVE('',#2497,#2495,#678,.T.);
#3111=EDGE_CURVE('',#2498,#2496,#679,.T.);
#3112=EDGE_CURVE('',#2497,#2498,#680,.T.);
#3113=EDGE_CURVE('',#2499,#2497,#681,.T.);
#3114=EDGE_CURVE('',#2500,#2498,#682,.T.);
#3115=EDGE_CURVE('',#2499,#2500,#683,.T.);
#3116=EDGE_CURVE('',#2501,#2499,#684,.T.);
#3117=EDGE_CURVE('',#2502,#2500,#685,.T.);
#3118=EDGE_CURVE('',#2501,#2502,#686,.T.);
#3119=EDGE_CURVE('',#2503,#2501,#687,.T.);
#3120=EDGE_CURVE('',#2504,#2502,#688,.T.);
#3121=EDGE_CURVE('',#2503,#2504,#689,.T.);
#3122=EDGE_CURVE('',#2505,#2503,#690,.T.);
#3123=EDGE_CURVE('',#2506,#2504,#691,.T.);
#3124=EDGE_CURVE('',#2505,#2506,#692,.T.);
#3125=EDGE_CURVE('',#2507,#2505,#693,.T.);
#3126=EDGE_CURVE('',#2508,#2506,#694,.T.);
#3127=EDGE_CURVE('',#2507,#2508,#695,.T.);
#3128=EDGE_CURVE('',#2509,#2507,#696,.T.);
#3129=EDGE_CURVE('',#2510,#2508,#697,.T.);
#3130=EDGE_CURVE('',#2509,#2510,#698,.T.);
#3131=EDGE_CURVE('',#2511,#2509,#699,.T.);
#3132=EDGE_CURVE('',#2512,#2510,#700,.T.);
#3133=EDGE_CURVE('',#2511,#2512,#701,.T.);
#3134=EDGE_CURVE('',#2513,#2511,#702,.T.);
#3135=EDGE_CURVE('',#2514,#2512,#703,.T.);
#3136=EDGE_CURVE('',#2513,#2514,#704,.T.);
#3137=EDGE_CURVE('',#2515,#2513,#705,.T.);
#3138=EDGE_CURVE('',#2516,#2514,#706,.T.);
#3139=EDGE_CURVE('',#2515,#2516,#707,.T.);
#3140=EDGE_CURVE('',#2517,#2515,#708,.T.);
#3141=EDGE_CURVE('',#2518,#2516,#709,.T.);
#3142=EDGE_CURVE('',#2517,#2518,#710,.T.);
#3143=EDGE_CURVE('',#2519,#2517,#711,.T.);
#3144=EDGE_CURVE('',#2520,#2518,#712,.T.);
#3145=EDGE_CURVE('',#2519,#2520,#713,.T.);
#3146=EDGE_CURVE('',#2521,#2519,#714,.T.);
#3147=EDGE_CURVE('',#2522,#2520,#715,.T.);
#3148=EDGE_CURVE('',#2521,#2522,#716,.T.);
#3149=EDGE_CURVE('',#2523,#2521,#717,.T.);
#3150=EDGE_CURVE('',#2524,#2522,#718,.T.);
#3151=EDGE_CURVE('',#2523,#2524,#719,.T.);
#3152=EDGE_CURVE('',#2525,#2523,#720,.T.);
#3153=EDGE_CURVE('',#2526,#2524,#721,.T.);
#3154=EDGE_CURVE('',#2525,#2526,#722,.T.);
#3155=EDGE_CURVE('',#2527,#2525,#723,.T.);
#3156=EDGE_CURVE('',#2528,#2526,#724,.T.);
#3157=EDGE_CURVE('',#2527,#2528,#725,.T.);
#3158=EDGE_CURVE('',#2529,#2527,#726,.T.);
#3159=EDGE_CURVE('',#2530,#2528,#727,.T.);
#3160=EDGE_CURVE('',#2529,#2530,#728,.T.);
#3161=EDGE_CURVE('',#2531,#2529,#729,.T.);
#3162=EDGE_CURVE('',#2532,#2530,#730,.T.);
#3163=EDGE_CURVE('',#2531,#2532,#731,.T.);
#3164=EDGE_CURVE('',#2533,#2531,#732,.T.);
#3165=EDGE_CURVE('',#2534,#2532,#733,.T.);
#3166=EDGE_CURVE('',#2533,#2534,#734,.T.);
#3167=EDGE_CURVE('',#2535,#2533,#735,.T.);
#3168=EDGE_CURVE('',#2536,#2534,#736,.T.);
#3169=EDGE_CURVE('',#2535,#2536,#737,.T.);
#3170=EDGE_CURVE('',#2537,#2535,#738,.T.);
#3171=EDGE_CURVE('',#2538,#2536,#739,.T.);
#3172=EDGE_CURVE('',#2537,#2538,#740,.T.);
#3173=EDGE_CURVE('',#2488,#2537,#741,.T.);
#3174=EDGE_CURVE('',#2489,#2538,#742,.T.);
#3175=EDGE_CURVE('',#2539,#2540,#743,.T.);
#3176=EDGE_CURVE('',#2540,#2541,#744,.T.);
#3177=EDGE_CURVE('',#2542,#2541,#745,.T.);
#3178=EDGE_CURVE('',#2539,#2542,#746,.T.);
#3179=EDGE_CURVE('',#2543,#2539,#747,.T.);
#3180=EDGE_CURVE('',#2544,#2542,#748,.T.);
#3181=EDGE_CURVE('',#2543,#2544,#749,.T.);
#3182=EDGE_CURVE('',#2545,#2543,#750,.T.);
#3183=EDGE_CURVE('',#2546,#2544,#751,.T.);
#3184=EDGE_CURVE('',#2545,#2546,#752,.T.);
#3185=EDGE_CURVE('',#2540,#2545,#753,.T.);
#3186=EDGE_CURVE('',#2541,#2546,#754,.T.);
#3187=EDGE_CURVE('',#2547,#2548,#755,.T.);
#3188=EDGE_CURVE('',#2547,#2549,#756,.T.);
#3189=EDGE_CURVE('',#2550,#2549,#757,.T.);
#3190=EDGE_CURVE('',#2548,#2550,#758,.T.);
#3191=EDGE_CURVE('',#2551,#2548,#759,.T.);
#3192=EDGE_CURVE('',#2552,#2550,#760,.T.);
#3193=EDGE_CURVE('',#2551,#2552,#761,.T.);
#3194=EDGE_CURVE('',#2551,#2553,#762,.T.);
#3195=EDGE_CURVE('',#2554,#2552,#763,.T.);
#3196=EDGE_CURVE('',#2553,#2554,#764,.T.);
#3197=EDGE_CURVE('',#2555,#2553,#765,.T.);
#3198=EDGE_CURVE('',#2556,#2554,#766,.T.);
#3199=EDGE_CURVE('',#2555,#2556,#767,.T.);
#3200=EDGE_CURVE('',#2555,#2557,#768,.T.);
#3201=EDGE_CURVE('',#2558,#2556,#769,.T.);
#3202=EDGE_CURVE('',#2557,#2558,#770,.T.);
#3203=EDGE_CURVE('',#2559,#2557,#771,.T.);
#3204=EDGE_CURVE('',#2560,#2558,#772,.T.);
#3205=EDGE_CURVE('',#2559,#2560,#773,.T.);
#3206=EDGE_CURVE('',#2559,#2561,#774,.T.);
#3207=EDGE_CURVE('',#2562,#2560,#775,.T.);
#3208=EDGE_CURVE('',#2561,#2562,#776,.T.);
#3209=EDGE_CURVE('',#2563,#2561,#777,.T.);
#3210=EDGE_CURVE('',#2564,#2562,#778,.T.);
#3211=EDGE_CURVE('',#2563,#2564,#779,.T.);
#3212=EDGE_CURVE('',#2563,#2565,#780,.T.);
#3213=EDGE_CURVE('',#2566,#2564,#781,.T.);
#3214=EDGE_CURVE('',#2565,#2566,#782,.T.);
#3215=EDGE_CURVE('',#2567,#2565,#783,.T.);
#3216=EDGE_CURVE('',#2568,#2566,#784,.T.);
#3217=EDGE_CURVE('',#2567,#2568,#785,.T.);
#3218=EDGE_CURVE('',#2567,#2569,#786,.T.);
#3219=EDGE_CURVE('',#2570,#2568,#787,.T.);
#3220=EDGE_CURVE('',#2569,#2570,#788,.T.);
#3221=EDGE_CURVE('',#2571,#2569,#789,.T.);
#3222=EDGE_CURVE('',#2572,#2570,#790,.T.);
#3223=EDGE_CURVE('',#2571,#2572,#791,.T.);
#3224=EDGE_CURVE('',#2571,#2573,#792,.T.);
#3225=EDGE_CURVE('',#2574,#2572,#793,.T.);
#3226=EDGE_CURVE('',#2573,#2574,#794,.T.);
#3227=EDGE_CURVE('',#2575,#2573,#795,.T.);
#3228=EDGE_CURVE('',#2576,#2574,#796,.T.);
#3229=EDGE_CURVE('',#2575,#2576,#797,.T.);
#3230=EDGE_CURVE('',#2575,#2577,#798,.T.);
#3231=EDGE_CURVE('',#2578,#2576,#799,.T.);
#3232=EDGE_CURVE('',#2577,#2578,#800,.T.);
#3233=EDGE_CURVE('',#2579,#2577,#801,.T.);
#3234=EDGE_CURVE('',#2580,#2578,#802,.T.);
#3235=EDGE_CURVE('',#2579,#2580,#803,.T.);
#3236=EDGE_CURVE('',#2579,#2581,#804,.T.);
#3237=EDGE_CURVE('',#2582,#2580,#805,.T.);
#3238=EDGE_CURVE('',#2581,#2582,#806,.T.);
#3239=EDGE_CURVE('',#2583,#2581,#807,.T.);
#3240=EDGE_CURVE('',#2584,#2582,#808,.T.);
#3241=EDGE_CURVE('',#2583,#2584,#809,.T.);
#3242=EDGE_CURVE('',#2583,#2585,#810,.T.);
#3243=EDGE_CURVE('',#2586,#2584,#811,.T.);
#3244=EDGE_CURVE('',#2585,#2586,#812,.T.);
#3245=EDGE_CURVE('',#2587,#2585,#813,.T.);
#3246=EDGE_CURVE('',#2588,#2586,#814,.T.);
#3247=EDGE_CURVE('',#2587,#2588,#815,.T.);
#3248=EDGE_CURVE('',#2587,#2589,#816,.T.);
#3249=EDGE_CURVE('',#2590,#2588,#817,.T.);
#3250=EDGE_CURVE('',#2589,#2590,#818,.T.);
#3251=EDGE_CURVE('',#2591,#2589,#819,.T.);
#3252=EDGE_CURVE('',#2592,#2590,#820,.T.);
#3253=EDGE_CURVE('',#2591,#2592,#821,.T.);
#3254=EDGE_CURVE('',#2593,#2591,#27,.T.);
#3255=EDGE_CURVE('',#2594,#2592,#28,.T.);
#3256=EDGE_CURVE('',#2593,#2594,#822,.T.);
#3257=EDGE_CURVE('',#2595,#2593,#823,.T.);
#3258=EDGE_CURVE('',#2596,#2594,#824,.T.);
#3259=EDGE_CURVE('',#2595,#2596,#825,.T.);
#3260=EDGE_CURVE('',#2597,#2595,#826,.T.);
#3261=EDGE_CURVE('',#2598,#2596,#827,.T.);
#3262=EDGE_CURVE('',#2597,#2598,#828,.T.);
#3263=EDGE_CURVE('',#2599,#2597,#829,.T.);
#3264=EDGE_CURVE('',#2600,#2598,#830,.T.);
#3265=EDGE_CURVE('',#2599,#2600,#831,.T.);
#3266=EDGE_CURVE('',#2601,#2599,#832,.T.);
#3267=EDGE_CURVE('',#2602,#2600,#833,.T.);
#3268=EDGE_CURVE('',#2601,#2602,#834,.T.);
#3269=EDGE_CURVE('',#2603,#2601,#835,.T.);
#3270=EDGE_CURVE('',#2604,#2602,#836,.T.);
#3271=EDGE_CURVE('',#2603,#2604,#837,.T.);
#3272=EDGE_CURVE('',#2605,#2603,#838,.T.);
#3273=EDGE_CURVE('',#2606,#2604,#839,.T.);
#3274=EDGE_CURVE('',#2605,#2606,#840,.T.);
#3275=EDGE_CURVE('',#2607,#2605,#841,.T.);
#3276=EDGE_CURVE('',#2608,#2606,#842,.T.);
#3277=EDGE_CURVE('',#2607,#2608,#843,.T.);
#3278=EDGE_CURVE('',#2609,#2607,#844,.T.);
#3279=EDGE_CURVE('',#2610,#2608,#845,.T.);
#3280=EDGE_CURVE('',#2609,#2610,#846,.T.);
#3281=EDGE_CURVE('',#2611,#2609,#847,.T.);
#3282=EDGE_CURVE('',#2612,#2610,#848,.T.);
#3283=EDGE_CURVE('',#2611,#2612,#849,.T.);
#3284=EDGE_CURVE('',#2613,#2611,#850,.T.);
#3285=EDGE_CURVE('',#2614,#2612,#851,.T.);
#3286=EDGE_CURVE('',#2613,#2614,#852,.T.);
#3287=EDGE_CURVE('',#2615,#2613,#853,.T.);
#3288=EDGE_CURVE('',#2616,#2614,#854,.T.);
#3289=EDGE_CURVE('',#2615,#2616,#855,.T.);
#3290=EDGE_CURVE('',#2617,#2615,#856,.T.);
#3291=EDGE_CURVE('',#2618,#2616,#857,.T.);
#3292=EDGE_CURVE('',#2617,#2618,#858,.T.);
#3293=EDGE_CURVE('',#2619,#2617,#859,.T.);
#3294=EDGE_CURVE('',#2620,#2618,#860,.T.);
#3295=EDGE_CURVE('',#2619,#2620,#861,.T.);
#3296=EDGE_CURVE('',#2621,#2619,#862,.T.);
#3297=EDGE_CURVE('',#2622,#2620,#863,.T.);
#3298=EDGE_CURVE('',#2621,#2622,#864,.T.);
#3299=EDGE_CURVE('',#2623,#2621,#865,.T.);
#3300=EDGE_CURVE('',#2624,#2622,#866,.T.);
#3301=EDGE_CURVE('',#2623,#2624,#867,.T.);
#3302=EDGE_CURVE('',#2625,#2623,#868,.T.);
#3303=EDGE_CURVE('',#2626,#2624,#869,.T.);
#3304=EDGE_CURVE('',#2625,#2626,#870,.T.);
#3305=EDGE_CURVE('',#2627,#2625,#871,.T.);
#3306=EDGE_CURVE('',#2628,#2626,#872,.T.);
#3307=EDGE_CURVE('',#2627,#2628,#873,.T.);
#3308=EDGE_CURVE('',#2629,#2627,#874,.T.);
#3309=EDGE_CURVE('',#2630,#2628,#875,.T.);
#3310=EDGE_CURVE('',#2629,#2630,#876,.T.);
#3311=EDGE_CURVE('',#2631,#2629,#877,.T.);
#3312=EDGE_CURVE('',#2632,#2630,#878,.T.);
#3313=EDGE_CURVE('',#2631,#2632,#879,.T.);
#3314=EDGE_CURVE('',#2633,#2631,#880,.T.);
#3315=EDGE_CURVE('',#2634,#2632,#881,.T.);
#3316=EDGE_CURVE('',#2633,#2634,#882,.T.);
#3317=EDGE_CURVE('',#2635,#2633,#883,.T.);
#3318=EDGE_CURVE('',#2636,#2634,#884,.T.);
#3319=EDGE_CURVE('',#2635,#2636,#885,.T.);
#3320=EDGE_CURVE('',#2637,#2635,#886,.T.);
#3321=EDGE_CURVE('',#2638,#2636,#887,.T.);
#3322=EDGE_CURVE('',#2637,#2638,#888,.T.);
#3323=EDGE_CURVE('',#2639,#2637,#889,.T.);
#3324=EDGE_CURVE('',#2640,#2638,#890,.T.);
#3325=EDGE_CURVE('',#2639,#2640,#891,.T.);
#3326=EDGE_CURVE('',#2641,#2639,#892,.T.);
#3327=EDGE_CURVE('',#2642,#2640,#893,.T.);
#3328=EDGE_CURVE('',#2641,#2642,#894,.T.);
#3329=EDGE_CURVE('',#2643,#2641,#895,.T.);
#3330=EDGE_CURVE('',#2644,#2642,#896,.T.);
#3331=EDGE_CURVE('',#2643,#2644,#897,.T.);
#3332=EDGE_CURVE('',#2645,#2643,#898,.T.);
#3333=EDGE_CURVE('',#2646,#2644,#899,.T.);
#3334=EDGE_CURVE('',#2645,#2646,#900,.T.);
#3335=EDGE_CURVE('',#2647,#2645,#901,.T.);
#3336=EDGE_CURVE('',#2648,#2646,#902,.T.);
#3337=EDGE_CURVE('',#2647,#2648,#903,.T.);
#3338=EDGE_CURVE('',#2649,#2647,#904,.T.);
#3339=EDGE_CURVE('',#2650,#2648,#905,.T.);
#3340=EDGE_CURVE('',#2649,#2650,#906,.T.);
#3341=EDGE_CURVE('',#2651,#2649,#907,.T.);
#3342=EDGE_CURVE('',#2652,#2650,#908,.T.);
#3343=EDGE_CURVE('',#2651,#2652,#909,.T.);
#3344=EDGE_CURVE('',#2653,#2651,#910,.T.);
#3345=EDGE_CURVE('',#2654,#2652,#911,.T.);
#3346=EDGE_CURVE('',#2653,#2654,#912,.T.);
#3347=EDGE_CURVE('',#2655,#2653,#913,.T.);
#3348=EDGE_CURVE('',#2656,#2654,#914,.T.);
#3349=EDGE_CURVE('',#2655,#2656,#915,.T.);
#3350=EDGE_CURVE('',#2657,#2655,#916,.T.);
#3351=EDGE_CURVE('',#2658,#2656,#917,.T.);
#3352=EDGE_CURVE('',#2657,#2658,#918,.T.);
#3353=EDGE_CURVE('',#2659,#2657,#919,.T.);
#3354=EDGE_CURVE('',#2660,#2658,#920,.T.);
#3355=EDGE_CURVE('',#2659,#2660,#921,.T.);
#3356=EDGE_CURVE('',#2661,#2659,#922,.T.);
#3357=EDGE_CURVE('',#2662,#2660,#923,.T.);
#3358=EDGE_CURVE('',#2661,#2662,#924,.T.);
#3359=EDGE_CURVE('',#2663,#2661,#925,.T.);
#3360=EDGE_CURVE('',#2664,#2662,#926,.T.);
#3361=EDGE_CURVE('',#2663,#2664,#927,.T.);
#3362=EDGE_CURVE('',#2665,#2663,#928,.T.);
#3363=EDGE_CURVE('',#2666,#2664,#929,.T.);
#3364=EDGE_CURVE('',#2665,#2666,#930,.T.);
#3365=EDGE_CURVE('',#2667,#2665,#931,.T.);
#3366=EDGE_CURVE('',#2668,#2666,#932,.T.);
#3367=EDGE_CURVE('',#2667,#2668,#933,.T.);
#3368=EDGE_CURVE('',#2669,#2667,#934,.T.);
#3369=EDGE_CURVE('',#2670,#2668,#935,.T.);
#3370=EDGE_CURVE('',#2669,#2670,#936,.T.);
#3371=EDGE_CURVE('',#2671,#2669,#937,.T.);
#3372=EDGE_CURVE('',#2672,#2670,#938,.T.);
#3373=EDGE_CURVE('',#2671,#2672,#939,.T.);
#3374=EDGE_CURVE('',#2673,#2671,#940,.T.);
#3375=EDGE_CURVE('',#2674,#2672,#941,.T.);
#3376=EDGE_CURVE('',#2673,#2674,#942,.T.);
#3377=EDGE_CURVE('',#2675,#2673,#943,.T.);
#3378=EDGE_CURVE('',#2676,#2674,#944,.T.);
#3379=EDGE_CURVE('',#2675,#2676,#945,.T.);
#3380=EDGE_CURVE('',#2677,#2675,#29,.T.);
#3381=EDGE_CURVE('',#2678,#2676,#30,.T.);
#3382=EDGE_CURVE('',#2677,#2678,#946,.T.);
#3383=EDGE_CURVE('',#2677,#2679,#947,.T.);
#3384=EDGE_CURVE('',#2680,#2678,#948,.T.);
#3385=EDGE_CURVE('',#2679,#2680,#949,.T.);
#3386=EDGE_CURVE('',#2547,#2679,#950,.T.);
#3387=EDGE_CURVE('',#2549,#2680,#951,.T.);
#3388=EDGE_CURVE('',#2681,#2682,#952,.T.);
#3389=EDGE_CURVE('',#2682,#2683,#953,.T.);
#3390=EDGE_CURVE('',#2684,#2683,#954,.T.);
#3391=EDGE_CURVE('',#2681,#2684,#955,.T.);
#3392=EDGE_CURVE('',#2685,#2681,#956,.T.);
#3393=EDGE_CURVE('',#2686,#2684,#957,.T.);
#3394=EDGE_CURVE('',#2685,#2686,#958,.T.);
#3395=EDGE_CURVE('',#2687,#2685,#959,.T.);
#3396=EDGE_CURVE('',#2688,#2686,#960,.T.);
#3397=EDGE_CURVE('',#2687,#2688,#961,.T.);
#3398=EDGE_CURVE('',#2689,#2687,#962,.T.);
#3399=EDGE_CURVE('',#2690,#2688,#963,.T.);
#3400=EDGE_CURVE('',#2689,#2690,#964,.T.);
#3401=EDGE_CURVE('',#2691,#2689,#965,.T.);
#3402=EDGE_CURVE('',#2692,#2690,#966,.T.);
#3403=EDGE_CURVE('',#2691,#2692,#967,.T.);
#3404=EDGE_CURVE('',#2693,#2691,#968,.T.);
#3405=EDGE_CURVE('',#2694,#2692,#969,.T.);
#3406=EDGE_CURVE('',#2693,#2694,#970,.T.);
#3407=EDGE_CURVE('',#2695,#2693,#971,.T.);
#3408=EDGE_CURVE('',#2696,#2694,#972,.T.);
#3409=EDGE_CURVE('',#2695,#2696,#973,.T.);
#3410=EDGE_CURVE('',#2697,#2695,#974,.T.);
#3411=EDGE_CURVE('',#2698,#2696,#975,.T.);
#3412=EDGE_CURVE('',#2697,#2698,#976,.T.);
#3413=EDGE_CURVE('',#2699,#2697,#977,.T.);
#3414=EDGE_CURVE('',#2700,#2698,#978,.T.);
#3415=EDGE_CURVE('',#2699,#2700,#979,.T.);
#3416=EDGE_CURVE('',#2701,#2699,#980,.T.);
#3417=EDGE_CURVE('',#2702,#2700,#981,.T.);
#3418=EDGE_CURVE('',#2701,#2702,#982,.T.);
#3419=EDGE_CURVE('',#2703,#2701,#983,.T.);
#3420=EDGE_CURVE('',#2704,#2702,#984,.T.);
#3421=EDGE_CURVE('',#2703,#2704,#985,.T.);
#3422=EDGE_CURVE('',#2705,#2703,#986,.T.);
#3423=EDGE_CURVE('',#2706,#2704,#987,.T.);
#3424=EDGE_CURVE('',#2705,#2706,#988,.T.);
#3425=EDGE_CURVE('',#2707,#2705,#989,.T.);
#3426=EDGE_CURVE('',#2708,#2706,#990,.T.);
#3427=EDGE_CURVE('',#2707,#2708,#991,.T.);
#3428=EDGE_CURVE('',#2709,#2707,#992,.T.);
#3429=EDGE_CURVE('',#2710,#2708,#993,.T.);
#3430=EDGE_CURVE('',#2709,#2710,#994,.T.);
#3431=EDGE_CURVE('',#2711,#2709,#995,.T.);
#3432=EDGE_CURVE('',#2712,#2710,#996,.T.);
#3433=EDGE_CURVE('',#2711,#2712,#997,.T.);
#3434=EDGE_CURVE('',#2713,#2711,#998,.T.);
#3435=EDGE_CURVE('',#2714,#2712,#999,.T.);
#3436=EDGE_CURVE('',#2713,#2714,#1000,.T.);
#3437=EDGE_CURVE('',#2715,#2713,#1001,.T.);
#3438=EDGE_CURVE('',#2716,#2714,#1002,.T.);
#3439=EDGE_CURVE('',#2715,#2716,#1003,.T.);
#3440=EDGE_CURVE('',#2682,#2715,#1004,.T.);
#3441=EDGE_CURVE('',#2683,#2716,#1005,.T.);
#3442=EDGE_CURVE('',#2717,#2718,#1006,.T.);
#3443=EDGE_CURVE('',#2718,#2719,#1007,.T.);
#3444=EDGE_CURVE('',#2720,#2719,#1008,.T.);
#3445=EDGE_CURVE('',#2717,#2720,#1009,.T.);
#3446=EDGE_CURVE('',#2721,#2717,#1010,.T.);
#3447=EDGE_CURVE('',#2722,#2720,#1011,.T.);
#3448=EDGE_CURVE('',#2721,#2722,#1012,.T.);
#3449=EDGE_CURVE('',#2723,#2721,#1013,.T.);
#3450=EDGE_CURVE('',#2724,#2722,#1014,.T.);
#3451=EDGE_CURVE('',#2723,#2724,#1015,.T.);
#3452=EDGE_CURVE('',#2725,#2723,#1016,.T.);
#3453=EDGE_CURVE('',#2726,#2724,#1017,.T.);
#3454=EDGE_CURVE('',#2725,#2726,#1018,.T.);
#3455=EDGE_CURVE('',#2727,#2725,#1019,.T.);
#3456=EDGE_CURVE('',#2728,#2726,#1020,.T.);
#3457=EDGE_CURVE('',#2727,#2728,#1021,.T.);
#3458=EDGE_CURVE('',#2729,#2727,#1022,.T.);
#3459=EDGE_CURVE('',#2730,#2728,#1023,.T.);
#3460=EDGE_CURVE('',#2729,#2730,#1024,.T.);
#3461=EDGE_CURVE('',#2731,#2729,#1025,.T.);
#3462=EDGE_CURVE('',#2732,#2730,#1026,.T.);
#3463=EDGE_CURVE('',#2731,#2732,#1027,.T.);
#3464=EDGE_CURVE('',#2733,#2731,#1028,.T.);
#3465=EDGE_CURVE('',#2734,#2732,#1029,.T.);
#3466=EDGE_CURVE('',#2733,#2734,#1030,.T.);
#3467=EDGE_CURVE('',#2735,#2733,#1031,.T.);
#3468=EDGE_CURVE('',#2736,#2734,#1032,.T.);
#3469=EDGE_CURVE('',#2735,#2736,#1033,.T.);
#3470=EDGE_CURVE('',#2737,#2735,#1034,.T.);
#3471=EDGE_CURVE('',#2738,#2736,#1035,.T.);
#3472=EDGE_CURVE('',#2737,#2738,#1036,.T.);
#3473=EDGE_CURVE('',#2739,#2737,#1037,.T.);
#3474=EDGE_CURVE('',#2740,#2738,#1038,.T.);
#3475=EDGE_CURVE('',#2739,#2740,#1039,.T.);
#3476=EDGE_CURVE('',#2741,#2739,#1040,.T.);
#3477=EDGE_CURVE('',#2742,#2740,#1041,.T.);
#3478=EDGE_CURVE('',#2741,#2742,#1042,.T.);
#3479=EDGE_CURVE('',#2743,#2741,#1043,.T.);
#3480=EDGE_CURVE('',#2744,#2742,#1044,.T.);
#3481=EDGE_CURVE('',#2743,#2744,#1045,.T.);
#3482=EDGE_CURVE('',#2745,#2743,#1046,.T.);
#3483=EDGE_CURVE('',#2746,#2744,#1047,.T.);
#3484=EDGE_CURVE('',#2745,#2746,#1048,.T.);
#3485=EDGE_CURVE('',#2747,#2745,#1049,.T.);
#3486=EDGE_CURVE('',#2748,#2746,#1050,.T.);
#3487=EDGE_CURVE('',#2747,#2748,#1051,.T.);
#3488=EDGE_CURVE('',#2749,#2747,#1052,.T.);
#3489=EDGE_CURVE('',#2750,#2748,#1053,.T.);
#3490=EDGE_CURVE('',#2749,#2750,#1054,.T.);
#3491=EDGE_CURVE('',#2751,#2749,#1055,.T.);
#3492=EDGE_CURVE('',#2752,#2750,#1056,.T.);
#3493=EDGE_CURVE('',#2751,#2752,#1057,.T.);
#3494=EDGE_CURVE('',#2718,#2751,#1058,.T.);
#3495=EDGE_CURVE('',#2719,#2752,#1059,.T.);
#3496=EDGE_CURVE('',#2753,#2754,#1060,.T.);
#3497=EDGE_CURVE('',#2753,#2755,#1061,.T.);
#3498=EDGE_CURVE('',#2756,#2755,#1062,.T.);
#3499=EDGE_CURVE('',#2754,#2756,#1063,.T.);
#3500=EDGE_CURVE('',#2754,#2757,#1064,.T.);
#3501=EDGE_CURVE('',#2758,#2756,#1065,.T.);
#3502=EDGE_CURVE('',#2757,#2758,#1066,.T.);
#3503=EDGE_CURVE('',#2757,#2759,#1067,.T.);
#3504=EDGE_CURVE('',#2760,#2758,#1068,.T.);
#3505=EDGE_CURVE('',#2759,#2760,#1069,.T.);
#3506=EDGE_CURVE('',#2759,#2761,#1070,.T.);
#3507=EDGE_CURVE('',#2762,#2760,#1071,.T.);
#3508=EDGE_CURVE('',#2761,#2762,#1072,.T.);
#3509=EDGE_CURVE('',#2761,#2763,#1073,.T.);
#3510=EDGE_CURVE('',#2764,#2762,#1074,.T.);
#3511=EDGE_CURVE('',#2763,#2764,#1075,.T.);
#3512=EDGE_CURVE('',#2763,#2765,#1076,.T.);
#3513=EDGE_CURVE('',#2766,#2764,#1077,.T.);
#3514=EDGE_CURVE('',#2765,#2766,#1078,.T.);
#3515=EDGE_CURVE('',#2765,#2767,#1079,.T.);
#3516=EDGE_CURVE('',#2768,#2766,#1080,.T.);
#3517=EDGE_CURVE('',#2767,#2768,#1081,.T.);
#3518=EDGE_CURVE('',#2767,#2769,#1082,.T.);
#3519=EDGE_CURVE('',#2770,#2768,#1083,.T.);
#3520=EDGE_CURVE('',#2769,#2770,#1084,.T.);
#3521=EDGE_CURVE('',#2769,#2771,#1085,.T.);
#3522=EDGE_CURVE('',#2772,#2770,#1086,.T.);
#3523=EDGE_CURVE('',#2771,#2772,#1087,.T.);
#3524=EDGE_CURVE('',#2771,#2773,#1088,.T.);
#3525=EDGE_CURVE('',#2774,#2772,#1089,.T.);
#3526=EDGE_CURVE('',#2773,#2774,#1090,.T.);
#3527=EDGE_CURVE('',#2773,#2775,#1091,.T.);
#3528=EDGE_CURVE('',#2776,#2774,#1092,.T.);
#3529=EDGE_CURVE('',#2775,#2776,#1093,.T.);
#3530=EDGE_CURVE('',#2775,#2777,#1094,.T.);
#3531=EDGE_CURVE('',#2778,#2776,#1095,.T.);
#3532=EDGE_CURVE('',#2777,#2778,#1096,.T.);
#3533=EDGE_CURVE('',#2777,#2779,#1097,.T.);
#3534=EDGE_CURVE('',#2780,#2778,#1098,.T.);
#3535=EDGE_CURVE('',#2779,#2780,#1099,.T.);
#3536=EDGE_CURVE('',#2779,#2781,#1100,.T.);
#3537=EDGE_CURVE('',#2782,#2780,#1101,.T.);
#3538=EDGE_CURVE('',#2781,#2782,#1102,.T.);
#3539=EDGE_CURVE('',#2781,#2783,#1103,.T.);
#3540=EDGE_CURVE('',#2784,#2782,#1104,.T.);
#3541=EDGE_CURVE('',#2783,#2784,#1105,.T.);
#3542=EDGE_CURVE('',#2783,#2785,#1106,.T.);
#3543=EDGE_CURVE('',#2786,#2784,#1107,.T.);
#3544=EDGE_CURVE('',#2785,#2786,#1108,.T.);
#3545=EDGE_CURVE('',#2785,#2787,#1109,.T.);
#3546=EDGE_CURVE('',#2788,#2786,#1110,.T.);
#3547=EDGE_CURVE('',#2787,#2788,#1111,.T.);
#3548=EDGE_CURVE('',#2787,#2789,#1112,.T.);
#3549=EDGE_CURVE('',#2790,#2788,#1113,.T.);
#3550=EDGE_CURVE('',#2789,#2790,#1114,.T.);
#3551=EDGE_CURVE('',#2789,#2791,#1115,.T.);
#3552=EDGE_CURVE('',#2792,#2790,#1116,.T.);
#3553=EDGE_CURVE('',#2791,#2792,#1117,.T.);
#3554=EDGE_CURVE('',#2791,#2793,#1118,.T.);
#3555=EDGE_CURVE('',#2794,#2792,#1119,.T.);
#3556=EDGE_CURVE('',#2793,#2794,#1120,.T.);
#3557=EDGE_CURVE('',#2793,#2795,#1121,.T.);
#3558=EDGE_CURVE('',#2796,#2794,#1122,.T.);
#3559=EDGE_CURVE('',#2795,#2796,#1123,.T.);
#3560=EDGE_CURVE('',#2795,#2797,#1124,.T.);
#3561=EDGE_CURVE('',#2798,#2796,#1125,.T.);
#3562=EDGE_CURVE('',#2797,#2798,#1126,.T.);
#3563=EDGE_CURVE('',#2797,#2799,#1127,.T.);
#3564=EDGE_CURVE('',#2800,#2798,#1128,.T.);
#3565=EDGE_CURVE('',#2799,#2800,#1129,.T.);
#3566=EDGE_CURVE('',#2799,#2801,#1130,.T.);
#3567=EDGE_CURVE('',#2802,#2800,#1131,.T.);
#3568=EDGE_CURVE('',#2801,#2802,#1132,.T.);
#3569=EDGE_CURVE('',#2801,#2803,#1133,.T.);
#3570=EDGE_CURVE('',#2804,#2802,#1134,.T.);
#3571=EDGE_CURVE('',#2803,#2804,#1135,.T.);
#3572=EDGE_CURVE('',#2803,#2805,#1136,.T.);
#3573=EDGE_CURVE('',#2806,#2804,#1137,.T.);
#3574=EDGE_CURVE('',#2805,#2806,#1138,.T.);
#3575=EDGE_CURVE('',#2805,#2807,#1139,.T.);
#3576=EDGE_CURVE('',#2808,#2806,#1140,.T.);
#3577=EDGE_CURVE('',#2807,#2808,#1141,.T.);
#3578=EDGE_CURVE('',#2807,#2809,#1142,.T.);
#3579=EDGE_CURVE('',#2810,#2808,#1143,.T.);
#3580=EDGE_CURVE('',#2809,#2810,#1144,.T.);
#3581=EDGE_CURVE('',#2809,#2811,#1145,.T.);
#3582=EDGE_CURVE('',#2812,#2810,#1146,.T.);
#3583=EDGE_CURVE('',#2811,#2812,#1147,.T.);
#3584=EDGE_CURVE('',#2811,#2813,#1148,.T.);
#3585=EDGE_CURVE('',#2814,#2812,#1149,.T.);
#3586=EDGE_CURVE('',#2813,#2814,#1150,.T.);
#3587=EDGE_CURVE('',#2813,#2815,#1151,.T.);
#3588=EDGE_CURVE('',#2816,#2814,#1152,.T.);
#3589=EDGE_CURVE('',#2815,#2816,#1153,.T.);
#3590=EDGE_CURVE('',#2815,#2817,#1154,.T.);
#3591=EDGE_CURVE('',#2818,#2816,#1155,.T.);
#3592=EDGE_CURVE('',#2817,#2818,#1156,.T.);
#3593=EDGE_CURVE('',#2817,#2819,#1157,.T.);
#3594=EDGE_CURVE('',#2820,#2818,#1158,.T.);
#3595=EDGE_CURVE('',#2819,#2820,#1159,.T.);
#3596=EDGE_CURVE('',#2819,#2821,#1160,.T.);
#3597=EDGE_CURVE('',#2822,#2820,#1161,.T.);
#3598=EDGE_CURVE('',#2821,#2822,#1162,.T.);
#3599=EDGE_CURVE('',#2821,#2823,#1163,.T.);
#3600=EDGE_CURVE('',#2824,#2822,#1164,.T.);
#3601=EDGE_CURVE('',#2823,#2824,#1165,.T.);
#3602=EDGE_CURVE('',#2823,#2825,#1166,.T.);
#3603=EDGE_CURVE('',#2826,#2824,#1167,.T.);
#3604=EDGE_CURVE('',#2825,#2826,#1168,.T.);
#3605=EDGE_CURVE('',#2825,#2827,#1169,.T.);
#3606=EDGE_CURVE('',#2828,#2826,#1170,.T.);
#3607=EDGE_CURVE('',#2827,#2828,#1171,.T.);
#3608=EDGE_CURVE('',#2827,#2829,#1172,.T.);
#3609=EDGE_CURVE('',#2830,#2828,#1173,.T.);
#3610=EDGE_CURVE('',#2829,#2830,#1174,.T.);
#3611=EDGE_CURVE('',#2829,#2831,#1175,.T.);
#3612=EDGE_CURVE('',#2832,#2830,#1176,.T.);
#3613=EDGE_CURVE('',#2831,#2832,#1177,.T.);
#3614=EDGE_CURVE('',#2831,#2833,#1178,.T.);
#3615=EDGE_CURVE('',#2834,#2832,#1179,.T.);
#3616=EDGE_CURVE('',#2833,#2834,#1180,.T.);
#3617=EDGE_CURVE('',#2833,#2835,#1181,.T.);
#3618=EDGE_CURVE('',#2836,#2834,#1182,.T.);
#3619=EDGE_CURVE('',#2835,#2836,#1183,.T.);
#3620=EDGE_CURVE('',#2835,#2837,#1184,.T.);
#3621=EDGE_CURVE('',#2838,#2836,#1185,.T.);
#3622=EDGE_CURVE('',#2837,#2838,#1186,.T.);
#3623=EDGE_CURVE('',#2837,#2839,#1187,.T.);
#3624=EDGE_CURVE('',#2840,#2838,#1188,.T.);
#3625=EDGE_CURVE('',#2839,#2840,#1189,.T.);
#3626=EDGE_CURVE('',#2839,#2841,#1190,.T.);
#3627=EDGE_CURVE('',#2842,#2840,#1191,.T.);
#3628=EDGE_CURVE('',#2841,#2842,#1192,.T.);
#3629=EDGE_CURVE('',#2841,#2843,#1193,.T.);
#3630=EDGE_CURVE('',#2844,#2842,#1194,.T.);
#3631=EDGE_CURVE('',#2843,#2844,#1195,.T.);
#3632=EDGE_CURVE('',#2843,#2845,#1196,.T.);
#3633=EDGE_CURVE('',#2846,#2844,#1197,.T.);
#3634=EDGE_CURVE('',#2845,#2846,#1198,.T.);
#3635=EDGE_CURVE('',#2845,#2847,#1199,.T.);
#3636=EDGE_CURVE('',#2848,#2846,#1200,.T.);
#3637=EDGE_CURVE('',#2847,#2848,#1201,.T.);
#3638=EDGE_CURVE('',#2847,#2849,#1202,.T.);
#3639=EDGE_CURVE('',#2850,#2848,#1203,.T.);
#3640=EDGE_CURVE('',#2849,#2850,#1204,.T.);
#3641=EDGE_CURVE('',#2849,#2851,#1205,.T.);
#3642=EDGE_CURVE('',#2852,#2850,#1206,.T.);
#3643=EDGE_CURVE('',#2851,#2852,#1207,.T.);
#3644=EDGE_CURVE('',#2851,#2853,#1208,.T.);
#3645=EDGE_CURVE('',#2854,#2852,#1209,.T.);
#3646=EDGE_CURVE('',#2853,#2854,#1210,.T.);
#3647=EDGE_CURVE('',#2853,#2855,#1211,.T.);
#3648=EDGE_CURVE('',#2856,#2854,#1212,.T.);
#3649=EDGE_CURVE('',#2855,#2856,#1213,.T.);
#3650=EDGE_CURVE('',#2855,#2857,#1214,.T.);
#3651=EDGE_CURVE('',#2858,#2856,#1215,.T.);
#3652=EDGE_CURVE('',#2857,#2858,#1216,.T.);
#3653=EDGE_CURVE('',#2857,#2859,#1217,.T.);
#3654=EDGE_CURVE('',#2860,#2858,#1218,.T.);
#3655=EDGE_CURVE('',#2859,#2860,#1219,.T.);
#3656=EDGE_CURVE('',#2859,#2861,#1220,.T.);
#3657=EDGE_CURVE('',#2862,#2860,#1221,.T.);
#3658=EDGE_CURVE('',#2861,#2862,#1222,.T.);
#3659=EDGE_CURVE('',#2861,#2863,#1223,.T.);
#3660=EDGE_CURVE('',#2864,#2862,#1224,.T.);
#3661=EDGE_CURVE('',#2863,#2864,#1225,.T.);
#3662=EDGE_CURVE('',#2863,#2865,#1226,.T.);
#3663=EDGE_CURVE('',#2866,#2864,#1227,.T.);
#3664=EDGE_CURVE('',#2865,#2866,#1228,.T.);
#3665=EDGE_CURVE('',#2865,#2867,#1229,.T.);
#3666=EDGE_CURVE('',#2868,#2866,#1230,.T.);
#3667=EDGE_CURVE('',#2867,#2868,#1231,.T.);
#3668=EDGE_CURVE('',#2867,#2869,#1232,.T.);
#3669=EDGE_CURVE('',#2870,#2868,#1233,.T.);
#3670=EDGE_CURVE('',#2869,#2870,#1234,.T.);
#3671=EDGE_CURVE('',#2869,#2871,#1235,.T.);
#3672=EDGE_CURVE('',#2872,#2870,#1236,.T.);
#3673=EDGE_CURVE('',#2871,#2872,#1237,.T.);
#3674=EDGE_CURVE('',#2871,#2873,#1238,.T.);
#3675=EDGE_CURVE('',#2874,#2872,#1239,.T.);
#3676=EDGE_CURVE('',#2873,#2874,#1240,.T.);
#3677=EDGE_CURVE('',#2873,#2875,#1241,.T.);
#3678=EDGE_CURVE('',#2876,#2874,#1242,.T.);
#3679=EDGE_CURVE('',#2875,#2876,#1243,.T.);
#3680=EDGE_CURVE('',#2875,#2877,#1244,.T.);
#3681=EDGE_CURVE('',#2878,#2876,#1245,.T.);
#3682=EDGE_CURVE('',#2877,#2878,#1246,.T.);
#3683=EDGE_CURVE('',#2877,#2879,#1247,.T.);
#3684=EDGE_CURVE('',#2880,#2878,#1248,.T.);
#3685=EDGE_CURVE('',#2879,#2880,#1249,.T.);
#3686=EDGE_CURVE('',#2879,#2881,#1250,.T.);
#3687=EDGE_CURVE('',#2882,#2880,#1251,.T.);
#3688=EDGE_CURVE('',#2881,#2882,#1252,.T.);
#3689=EDGE_CURVE('',#2881,#2883,#1253,.T.);
#3690=EDGE_CURVE('',#2884,#2882,#1254,.T.);
#3691=EDGE_CURVE('',#2883,#2884,#1255,.T.);
#3692=EDGE_CURVE('',#2883,#2885,#1256,.T.);
#3693=EDGE_CURVE('',#2886,#2884,#1257,.T.);
#3694=EDGE_CURVE('',#2885,#2886,#1258,.T.);
#3695=EDGE_CURVE('',#2885,#2887,#1259,.T.);
#3696=EDGE_CURVE('',#2888,#2886,#1260,.T.);
#3697=EDGE_CURVE('',#2887,#2888,#1261,.T.);
#3698=EDGE_CURVE('',#2887,#2889,#1262,.T.);
#3699=EDGE_CURVE('',#2890,#2888,#1263,.T.);
#3700=EDGE_CURVE('',#2889,#2890,#1264,.T.);
#3701=EDGE_CURVE('',#2889,#2891,#1265,.T.);
#3702=EDGE_CURVE('',#2892,#2890,#1266,.T.);
#3703=EDGE_CURVE('',#2891,#2892,#1267,.T.);
#3704=EDGE_CURVE('',#2891,#2893,#1268,.T.);
#3705=EDGE_CURVE('',#2894,#2892,#1269,.T.);
#3706=EDGE_CURVE('',#2893,#2894,#1270,.T.);
#3707=EDGE_CURVE('',#2893,#2895,#1271,.T.);
#3708=EDGE_CURVE('',#2896,#2894,#1272,.T.);
#3709=EDGE_CURVE('',#2895,#2896,#1273,.T.);
#3710=EDGE_CURVE('',#2895,#2897,#1274,.T.);
#3711=EDGE_CURVE('',#2898,#2896,#1275,.T.);
#3712=EDGE_CURVE('',#2897,#2898,#1276,.T.);
#3713=EDGE_CURVE('',#2897,#2899,#1277,.T.);
#3714=EDGE_CURVE('',#2900,#2898,#1278,.T.);
#3715=EDGE_CURVE('',#2899,#2900,#1279,.T.);
#3716=EDGE_CURVE('',#2899,#2901,#1280,.T.);
#3717=EDGE_CURVE('',#2902,#2900,#1281,.T.);
#3718=EDGE_CURVE('',#2901,#2902,#1282,.T.);
#3719=EDGE_CURVE('',#2901,#2903,#1283,.T.);
#3720=EDGE_CURVE('',#2904,#2902,#1284,.T.);
#3721=EDGE_CURVE('',#2903,#2904,#1285,.T.);
#3722=EDGE_CURVE('',#2903,#2905,#1286,.T.);
#3723=EDGE_CURVE('',#2906,#2904,#1287,.T.);
#3724=EDGE_CURVE('',#2905,#2906,#1288,.T.);
#3725=EDGE_CURVE('',#2905,#2907,#1289,.T.);
#3726=EDGE_CURVE('',#2908,#2906,#1290,.T.);
#3727=EDGE_CURVE('',#2907,#2908,#1291,.T.);
#3728=EDGE_CURVE('',#2907,#2909,#1292,.T.);
#3729=EDGE_CURVE('',#2910,#2908,#1293,.T.);
#3730=EDGE_CURVE('',#2909,#2910,#1294,.T.);
#3731=EDGE_CURVE('',#2909,#2911,#1295,.T.);
#3732=EDGE_CURVE('',#2912,#2910,#1296,.T.);
#3733=EDGE_CURVE('',#2911,#2912,#1297,.T.);
#3734=EDGE_CURVE('',#2911,#2913,#1298,.T.);
#3735=EDGE_CURVE('',#2914,#2912,#1299,.T.);
#3736=EDGE_CURVE('',#2913,#2914,#1300,.T.);
#3737=EDGE_CURVE('',#2913,#2915,#1301,.T.);
#3738=EDGE_CURVE('',#2916,#2914,#1302,.T.);
#3739=EDGE_CURVE('',#2915,#2916,#1303,.T.);
#3740=EDGE_CURVE('',#2915,#2917,#1304,.T.);
#3741=EDGE_CURVE('',#2918,#2916,#1305,.T.);
#3742=EDGE_CURVE('',#2917,#2918,#1306,.T.);
#3743=EDGE_CURVE('',#2917,#2919,#1307,.T.);
#3744=EDGE_CURVE('',#2920,#2918,#1308,.T.);
#3745=EDGE_CURVE('',#2919,#2920,#1309,.T.);
#3746=EDGE_CURVE('',#2919,#2921,#1310,.T.);
#3747=EDGE_CURVE('',#2922,#2920,#1311,.T.);
#3748=EDGE_CURVE('',#2921,#2922,#1312,.T.);
#3749=EDGE_CURVE('',#2921,#2923,#1313,.T.);
#3750=EDGE_CURVE('',#2924,#2922,#1314,.T.);
#3751=EDGE_CURVE('',#2923,#2924,#1315,.T.);
#3752=EDGE_CURVE('',#2923,#2925,#1316,.T.);
#3753=EDGE_CURVE('',#2926,#2924,#1317,.T.);
#3754=EDGE_CURVE('',#2925,#2926,#1318,.T.);
#3755=EDGE_CURVE('',#2925,#2927,#1319,.T.);
#3756=EDGE_CURVE('',#2928,#2926,#1320,.T.);
#3757=EDGE_CURVE('',#2927,#2928,#1321,.T.);
#3758=EDGE_CURVE('',#2927,#2929,#1322,.T.);
#3759=EDGE_CURVE('',#2930,#2928,#1323,.T.);
#3760=EDGE_CURVE('',#2929,#2930,#1324,.T.);
#3761=EDGE_CURVE('',#2929,#2931,#1325,.T.);
#3762=EDGE_CURVE('',#2932,#2930,#1326,.T.);
#3763=EDGE_CURVE('',#2931,#2932,#1327,.T.);
#3764=EDGE_CURVE('',#2931,#2933,#1328,.T.);
#3765=EDGE_CURVE('',#2934,#2932,#1329,.T.);
#3766=EDGE_CURVE('',#2933,#2934,#1330,.T.);
#3767=EDGE_CURVE('',#2933,#2935,#1331,.T.);
#3768=EDGE_CURVE('',#2936,#2934,#1332,.T.);
#3769=EDGE_CURVE('',#2935,#2936,#1333,.T.);
#3770=EDGE_CURVE('',#2935,#2937,#1334,.T.);
#3771=EDGE_CURVE('',#2938,#2936,#1335,.T.);
#3772=EDGE_CURVE('',#2937,#2938,#1336,.T.);
#3773=EDGE_CURVE('',#2937,#2939,#1337,.T.);
#3774=EDGE_CURVE('',#2940,#2938,#1338,.T.);
#3775=EDGE_CURVE('',#2939,#2940,#1339,.T.);
#3776=EDGE_CURVE('',#2939,#2941,#1340,.T.);
#3777=EDGE_CURVE('',#2942,#2940,#1341,.T.);
#3778=EDGE_CURVE('',#2941,#2942,#1342,.T.);
#3779=EDGE_CURVE('',#2941,#2943,#1343,.T.);
#3780=EDGE_CURVE('',#2944,#2942,#1344,.T.);
#3781=EDGE_CURVE('',#2943,#2944,#1345,.T.);
#3782=EDGE_CURVE('',#2943,#2945,#1346,.T.);
#3783=EDGE_CURVE('',#2946,#2944,#1347,.T.);
#3784=EDGE_CURVE('',#2945,#2946,#1348,.T.);
#3785=EDGE_CURVE('',#2945,#2947,#1349,.T.);
#3786=EDGE_CURVE('',#2948,#2946,#1350,.T.);
#3787=EDGE_CURVE('',#2947,#2948,#1351,.T.);
#3788=EDGE_CURVE('',#2947,#2949,#1352,.T.);
#3789=EDGE_CURVE('',#2950,#2948,#1353,.T.);
#3790=EDGE_CURVE('',#2949,#2950,#1354,.T.);
#3791=EDGE_CURVE('',#2949,#2951,#1355,.T.);
#3792=EDGE_CURVE('',#2952,#2950,#1356,.T.);
#3793=EDGE_CURVE('',#2951,#2952,#1357,.T.);
#3794=EDGE_CURVE('',#2951,#2953,#1358,.T.);
#3795=EDGE_CURVE('',#2954,#2952,#1359,.T.);
#3796=EDGE_CURVE('',#2953,#2954,#1360,.T.);
#3797=EDGE_CURVE('',#2953,#2955,#1361,.T.);
#3798=EDGE_CURVE('',#2956,#2954,#1362,.T.);
#3799=EDGE_CURVE('',#2955,#2956,#1363,.T.);
#3800=EDGE_CURVE('',#2955,#2957,#1364,.T.);
#3801=EDGE_CURVE('',#2958,#2956,#1365,.T.);
#3802=EDGE_CURVE('',#2957,#2958,#1366,.T.);
#3803=EDGE_CURVE('',#2957,#2959,#1367,.T.);
#3804=EDGE_CURVE('',#2960,#2958,#1368,.T.);
#3805=EDGE_CURVE('',#2959,#2960,#1369,.T.);
#3806=EDGE_CURVE('',#2959,#2961,#1370,.T.);
#3807=EDGE_CURVE('',#2962,#2960,#1371,.T.);
#3808=EDGE_CURVE('',#2961,#2962,#1372,.T.);
#3809=EDGE_CURVE('',#2961,#2963,#1373,.T.);
#3810=EDGE_CURVE('',#2964,#2962,#1374,.T.);
#3811=EDGE_CURVE('',#2963,#2964,#1375,.T.);
#3812=EDGE_CURVE('',#2963,#2965,#1376,.T.);
#3813=EDGE_CURVE('',#2966,#2964,#1377,.T.);
#3814=EDGE_CURVE('',#2965,#2966,#1378,.T.);
#3815=EDGE_CURVE('',#2965,#2967,#1379,.T.);
#3816=EDGE_CURVE('',#2968,#2966,#1380,.T.);
#3817=EDGE_CURVE('',#2967,#2968,#1381,.T.);
#3818=EDGE_CURVE('',#2967,#2969,#1382,.T.);
#3819=EDGE_CURVE('',#2970,#2968,#1383,.T.);
#3820=EDGE_CURVE('',#2969,#2970,#1384,.T.);
#3821=EDGE_CURVE('',#2969,#2971,#1385,.T.);
#3822=EDGE_CURVE('',#2972,#2970,#1386,.T.);
#3823=EDGE_CURVE('',#2971,#2972,#1387,.T.);
#3824=EDGE_CURVE('',#2971,#2973,#1388,.T.);
#3825=EDGE_CURVE('',#2974,#2972,#1389,.T.);
#3826=EDGE_CURVE('',#2973,#2974,#1390,.T.);
#3827=EDGE_CURVE('',#2973,#2975,#1391,.T.);
#3828=EDGE_CURVE('',#2976,#2974,#1392,.T.);
#3829=EDGE_CURVE('',#2975,#2976,#1393,.T.);
#3830=EDGE_CURVE('',#2975,#2977,#1394,.T.);
#3831=EDGE_CURVE('',#2978,#2976,#1395,.T.);
#3832=EDGE_CURVE('',#2977,#2978,#1396,.T.);
#3833=EDGE_CURVE('',#2977,#2979,#1397,.T.);
#3834=EDGE_CURVE('',#2980,#2978,#1398,.T.);
#3835=EDGE_CURVE('',#2979,#2980,#1399,.T.);
#3836=EDGE_CURVE('',#2979,#2981,#1400,.T.);
#3837=EDGE_CURVE('',#2982,#2980,#1401,.T.);
#3838=EDGE_CURVE('',#2981,#2982,#1402,.T.);
#3839=EDGE_CURVE('',#2981,#2983,#1403,.T.);
#3840=EDGE_CURVE('',#2984,#2982,#1404,.T.);
#3841=EDGE_CURVE('',#2983,#2984,#1405,.T.);
#3842=EDGE_CURVE('',#2983,#2985,#1406,.T.);
#3843=EDGE_CURVE('',#2986,#2984,#1407,.T.);
#3844=EDGE_CURVE('',#2985,#2986,#1408,.T.);
#3845=EDGE_CURVE('',#2985,#2987,#1409,.T.);
#3846=EDGE_CURVE('',#2988,#2986,#1410,.T.);
#3847=EDGE_CURVE('',#2987,#2988,#1411,.T.);
#3848=EDGE_CURVE('',#2987,#2989,#1412,.T.);
#3849=EDGE_CURVE('',#2990,#2988,#1413,.T.);
#3850=EDGE_CURVE('',#2989,#2990,#1414,.T.);
#3851=EDGE_CURVE('',#2989,#2991,#1415,.T.);
#3852=EDGE_CURVE('',#2992,#2990,#1416,.T.);
#3853=EDGE_CURVE('',#2991,#2992,#1417,.T.);
#3854=EDGE_CURVE('',#2991,#2993,#1418,.T.);
#3855=EDGE_CURVE('',#2994,#2992,#1419,.T.);
#3856=EDGE_CURVE('',#2993,#2994,#1420,.T.);
#3857=EDGE_CURVE('',#2993,#2995,#1421,.T.);
#3858=EDGE_CURVE('',#2996,#2994,#1422,.T.);
#3859=EDGE_CURVE('',#2995,#2996,#1423,.T.);
#3860=EDGE_CURVE('',#2995,#2997,#1424,.T.);
#3861=EDGE_CURVE('',#2998,#2996,#1425,.T.);
#3862=EDGE_CURVE('',#2997,#2998,#1426,.T.);
#3863=EDGE_CURVE('',#2997,#2999,#1427,.T.);
#3864=EDGE_CURVE('',#3000,#2998,#1428,.T.);
#3865=EDGE_CURVE('',#2999,#3000,#1429,.T.);
#3866=EDGE_CURVE('',#2999,#3001,#1430,.T.);
#3867=EDGE_CURVE('',#3002,#3000,#1431,.T.);
#3868=EDGE_CURVE('',#3001,#3002,#1432,.T.);
#3869=EDGE_CURVE('',#3001,#3003,#1433,.T.);
#3870=EDGE_CURVE('',#3004,#3002,#1434,.T.);
#3871=EDGE_CURVE('',#3003,#3004,#1435,.T.);
#3872=EDGE_CURVE('',#3003,#3005,#1436,.T.);
#3873=EDGE_CURVE('',#3006,#3004,#1437,.T.);
#3874=EDGE_CURVE('',#3005,#3006,#1438,.T.);
#3875=EDGE_CURVE('',#3005,#3007,#1439,.T.);
#3876=EDGE_CURVE('',#3008,#3006,#1440,.T.);
#3877=EDGE_CURVE('',#3007,#3008,#1441,.T.);
#3878=EDGE_CURVE('',#3007,#3009,#1442,.T.);
#3879=EDGE_CURVE('',#3010,#3008,#1443,.T.);
#3880=EDGE_CURVE('',#3009,#3010,#1444,.T.);
#3881=EDGE_CURVE('',#3009,#3011,#1445,.T.);
#3882=EDGE_CURVE('',#3012,#3010,#1446,.T.);
#3883=EDGE_CURVE('',#3011,#3012,#1447,.T.);
#3884=EDGE_CURVE('',#3011,#3013,#1448,.T.);
#3885=EDGE_CURVE('',#3014,#3012,#1449,.T.);
#3886=EDGE_CURVE('',#3013,#3014,#1450,.T.);
#3887=EDGE_CURVE('',#3013,#3015,#1451,.T.);
#3888=EDGE_CURVE('',#3016,#3014,#1452,.T.);
#3889=EDGE_CURVE('',#3015,#3016,#1453,.T.);
#3890=EDGE_CURVE('',#3015,#3017,#1454,.T.);
#3891=EDGE_CURVE('',#3018,#3016,#1455,.T.);
#3892=EDGE_CURVE('',#3017,#3018,#1456,.T.);
#3893=EDGE_CURVE('',#3017,#3019,#1457,.T.);
#3894=EDGE_CURVE('',#3020,#3018,#1458,.T.);
#3895=EDGE_CURVE('',#3019,#3020,#1459,.T.);
#3896=EDGE_CURVE('',#3019,#3021,#1460,.T.);
#3897=EDGE_CURVE('',#3022,#3020,#1461,.T.);
#3898=EDGE_CURVE('',#3021,#3022,#1462,.T.);
#3899=EDGE_CURVE('',#3021,#3023,#1463,.T.);
#3900=EDGE_CURVE('',#3024,#3022,#1464,.T.);
#3901=EDGE_CURVE('',#3023,#3024,#1465,.T.);
#3902=EDGE_CURVE('',#3023,#3025,#1466,.T.);
#3903=EDGE_CURVE('',#3026,#3024,#1467,.T.);
#3904=EDGE_CURVE('',#3025,#3026,#1468,.T.);
#3905=EDGE_CURVE('',#3025,#3027,#1469,.T.);
#3906=EDGE_CURVE('',#3028,#3026,#1470,.T.);
#3907=EDGE_CURVE('',#3027,#3028,#1471,.T.);
#3908=EDGE_CURVE('',#3027,#3029,#1472,.T.);
#3909=EDGE_CURVE('',#3030,#3028,#1473,.T.);
#3910=EDGE_CURVE('',#3029,#3030,#1474,.T.);
#3911=EDGE_CURVE('',#3029,#3031,#1475,.T.);
#3912=EDGE_CURVE('',#3032,#3030,#1476,.T.);
#3913=EDGE_CURVE('',#3031,#3032,#1477,.T.);
#3914=EDGE_CURVE('',#3031,#3033,#1478,.T.);
#3915=EDGE_CURVE('',#3034,#3032,#1479,.T.);
#3916=EDGE_CURVE('',#3033,#3034,#1480,.T.);
#3917=EDGE_CURVE('',#3033,#3035,#1481,.T.);
#3918=EDGE_CURVE('',#3036,#3034,#1482,.T.);
#3919=EDGE_CURVE('',#3035,#3036,#1483,.T.);
#3920=EDGE_CURVE('',#3035,#3037,#1484,.T.);
#3921=EDGE_CURVE('',#3038,#3036,#1485,.T.);
#3922=EDGE_CURVE('',#3037,#3038,#1486,.T.);
#3923=EDGE_CURVE('',#3037,#3039,#1487,.T.);
#3924=EDGE_CURVE('',#3040,#3038,#1488,.T.);
#3925=EDGE_CURVE('',#3039,#3040,#1489,.T.);
#3926=EDGE_CURVE('',#3039,#3041,#1490,.T.);
#3927=EDGE_CURVE('',#3042,#3040,#1491,.T.);
#3928=EDGE_CURVE('',#3041,#3042,#1492,.T.);
#3929=EDGE_CURVE('',#3041,#3043,#1493,.T.);
#3930=EDGE_CURVE('',#3044,#3042,#1494,.T.);
#3931=EDGE_CURVE('',#3043,#3044,#1495,.T.);
#3932=EDGE_CURVE('',#3043,#2753,#1496,.T.);
#3933=EDGE_CURVE('',#2755,#3044,#1497,.T.);
#3934=EDGE_CURVE('',#3045,#3046,#1498,.T.);
#3935=EDGE_CURVE('',#3045,#3047,#1499,.T.);
#3936=EDGE_CURVE('',#3048,#3047,#1500,.T.);
#3937=EDGE_CURVE('',#3046,#3048,#1501,.T.);
#3938=EDGE_CURVE('',#3046,#3049,#1502,.T.);
#3939=EDGE_CURVE('',#3050,#3048,#1503,.T.);
#3940=EDGE_CURVE('',#3049,#3050,#1504,.T.);
#3941=EDGE_CURVE('',#3049,#3051,#1505,.T.);
#3942=EDGE_CURVE('',#3052,#3050,#1506,.T.);
#3943=EDGE_CURVE('',#3051,#3052,#1507,.T.);
#3944=EDGE_CURVE('',#3051,#3053,#1508,.T.);
#3945=EDGE_CURVE('',#3054,#3052,#1509,.T.);
#3946=EDGE_CURVE('',#3053,#3054,#1510,.T.);
#3947=EDGE_CURVE('',#3053,#3055,#1511,.T.);
#3948=EDGE_CURVE('',#3056,#3054,#1512,.T.);
#3949=EDGE_CURVE('',#3055,#3056,#1513,.T.);
#3950=EDGE_CURVE('',#3055,#3057,#1514,.T.);
#3951=EDGE_CURVE('',#3058,#3056,#1515,.T.);
#3952=EDGE_CURVE('',#3057,#3058,#1516,.T.);
#3953=EDGE_CURVE('',#3057,#3059,#1517,.T.);
#3954=EDGE_CURVE('',#3060,#3058,#1518,.T.);
#3955=EDGE_CURVE('',#3059,#3060,#1519,.T.);
#3956=EDGE_CURVE('',#3059,#3061,#1520,.T.);
#3957=EDGE_CURVE('',#3062,#3060,#1521,.T.);
#3958=EDGE_CURVE('',#3061,#3062,#1522,.T.);
#3959=EDGE_CURVE('',#3061,#3063,#1523,.T.);
#3960=EDGE_CURVE('',#3064,#3062,#1524,.T.);
#3961=EDGE_CURVE('',#3063,#3064,#1525,.T.);
#3962=EDGE_CURVE('',#3063,#3065,#1526,.T.);
#3963=EDGE_CURVE('',#3066,#3064,#1527,.T.);
#3964=EDGE_CURVE('',#3065,#3066,#1528,.T.);
#3965=EDGE_CURVE('',#3065,#3067,#1529,.T.);
#3966=EDGE_CURVE('',#3068,#3066,#1530,.T.);
#3967=EDGE_CURVE('',#3067,#3068,#1531,.T.);
#3968=EDGE_CURVE('',#3067,#3069,#1532,.T.);
#3969=EDGE_CURVE('',#3070,#3068,#1533,.T.);
#3970=EDGE_CURVE('',#3069,#3070,#1534,.T.);
#3971=EDGE_CURVE('',#3069,#3071,#1535,.T.);
#3972=EDGE_CURVE('',#3072,#3070,#1536,.T.);
#3973=EDGE_CURVE('',#3071,#3072,#1537,.T.);
#3974=EDGE_CURVE('',#3071,#3073,#1538,.T.);
#3975=EDGE_CURVE('',#3074,#3072,#1539,.T.);
#3976=EDGE_CURVE('',#3073,#3074,#1540,.T.);
#3977=EDGE_CURVE('',#3073,#3075,#1541,.T.);
#3978=EDGE_CURVE('',#3076,#3074,#1542,.T.);
#3979=EDGE_CURVE('',#3075,#3076,#1543,.T.);
#3980=EDGE_CURVE('',#3075,#3077,#1544,.T.);
#3981=EDGE_CURVE('',#3078,#3076,#1545,.T.);
#3982=EDGE_CURVE('',#3077,#3078,#1546,.T.);
#3983=EDGE_CURVE('',#3077,#3079,#1547,.T.);
#3984=EDGE_CURVE('',#3080,#3078,#1548,.T.);
#3985=EDGE_CURVE('',#3079,#3080,#1549,.T.);
#3986=EDGE_CURVE('',#3079,#3081,#1550,.T.);
#3987=EDGE_CURVE('',#3082,#3080,#1551,.T.);
#3988=EDGE_CURVE('',#3081,#3082,#1552,.T.);
#3989=EDGE_CURVE('',#3081,#3083,#1553,.T.);
#3990=EDGE_CURVE('',#3084,#3082,#1554,.T.);
#3991=EDGE_CURVE('',#3083,#3084,#1555,.T.);
#3992=EDGE_CURVE('',#3083,#3085,#1556,.T.);
#3993=EDGE_CURVE('',#3086,#3084,#1557,.T.);
#3994=EDGE_CURVE('',#3085,#3086,#1558,.T.);
#3995=EDGE_CURVE('',#3085,#3087,#1559,.T.);
#3996=EDGE_CURVE('',#3088,#3086,#1560,.T.);
#3997=EDGE_CURVE('',#3087,#3088,#1561,.T.);
#3998=EDGE_CURVE('',#3087,#3089,#1562,.T.);
#3999=EDGE_CURVE('',#3090,#3088,#1563,.T.);
#4000=EDGE_CURVE('',#3089,#3090,#1564,.T.);
#4001=EDGE_CURVE('',#3089,#3091,#1565,.T.);
#4002=EDGE_CURVE('',#3092,#3090,#1566,.T.);
#4003=EDGE_CURVE('',#3091,#3092,#1567,.T.);
#4004=EDGE_CURVE('',#3091,#3093,#1568,.T.);
#4005=EDGE_CURVE('',#3094,#3092,#1569,.T.);
#4006=EDGE_CURVE('',#3093,#3094,#1570,.T.);
#4007=EDGE_CURVE('',#3093,#3095,#1571,.T.);
#4008=EDGE_CURVE('',#3096,#3094,#1572,.T.);
#4009=EDGE_CURVE('',#3095,#3096,#1573,.T.);
#4010=EDGE_CURVE('',#3095,#3045,#1574,.T.);
#4011=EDGE_CURVE('',#3047,#3096,#1575,.T.);
#4012=ORIENTED_EDGE('',*,*,#3097,.T.);
#4013=ORIENTED_EDGE('',*,*,#3098,.T.);
#4014=ORIENTED_EDGE('',*,*,#3099,.F.);
#4015=ORIENTED_EDGE('',*,*,#3100,.F.);
#4016=ORIENTED_EDGE('',*,*,#3101,.T.);
#4017=ORIENTED_EDGE('',*,*,#3100,.T.);
#4018=ORIENTED_EDGE('',*,*,#3102,.F.);
#4019=ORIENTED_EDGE('',*,*,#3103,.F.);
#4020=ORIENTED_EDGE('',*,*,#3104,.T.);
#4021=ORIENTED_EDGE('',*,*,#3103,.T.);
#4022=ORIENTED_EDGE('',*,*,#3105,.F.);
#4023=ORIENTED_EDGE('',*,*,#3106,.F.);
#4024=ORIENTED_EDGE('',*,*,#3107,.T.);
#4025=ORIENTED_EDGE('',*,*,#3106,.T.);
#4026=ORIENTED_EDGE('',*,*,#3108,.F.);
#4027=ORIENTED_EDGE('',*,*,#3109,.F.);
#4028=ORIENTED_EDGE('',*,*,#3110,.T.);
#4029=ORIENTED_EDGE('',*,*,#3109,.T.);
#4030=ORIENTED_EDGE('',*,*,#3111,.F.);
#4031=ORIENTED_EDGE('',*,*,#3112,.F.);
#4032=ORIENTED_EDGE('',*,*,#3113,.T.);
#4033=ORIENTED_EDGE('',*,*,#3112,.T.);
#4034=ORIENTED_EDGE('',*,*,#3114,.F.);
#4035=ORIENTED_EDGE('',*,*,#3115,.F.);
#4036=ORIENTED_EDGE('',*,*,#3116,.T.);
#4037=ORIENTED_EDGE('',*,*,#3115,.T.);
#4038=ORIENTED_EDGE('',*,*,#3117,.F.);
#4039=ORIENTED_EDGE('',*,*,#3118,.F.);
#4040=ORIENTED_EDGE('',*,*,#3119,.T.);
#4041=ORIENTED_EDGE('',*,*,#3118,.T.);
#4042=ORIENTED_EDGE('',*,*,#3120,.F.);
#4043=ORIENTED_EDGE('',*,*,#3121,.F.);
#4044=ORIENTED_EDGE('',*,*,#3122,.T.);
#4045=ORIENTED_EDGE('',*,*,#3121,.T.);
#4046=ORIENTED_EDGE('',*,*,#3123,.F.);
#4047=ORIENTED_EDGE('',*,*,#3124,.F.);
#4048=ORIENTED_EDGE('',*,*,#3125,.T.);
#4049=ORIENTED_EDGE('',*,*,#3124,.T.);
#4050=ORIENTED_EDGE('',*,*,#3126,.F.);
#4051=ORIENTED_EDGE('',*,*,#3127,.F.);
#4052=ORIENTED_EDGE('',*,*,#3128,.T.);
#4053=ORIENTED_EDGE('',*,*,#3127,.T.);
#4054=ORIENTED_EDGE('',*,*,#3129,.F.);
#4055=ORIENTED_EDGE('',*,*,#3130,.F.);
#4056=ORIENTED_EDGE('',*,*,#3131,.T.);
#4057=ORIENTED_EDGE('',*,*,#3130,.T.);
#4058=ORIENTED_EDGE('',*,*,#3132,.F.);
#4059=ORIENTED_EDGE('',*,*,#3133,.F.);
#4060=ORIENTED_EDGE('',*,*,#3134,.T.);
#4061=ORIENTED_EDGE('',*,*,#3133,.T.);
#4062=ORIENTED_EDGE('',*,*,#3135,.F.);
#4063=ORIENTED_EDGE('',*,*,#3136,.F.);
#4064=ORIENTED_EDGE('',*,*,#3137,.T.);
#4065=ORIENTED_EDGE('',*,*,#3136,.T.);
#4066=ORIENTED_EDGE('',*,*,#3138,.F.);
#4067=ORIENTED_EDGE('',*,*,#3139,.F.);
#4068=ORIENTED_EDGE('',*,*,#3140,.T.);
#4069=ORIENTED_EDGE('',*,*,#3139,.T.);
#4070=ORIENTED_EDGE('',*,*,#3141,.F.);
#4071=ORIENTED_EDGE('',*,*,#3142,.F.);
#4072=ORIENTED_EDGE('',*,*,#3143,.T.);
#4073=ORIENTED_EDGE('',*,*,#3142,.T.);
#4074=ORIENTED_EDGE('',*,*,#3144,.F.);
#4075=ORIENTED_EDGE('',*,*,#3145,.F.);
#4076=ORIENTED_EDGE('',*,*,#3146,.T.);
#4077=ORIENTED_EDGE('',*,*,#3145,.T.);
#4078=ORIENTED_EDGE('',*,*,#3147,.F.);
#4079=ORIENTED_EDGE('',*,*,#3148,.F.);
#4080=ORIENTED_EDGE('',*,*,#3149,.T.);
#4081=ORIENTED_EDGE('',*,*,#3148,.T.);
#4082=ORIENTED_EDGE('',*,*,#3150,.F.);
#4083=ORIENTED_EDGE('',*,*,#3151,.F.);
#4084=ORIENTED_EDGE('',*,*,#3152,.T.);
#4085=ORIENTED_EDGE('',*,*,#3151,.T.);
#4086=ORIENTED_EDGE('',*,*,#3153,.F.);
#4087=ORIENTED_EDGE('',*,*,#3154,.F.);
#4088=ORIENTED_EDGE('',*,*,#3155,.T.);
#4089=ORIENTED_EDGE('',*,*,#3154,.T.);
#4090=ORIENTED_EDGE('',*,*,#3156,.F.);
#4091=ORIENTED_EDGE('',*,*,#3157,.F.);
#4092=ORIENTED_EDGE('',*,*,#3158,.T.);
#4093=ORIENTED_EDGE('',*,*,#3157,.T.);
#4094=ORIENTED_EDGE('',*,*,#3159,.F.);
#4095=ORIENTED_EDGE('',*,*,#3160,.F.);
#4096=ORIENTED_EDGE('',*,*,#3161,.T.);
#4097=ORIENTED_EDGE('',*,*,#3160,.T.);
#4098=ORIENTED_EDGE('',*,*,#3162,.F.);
#4099=ORIENTED_EDGE('',*,*,#3163,.F.);
#4100=ORIENTED_EDGE('',*,*,#3164,.T.);
#4101=ORIENTED_EDGE('',*,*,#3163,.T.);
#4102=ORIENTED_EDGE('',*,*,#3165,.F.);
#4103=ORIENTED_EDGE('',*,*,#3166,.F.);
#4104=ORIENTED_EDGE('',*,*,#3167,.T.);
#4105=ORIENTED_EDGE('',*,*,#3166,.T.);
#4106=ORIENTED_EDGE('',*,*,#3168,.F.);
#4107=ORIENTED_EDGE('',*,*,#3169,.F.);
#4108=ORIENTED_EDGE('',*,*,#3170,.T.);
#4109=ORIENTED_EDGE('',*,*,#3169,.T.);
#4110=ORIENTED_EDGE('',*,*,#3171,.F.);
#4111=ORIENTED_EDGE('',*,*,#3172,.F.);
#4112=ORIENTED_EDGE('',*,*,#3173,.T.);
#4113=ORIENTED_EDGE('',*,*,#3172,.T.);
#4114=ORIENTED_EDGE('',*,*,#3174,.F.);
#4115=ORIENTED_EDGE('',*,*,#3098,.F.);
#4116=ORIENTED_EDGE('',*,*,#3175,.T.);
#4117=ORIENTED_EDGE('',*,*,#3176,.T.);
#4118=ORIENTED_EDGE('',*,*,#3177,.F.);
#4119=ORIENTED_EDGE('',*,*,#3178,.F.);
#4120=ORIENTED_EDGE('',*,*,#3179,.T.);
#4121=ORIENTED_EDGE('',*,*,#3178,.T.);
#4122=ORIENTED_EDGE('',*,*,#3180,.F.);
#4123=ORIENTED_EDGE('',*,*,#3181,.F.);
#4124=ORIENTED_EDGE('',*,*,#3182,.T.);
#4125=ORIENTED_EDGE('',*,*,#3181,.T.);
#4126=ORIENTED_EDGE('',*,*,#3183,.F.);
#4127=ORIENTED_EDGE('',*,*,#3184,.F.);
#4128=ORIENTED_EDGE('',*,*,#3185,.T.);
#4129=ORIENTED_EDGE('',*,*,#3184,.T.);
#4130=ORIENTED_EDGE('',*,*,#3186,.F.);
#4131=ORIENTED_EDGE('',*,*,#3176,.F.);
#4132=ORIENTED_EDGE('',*,*,#3187,.F.);
#4133=ORIENTED_EDGE('',*,*,#3188,.T.);
#4134=ORIENTED_EDGE('',*,*,#3189,.F.);
#4135=ORIENTED_EDGE('',*,*,#3190,.F.);
#4136=ORIENTED_EDGE('',*,*,#3191,.T.);
#4137=ORIENTED_EDGE('',*,*,#3190,.T.);
#4138=ORIENTED_EDGE('',*,*,#3192,.F.);
#4139=ORIENTED_EDGE('',*,*,#3193,.F.);
#4140=ORIENTED_EDGE('',*,*,#3194,.F.);
#4141=ORIENTED_EDGE('',*,*,#3193,.T.);
#4142=ORIENTED_EDGE('',*,*,#3195,.F.);
#4143=ORIENTED_EDGE('',*,*,#3196,.F.);
#4144=ORIENTED_EDGE('',*,*,#3197,.T.);
#4145=ORIENTED_EDGE('',*,*,#3196,.T.);
#4146=ORIENTED_EDGE('',*,*,#3198,.F.);
#4147=ORIENTED_EDGE('',*,*,#3199,.F.);
#4148=ORIENTED_EDGE('',*,*,#3200,.F.);
#4149=ORIENTED_EDGE('',*,*,#3199,.T.);
#4150=ORIENTED_EDGE('',*,*,#3201,.F.);
#4151=ORIENTED_EDGE('',*,*,#3202,.F.);
#4152=ORIENTED_EDGE('',*,*,#3203,.T.);
#4153=ORIENTED_EDGE('',*,*,#3202,.T.);
#4154=ORIENTED_EDGE('',*,*,#3204,.F.);
#4155=ORIENTED_EDGE('',*,*,#3205,.F.);
#4156=ORIENTED_EDGE('',*,*,#3206,.F.);
#4157=ORIENTED_EDGE('',*,*,#3205,.T.);
#4158=ORIENTED_EDGE('',*,*,#3207,.F.);
#4159=ORIENTED_EDGE('',*,*,#3208,.F.);
#4160=ORIENTED_EDGE('',*,*,#3209,.T.);
#4161=ORIENTED_EDGE('',*,*,#3208,.T.);
#4162=ORIENTED_EDGE('',*,*,#3210,.F.);
#4163=ORIENTED_EDGE('',*,*,#3211,.F.);
#4164=ORIENTED_EDGE('',*,*,#3212,.F.);
#4165=ORIENTED_EDGE('',*,*,#3211,.T.);
#4166=ORIENTED_EDGE('',*,*,#3213,.F.);
#4167=ORIENTED_EDGE('',*,*,#3214,.F.);
#4168=ORIENTED_EDGE('',*,*,#3215,.T.);
#4169=ORIENTED_EDGE('',*,*,#3214,.T.);
#4170=ORIENTED_EDGE('',*,*,#3216,.F.);
#4171=ORIENTED_EDGE('',*,*,#3217,.F.);
#4172=ORIENTED_EDGE('',*,*,#3218,.F.);
#4173=ORIENTED_EDGE('',*,*,#3217,.T.);
#4174=ORIENTED_EDGE('',*,*,#3219,.F.);
#4175=ORIENTED_EDGE('',*,*,#3220,.F.);
#4176=ORIENTED_EDGE('',*,*,#3221,.T.);
#4177=ORIENTED_EDGE('',*,*,#3220,.T.);
#4178=ORIENTED_EDGE('',*,*,#3222,.F.);
#4179=ORIENTED_EDGE('',*,*,#3223,.F.);
#4180=ORIENTED_EDGE('',*,*,#3224,.F.);
#4181=ORIENTED_EDGE('',*,*,#3223,.T.);
#4182=ORIENTED_EDGE('',*,*,#3225,.F.);
#4183=ORIENTED_EDGE('',*,*,#3226,.F.);
#4184=ORIENTED_EDGE('',*,*,#3227,.T.);
#4185=ORIENTED_EDGE('',*,*,#3226,.T.);
#4186=ORIENTED_EDGE('',*,*,#3228,.F.);
#4187=ORIENTED_EDGE('',*,*,#3229,.F.);
#4188=ORIENTED_EDGE('',*,*,#3230,.F.);
#4189=ORIENTED_EDGE('',*,*,#3229,.T.);
#4190=ORIENTED_EDGE('',*,*,#3231,.F.);
#4191=ORIENTED_EDGE('',*,*,#3232,.F.);
#4192=ORIENTED_EDGE('',*,*,#3233,.T.);
#4193=ORIENTED_EDGE('',*,*,#3232,.T.);
#4194=ORIENTED_EDGE('',*,*,#3234,.F.);
#4195=ORIENTED_EDGE('',*,*,#3235,.F.);
#4196=ORIENTED_EDGE('',*,*,#3236,.F.);
#4197=ORIENTED_EDGE('',*,*,#3235,.T.);
#4198=ORIENTED_EDGE('',*,*,#3237,.F.);
#4199=ORIENTED_EDGE('',*,*,#3238,.F.);
#4200=ORIENTED_EDGE('',*,*,#3239,.T.);
#4201=ORIENTED_EDGE('',*,*,#3238,.T.);
#4202=ORIENTED_EDGE('',*,*,#3240,.F.);
#4203=ORIENTED_EDGE('',*,*,#3241,.F.);
#4204=ORIENTED_EDGE('',*,*,#3242,.F.);
#4205=ORIENTED_EDGE('',*,*,#3241,.T.);
#4206=ORIENTED_EDGE('',*,*,#3243,.F.);
#4207=ORIENTED_EDGE('',*,*,#3244,.F.);
#4208=ORIENTED_EDGE('',*,*,#3245,.T.);
#4209=ORIENTED_EDGE('',*,*,#3244,.T.);
#4210=ORIENTED_EDGE('',*,*,#3246,.F.);
#4211=ORIENTED_EDGE('',*,*,#3247,.F.);
#4212=ORIENTED_EDGE('',*,*,#3248,.F.);
#4213=ORIENTED_EDGE('',*,*,#3247,.T.);
#4214=ORIENTED_EDGE('',*,*,#3249,.F.);
#4215=ORIENTED_EDGE('',*,*,#3250,.F.);
#4216=ORIENTED_EDGE('',*,*,#3251,.T.);
#4217=ORIENTED_EDGE('',*,*,#3250,.T.);
#4218=ORIENTED_EDGE('',*,*,#3252,.F.);
#4219=ORIENTED_EDGE('',*,*,#3253,.F.);
#4220=ORIENTED_EDGE('',*,*,#3254,.T.);
#4221=ORIENTED_EDGE('',*,*,#3253,.T.);
#4222=ORIENTED_EDGE('',*,*,#3255,.F.);
#4223=ORIENTED_EDGE('',*,*,#3256,.F.);
#4224=ORIENTED_EDGE('',*,*,#3257,.T.);
#4225=ORIENTED_EDGE('',*,*,#3256,.T.);
#4226=ORIENTED_EDGE('',*,*,#3258,.F.);
#4227=ORIENTED_EDGE('',*,*,#3259,.F.);
#4228=ORIENTED_EDGE('',*,*,#3260,.T.);
#4229=ORIENTED_EDGE('',*,*,#3259,.T.);
#4230=ORIENTED_EDGE('',*,*,#3261,.F.);
#4231=ORIENTED_EDGE('',*,*,#3262,.F.);
#4232=ORIENTED_EDGE('',*,*,#3263,.T.);
#4233=ORIENTED_EDGE('',*,*,#3262,.T.);
#4234=ORIENTED_EDGE('',*,*,#3264,.F.);
#4235=ORIENTED_EDGE('',*,*,#3265,.F.);
#4236=ORIENTED_EDGE('',*,*,#3266,.T.);
#4237=ORIENTED_EDGE('',*,*,#3265,.T.);
#4238=ORIENTED_EDGE('',*,*,#3267,.F.);
#4239=ORIENTED_EDGE('',*,*,#3268,.F.);
#4240=ORIENTED_EDGE('',*,*,#3269,.T.);
#4241=ORIENTED_EDGE('',*,*,#3268,.T.);
#4242=ORIENTED_EDGE('',*,*,#3270,.F.);
#4243=ORIENTED_EDGE('',*,*,#3271,.F.);
#4244=ORIENTED_EDGE('',*,*,#3272,.T.);
#4245=ORIENTED_EDGE('',*,*,#3271,.T.);
#4246=ORIENTED_EDGE('',*,*,#3273,.F.);
#4247=ORIENTED_EDGE('',*,*,#3274,.F.);
#4248=ORIENTED_EDGE('',*,*,#3275,.T.);
#4249=ORIENTED_EDGE('',*,*,#3274,.T.);
#4250=ORIENTED_EDGE('',*,*,#3276,.F.);
#4251=ORIENTED_EDGE('',*,*,#3277,.F.);
#4252=ORIENTED_EDGE('',*,*,#3278,.T.);
#4253=ORIENTED_EDGE('',*,*,#3277,.T.);
#4254=ORIENTED_EDGE('',*,*,#3279,.F.);
#4255=ORIENTED_EDGE('',*,*,#3280,.F.);
#4256=ORIENTED_EDGE('',*,*,#3281,.T.);
#4257=ORIENTED_EDGE('',*,*,#3280,.T.);
#4258=ORIENTED_EDGE('',*,*,#3282,.F.);
#4259=ORIENTED_EDGE('',*,*,#3283,.F.);
#4260=ORIENTED_EDGE('',*,*,#3284,.T.);
#4261=ORIENTED_EDGE('',*,*,#3283,.T.);
#4262=ORIENTED_EDGE('',*,*,#3285,.F.);
#4263=ORIENTED_EDGE('',*,*,#3286,.F.);
#4264=ORIENTED_EDGE('',*,*,#3287,.T.);
#4265=ORIENTED_EDGE('',*,*,#3286,.T.);
#4266=ORIENTED_EDGE('',*,*,#3288,.F.);
#4267=ORIENTED_EDGE('',*,*,#3289,.F.);
#4268=ORIENTED_EDGE('',*,*,#3290,.T.);
#4269=ORIENTED_EDGE('',*,*,#3289,.T.);
#4270=ORIENTED_EDGE('',*,*,#3291,.F.);
#4271=ORIENTED_EDGE('',*,*,#3292,.F.);
#4272=ORIENTED_EDGE('',*,*,#3293,.T.);
#4273=ORIENTED_EDGE('',*,*,#3292,.T.);
#4274=ORIENTED_EDGE('',*,*,#3294,.F.);
#4275=ORIENTED_EDGE('',*,*,#3295,.F.);
#4276=ORIENTED_EDGE('',*,*,#3296,.T.);
#4277=ORIENTED_EDGE('',*,*,#3295,.T.);
#4278=ORIENTED_EDGE('',*,*,#3297,.F.);
#4279=ORIENTED_EDGE('',*,*,#3298,.F.);
#4280=ORIENTED_EDGE('',*,*,#3299,.T.);
#4281=ORIENTED_EDGE('',*,*,#3298,.T.);
#4282=ORIENTED_EDGE('',*,*,#3300,.F.);
#4283=ORIENTED_EDGE('',*,*,#3301,.F.);
#4284=ORIENTED_EDGE('',*,*,#3302,.T.);
#4285=ORIENTED_EDGE('',*,*,#3301,.T.);
#4286=ORIENTED_EDGE('',*,*,#3303,.F.);
#4287=ORIENTED_EDGE('',*,*,#3304,.F.);
#4288=ORIENTED_EDGE('',*,*,#3305,.T.);
#4289=ORIENTED_EDGE('',*,*,#3304,.T.);
#4290=ORIENTED_EDGE('',*,*,#3306,.F.);
#4291=ORIENTED_EDGE('',*,*,#3307,.F.);
#4292=ORIENTED_EDGE('',*,*,#3308,.T.);
#4293=ORIENTED_EDGE('',*,*,#3307,.T.);
#4294=ORIENTED_EDGE('',*,*,#3309,.F.);
#4295=ORIENTED_EDGE('',*,*,#3310,.F.);
#4296=ORIENTED_EDGE('',*,*,#3311,.T.);
#4297=ORIENTED_EDGE('',*,*,#3310,.T.);
#4298=ORIENTED_EDGE('',*,*,#3312,.F.);
#4299=ORIENTED_EDGE('',*,*,#3313,.F.);
#4300=ORIENTED_EDGE('',*,*,#3314,.T.);
#4301=ORIENTED_EDGE('',*,*,#3313,.T.);
#4302=ORIENTED_EDGE('',*,*,#3315,.F.);
#4303=ORIENTED_EDGE('',*,*,#3316,.F.);
#4304=ORIENTED_EDGE('',*,*,#3317,.T.);
#4305=ORIENTED_EDGE('',*,*,#3316,.T.);
#4306=ORIENTED_EDGE('',*,*,#3318,.F.);
#4307=ORIENTED_EDGE('',*,*,#3319,.F.);
#4308=ORIENTED_EDGE('',*,*,#3320,.T.);
#4309=ORIENTED_EDGE('',*,*,#3319,.T.);
#4310=ORIENTED_EDGE('',*,*,#3321,.F.);
#4311=ORIENTED_EDGE('',*,*,#3322,.F.);
#4312=ORIENTED_EDGE('',*,*,#3323,.T.);
#4313=ORIENTED_EDGE('',*,*,#3322,.T.);
#4314=ORIENTED_EDGE('',*,*,#3324,.F.);
#4315=ORIENTED_EDGE('',*,*,#3325,.F.);
#4316=ORIENTED_EDGE('',*,*,#3326,.T.);
#4317=ORIENTED_EDGE('',*,*,#3325,.T.);
#4318=ORIENTED_EDGE('',*,*,#3327,.F.);
#4319=ORIENTED_EDGE('',*,*,#3328,.F.);
#4320=ORIENTED_EDGE('',*,*,#3329,.T.);
#4321=ORIENTED_EDGE('',*,*,#3328,.T.);
#4322=ORIENTED_EDGE('',*,*,#3330,.F.);
#4323=ORIENTED_EDGE('',*,*,#3331,.F.);
#4324=ORIENTED_EDGE('',*,*,#3332,.T.);
#4325=ORIENTED_EDGE('',*,*,#3331,.T.);
#4326=ORIENTED_EDGE('',*,*,#3333,.F.);
#4327=ORIENTED_EDGE('',*,*,#3334,.F.);
#4328=ORIENTED_EDGE('',*,*,#3335,.T.);
#4329=ORIENTED_EDGE('',*,*,#3334,.T.);
#4330=ORIENTED_EDGE('',*,*,#3336,.F.);
#4331=ORIENTED_EDGE('',*,*,#3337,.F.);
#4332=ORIENTED_EDGE('',*,*,#3338,.T.);
#4333=ORIENTED_EDGE('',*,*,#3337,.T.);
#4334=ORIENTED_EDGE('',*,*,#3339,.F.);
#4335=ORIENTED_EDGE('',*,*,#3340,.F.);
#4336=ORIENTED_EDGE('',*,*,#3341,.T.);
#4337=ORIENTED_EDGE('',*,*,#3340,.T.);
#4338=ORIENTED_EDGE('',*,*,#3342,.F.);
#4339=ORIENTED_EDGE('',*,*,#3343,.F.);
#4340=ORIENTED_EDGE('',*,*,#3344,.T.);
#4341=ORIENTED_EDGE('',*,*,#3343,.T.);
#4342=ORIENTED_EDGE('',*,*,#3345,.F.);
#4343=ORIENTED_EDGE('',*,*,#3346,.F.);
#4344=ORIENTED_EDGE('',*,*,#3347,.T.);
#4345=ORIENTED_EDGE('',*,*,#3346,.T.);
#4346=ORIENTED_EDGE('',*,*,#3348,.F.);
#4347=ORIENTED_EDGE('',*,*,#3349,.F.);
#4348=ORIENTED_EDGE('',*,*,#3350,.T.);
#4349=ORIENTED_EDGE('',*,*,#3349,.T.);
#4350=ORIENTED_EDGE('',*,*,#3351,.F.);
#4351=ORIENTED_EDGE('',*,*,#3352,.F.);
#4352=ORIENTED_EDGE('',*,*,#3353,.T.);
#4353=ORIENTED_EDGE('',*,*,#3352,.T.);
#4354=ORIENTED_EDGE('',*,*,#3354,.F.);
#4355=ORIENTED_EDGE('',*,*,#3355,.F.);
#4356=ORIENTED_EDGE('',*,*,#3356,.T.);
#4357=ORIENTED_EDGE('',*,*,#3355,.T.);
#4358=ORIENTED_EDGE('',*,*,#3357,.F.);
#4359=ORIENTED_EDGE('',*,*,#3358,.F.);
#4360=ORIENTED_EDGE('',*,*,#3359,.T.);
#4361=ORIENTED_EDGE('',*,*,#3358,.T.);
#4362=ORIENTED_EDGE('',*,*,#3360,.F.);
#4363=ORIENTED_EDGE('',*,*,#3361,.F.);
#4364=ORIENTED_EDGE('',*,*,#3362,.T.);
#4365=ORIENTED_EDGE('',*,*,#3361,.T.);
#4366=ORIENTED_EDGE('',*,*,#3363,.F.);
#4367=ORIENTED_EDGE('',*,*,#3364,.F.);
#4368=ORIENTED_EDGE('',*,*,#3365,.T.);
#4369=ORIENTED_EDGE('',*,*,#3364,.T.);
#4370=ORIENTED_EDGE('',*,*,#3366,.F.);
#4371=ORIENTED_EDGE('',*,*,#3367,.F.);
#4372=ORIENTED_EDGE('',*,*,#3368,.T.);
#4373=ORIENTED_EDGE('',*,*,#3367,.T.);
#4374=ORIENTED_EDGE('',*,*,#3369,.F.);
#4375=ORIENTED_EDGE('',*,*,#3370,.F.);
#4376=ORIENTED_EDGE('',*,*,#3371,.T.);
#4377=ORIENTED_EDGE('',*,*,#3370,.T.);
#4378=ORIENTED_EDGE('',*,*,#3372,.F.);
#4379=ORIENTED_EDGE('',*,*,#3373,.F.);
#4380=ORIENTED_EDGE('',*,*,#3374,.T.);
#4381=ORIENTED_EDGE('',*,*,#3373,.T.);
#4382=ORIENTED_EDGE('',*,*,#3375,.F.);
#4383=ORIENTED_EDGE('',*,*,#3376,.F.);
#4384=ORIENTED_EDGE('',*,*,#3377,.T.);
#4385=ORIENTED_EDGE('',*,*,#3376,.T.);
#4386=ORIENTED_EDGE('',*,*,#3378,.F.);
#4387=ORIENTED_EDGE('',*,*,#3379,.F.);
#4388=ORIENTED_EDGE('',*,*,#3380,.T.);
#4389=ORIENTED_EDGE('',*,*,#3379,.T.);
#4390=ORIENTED_EDGE('',*,*,#3381,.F.);
#4391=ORIENTED_EDGE('',*,*,#3382,.F.);
#4392=ORIENTED_EDGE('',*,*,#3383,.F.);
#4393=ORIENTED_EDGE('',*,*,#3382,.T.);
#4394=ORIENTED_EDGE('',*,*,#3384,.F.);
#4395=ORIENTED_EDGE('',*,*,#3385,.F.);
#4396=ORIENTED_EDGE('',*,*,#3386,.T.);
#4397=ORIENTED_EDGE('',*,*,#3385,.T.);
#4398=ORIENTED_EDGE('',*,*,#3387,.F.);
#4399=ORIENTED_EDGE('',*,*,#3188,.F.);
#4400=ORIENTED_EDGE('',*,*,#3387,.T.);
#4401=ORIENTED_EDGE('',*,*,#3384,.T.);
#4402=ORIENTED_EDGE('',*,*,#3381,.T.);
#4403=ORIENTED_EDGE('',*,*,#3378,.T.);
#4404=ORIENTED_EDGE('',*,*,#3375,.T.);
#4405=ORIENTED_EDGE('',*,*,#3372,.T.);
#4406=ORIENTED_EDGE('',*,*,#3369,.T.);
#4407=ORIENTED_EDGE('',*,*,#3366,.T.);
#4408=ORIENTED_EDGE('',*,*,#3363,.T.);
#4409=ORIENTED_EDGE('',*,*,#3360,.T.);
#4410=ORIENTED_EDGE('',*,*,#3357,.T.);
#4411=ORIENTED_EDGE('',*,*,#3354,.T.);
#4412=ORIENTED_EDGE('',*,*,#3351,.T.);
#4413=ORIENTED_EDGE('',*,*,#3348,.T.);
#4414=ORIENTED_EDGE('',*,*,#3345,.T.);
#4415=ORIENTED_EDGE('',*,*,#3342,.T.);
#4416=ORIENTED_EDGE('',*,*,#3339,.T.);
#4417=ORIENTED_EDGE('',*,*,#3336,.T.);
#4418=ORIENTED_EDGE('',*,*,#3333,.T.);
#4419=ORIENTED_EDGE('',*,*,#3330,.T.);
#4420=ORIENTED_EDGE('',*,*,#3327,.T.);
#4421=ORIENTED_EDGE('',*,*,#3324,.T.);
#4422=ORIENTED_EDGE('',*,*,#3321,.T.);
#4423=ORIENTED_EDGE('',*,*,#3318,.T.);
#4424=ORIENTED_EDGE('',*,*,#3315,.T.);
#4425=ORIENTED_EDGE('',*,*,#3312,.T.);
#4426=ORIENTED_EDGE('',*,*,#3309,.T.);
#4427=ORIENTED_EDGE('',*,*,#3306,.T.);
#4428=ORIENTED_EDGE('',*,*,#3303,.T.);
#4429=ORIENTED_EDGE('',*,*,#3300,.T.);
#4430=ORIENTED_EDGE('',*,*,#3297,.T.);
#4431=ORIENTED_EDGE('',*,*,#3294,.T.);
#4432=ORIENTED_EDGE('',*,*,#3291,.T.);
#4433=ORIENTED_EDGE('',*,*,#3288,.T.);
#4434=ORIENTED_EDGE('',*,*,#3285,.T.);
#4435=ORIENTED_EDGE('',*,*,#3282,.T.);
#4436=ORIENTED_EDGE('',*,*,#3279,.T.);
#4437=ORIENTED_EDGE('',*,*,#3276,.T.);
#4438=ORIENTED_EDGE('',*,*,#3273,.T.);
#4439=ORIENTED_EDGE('',*,*,#3270,.T.);
#4440=ORIENTED_EDGE('',*,*,#3267,.T.);
#4441=ORIENTED_EDGE('',*,*,#3264,.T.);
#4442=ORIENTED_EDGE('',*,*,#3261,.T.);
#4443=ORIENTED_EDGE('',*,*,#3258,.T.);
#4444=ORIENTED_EDGE('',*,*,#3255,.T.);
#4445=ORIENTED_EDGE('',*,*,#3252,.T.);
#4446=ORIENTED_EDGE('',*,*,#3249,.T.);
#4447=ORIENTED_EDGE('',*,*,#3246,.T.);
#4448=ORIENTED_EDGE('',*,*,#3243,.T.);
#4449=ORIENTED_EDGE('',*,*,#3240,.T.);
#4450=ORIENTED_EDGE('',*,*,#3237,.T.);
#4451=ORIENTED_EDGE('',*,*,#3234,.T.);
#4452=ORIENTED_EDGE('',*,*,#3231,.T.);
#4453=ORIENTED_EDGE('',*,*,#3228,.T.);
#4454=ORIENTED_EDGE('',*,*,#3225,.T.);
#4455=ORIENTED_EDGE('',*,*,#3222,.T.);
#4456=ORIENTED_EDGE('',*,*,#3219,.T.);
#4457=ORIENTED_EDGE('',*,*,#3216,.T.);
#4458=ORIENTED_EDGE('',*,*,#3213,.T.);
#4459=ORIENTED_EDGE('',*,*,#3210,.T.);
#4460=ORIENTED_EDGE('',*,*,#3207,.T.);
#4461=ORIENTED_EDGE('',*,*,#3204,.T.);
#4462=ORIENTED_EDGE('',*,*,#3201,.T.);
#4463=ORIENTED_EDGE('',*,*,#3198,.T.);
#4464=ORIENTED_EDGE('',*,*,#3195,.T.);
#4465=ORIENTED_EDGE('',*,*,#3192,.T.);
#4466=ORIENTED_EDGE('',*,*,#3189,.T.);
#4467=ORIENTED_EDGE('',*,*,#3186,.T.);
#4468=ORIENTED_EDGE('',*,*,#3183,.T.);
#4469=ORIENTED_EDGE('',*,*,#3180,.T.);
#4470=ORIENTED_EDGE('',*,*,#3177,.T.);
#4471=ORIENTED_EDGE('',*,*,#3174,.T.);
#4472=ORIENTED_EDGE('',*,*,#3171,.T.);
#4473=ORIENTED_EDGE('',*,*,#3168,.T.);
#4474=ORIENTED_EDGE('',*,*,#3165,.T.);
#4475=ORIENTED_EDGE('',*,*,#3162,.T.);
#4476=ORIENTED_EDGE('',*,*,#3159,.T.);
#4477=ORIENTED_EDGE('',*,*,#3156,.T.);
#4478=ORIENTED_EDGE('',*,*,#3153,.T.);
#4479=ORIENTED_EDGE('',*,*,#3150,.T.);
#4480=ORIENTED_EDGE('',*,*,#3147,.T.);
#4481=ORIENTED_EDGE('',*,*,#3144,.T.);
#4482=ORIENTED_EDGE('',*,*,#3141,.T.);
#4483=ORIENTED_EDGE('',*,*,#3138,.T.);
#4484=ORIENTED_EDGE('',*,*,#3135,.T.);
#4485=ORIENTED_EDGE('',*,*,#3132,.T.);
#4486=ORIENTED_EDGE('',*,*,#3129,.T.);
#4487=ORIENTED_EDGE('',*,*,#3126,.T.);
#4488=ORIENTED_EDGE('',*,*,#3123,.T.);
#4489=ORIENTED_EDGE('',*,*,#3120,.T.);
#4490=ORIENTED_EDGE('',*,*,#3117,.T.);
#4491=ORIENTED_EDGE('',*,*,#3114,.T.);
#4492=ORIENTED_EDGE('',*,*,#3111,.T.);
#4493=ORIENTED_EDGE('',*,*,#3108,.T.);
#4494=ORIENTED_EDGE('',*,*,#3105,.T.);
#4495=ORIENTED_EDGE('',*,*,#3102,.T.);
#4496=ORIENTED_EDGE('',*,*,#3099,.T.);
#4497=ORIENTED_EDGE('',*,*,#3386,.F.);
#4498=ORIENTED_EDGE('',*,*,#3187,.T.);
#4499=ORIENTED_EDGE('',*,*,#3191,.F.);
#4500=ORIENTED_EDGE('',*,*,#3194,.T.);
#4501=ORIENTED_EDGE('',*,*,#3197,.F.);
#4502=ORIENTED_EDGE('',*,*,#3200,.T.);
#4503=ORIENTED_EDGE('',*,*,#3203,.F.);
#4504=ORIENTED_EDGE('',*,*,#3206,.T.);
#4505=ORIENTED_EDGE('',*,*,#3209,.F.);
#4506=ORIENTED_EDGE('',*,*,#3212,.T.);
#4507=ORIENTED_EDGE('',*,*,#3215,.F.);
#4508=ORIENTED_EDGE('',*,*,#3218,.T.);
#4509=ORIENTED_EDGE('',*,*,#3221,.F.);
#4510=ORIENTED_EDGE('',*,*,#3224,.T.);
#4511=ORIENTED_EDGE('',*,*,#3227,.F.);
#4512=ORIENTED_EDGE('',*,*,#3230,.T.);
#4513=ORIENTED_EDGE('',*,*,#3233,.F.);
#4514=ORIENTED_EDGE('',*,*,#3236,.T.);
#4515=ORIENTED_EDGE('',*,*,#3239,.F.);
#4516=ORIENTED_EDGE('',*,*,#3242,.T.);
#4517=ORIENTED_EDGE('',*,*,#3245,.F.);
#4518=ORIENTED_EDGE('',*,*,#3248,.T.);
#4519=ORIENTED_EDGE('',*,*,#3251,.F.);
#4520=ORIENTED_EDGE('',*,*,#3254,.F.);
#4521=ORIENTED_EDGE('',*,*,#3257,.F.);
#4522=ORIENTED_EDGE('',*,*,#3260,.F.);
#4523=ORIENTED_EDGE('',*,*,#3263,.F.);
#4524=ORIENTED_EDGE('',*,*,#3266,.F.);
#4525=ORIENTED_EDGE('',*,*,#3269,.F.);
#4526=ORIENTED_EDGE('',*,*,#3272,.F.);
#4527=ORIENTED_EDGE('',*,*,#3275,.F.);
#4528=ORIENTED_EDGE('',*,*,#3278,.F.);
#4529=ORIENTED_EDGE('',*,*,#3281,.F.);
#4530=ORIENTED_EDGE('',*,*,#3284,.F.);
#4531=ORIENTED_EDGE('',*,*,#3287,.F.);
#4532=ORIENTED_EDGE('',*,*,#3290,.F.);
#4533=ORIENTED_EDGE('',*,*,#3293,.F.);
#4534=ORIENTED_EDGE('',*,*,#3296,.F.);
#4535=ORIENTED_EDGE('',*,*,#3299,.F.);
#4536=ORIENTED_EDGE('',*,*,#3302,.F.);
#4537=ORIENTED_EDGE('',*,*,#3305,.F.);
#4538=ORIENTED_EDGE('',*,*,#3308,.F.);
#4539=ORIENTED_EDGE('',*,*,#3311,.F.);
#4540=ORIENTED_EDGE('',*,*,#3314,.F.);
#4541=ORIENTED_EDGE('',*,*,#3317,.F.);
#4542=ORIENTED_EDGE('',*,*,#3320,.F.);
#4543=ORIENTED_EDGE('',*,*,#3323,.F.);
#4544=ORIENTED_EDGE('',*,*,#3326,.F.);
#4545=ORIENTED_EDGE('',*,*,#3329,.F.);
#4546=ORIENTED_EDGE('',*,*,#3332,.F.);
#4547=ORIENTED_EDGE('',*,*,#3335,.F.);
#4548=ORIENTED_EDGE('',*,*,#3338,.F.);
#4549=ORIENTED_EDGE('',*,*,#3341,.F.);
#4550=ORIENTED_EDGE('',*,*,#3344,.F.);
#4551=ORIENTED_EDGE('',*,*,#3347,.F.);
#4552=ORIENTED_EDGE('',*,*,#3350,.F.);
#4553=ORIENTED_EDGE('',*,*,#3353,.F.);
#4554=ORIENTED_EDGE('',*,*,#3356,.F.);
#4555=ORIENTED_EDGE('',*,*,#3359,.F.);
#4556=ORIENTED_EDGE('',*,*,#3362,.F.);
#4557=ORIENTED_EDGE('',*,*,#3365,.F.);
#4558=ORIENTED_EDGE('',*,*,#3368,.F.);
#4559=ORIENTED_EDGE('',*,*,#3371,.F.);
#4560=ORIENTED_EDGE('',*,*,#3374,.F.);
#4561=ORIENTED_EDGE('',*,*,#3377,.F.);
#4562=ORIENTED_EDGE('',*,*,#3380,.F.);
#4563=ORIENTED_EDGE('',*,*,#3383,.T.);
#4564=ORIENTED_EDGE('',*,*,#3185,.F.);
#4565=ORIENTED_EDGE('',*,*,#3175,.F.);
#4566=ORIENTED_EDGE('',*,*,#3179,.F.);
#4567=ORIENTED_EDGE('',*,*,#3182,.F.);
#4568=ORIENTED_EDGE('',*,*,#3173,.F.);
#4569=ORIENTED_EDGE('',*,*,#3097,.F.);
#4570=ORIENTED_EDGE('',*,*,#3101,.F.);
#4571=ORIENTED_EDGE('',*,*,#3104,.F.);
#4572=ORIENTED_EDGE('',*,*,#3107,.F.);
#4573=ORIENTED_EDGE('',*,*,#3110,.F.);
#4574=ORIENTED_EDGE('',*,*,#3113,.F.);
#4575=ORIENTED_EDGE('',*,*,#3116,.F.);
#4576=ORIENTED_EDGE('',*,*,#3119,.F.);
#4577=ORIENTED_EDGE('',*,*,#3122,.F.);
#4578=ORIENTED_EDGE('',*,*,#3125,.F.);
#4579=ORIENTED_EDGE('',*,*,#3128,.F.);
#4580=ORIENTED_EDGE('',*,*,#3131,.F.);
#4581=ORIENTED_EDGE('',*,*,#3134,.F.);
#4582=ORIENTED_EDGE('',*,*,#3137,.F.);
#4583=ORIENTED_EDGE('',*,*,#3140,.F.);
#4584=ORIENTED_EDGE('',*,*,#3143,.F.);
#4585=ORIENTED_EDGE('',*,*,#3146,.F.);
#4586=ORIENTED_EDGE('',*,*,#3149,.F.);
#4587=ORIENTED_EDGE('',*,*,#3152,.F.);
#4588=ORIENTED_EDGE('',*,*,#3155,.F.);
#4589=ORIENTED_EDGE('',*,*,#3158,.F.);
#4590=ORIENTED_EDGE('',*,*,#3161,.F.);
#4591=ORIENTED_EDGE('',*,*,#3164,.F.);
#4592=ORIENTED_EDGE('',*,*,#3167,.F.);
#4593=ORIENTED_EDGE('',*,*,#3170,.F.);
#4594=ORIENTED_EDGE('',*,*,#3388,.T.);
#4595=ORIENTED_EDGE('',*,*,#3389,.T.);
#4596=ORIENTED_EDGE('',*,*,#3390,.F.);
#4597=ORIENTED_EDGE('',*,*,#3391,.F.);
#4598=ORIENTED_EDGE('',*,*,#3392,.T.);
#4599=ORIENTED_EDGE('',*,*,#3391,.T.);
#4600=ORIENTED_EDGE('',*,*,#3393,.F.);
#4601=ORIENTED_EDGE('',*,*,#3394,.F.);
#4602=ORIENTED_EDGE('',*,*,#3395,.T.);
#4603=ORIENTED_EDGE('',*,*,#3394,.T.);
#4604=ORIENTED_EDGE('',*,*,#3396,.F.);
#4605=ORIENTED_EDGE('',*,*,#3397,.F.);
#4606=ORIENTED_EDGE('',*,*,#3398,.T.);
#4607=ORIENTED_EDGE('',*,*,#3397,.T.);
#4608=ORIENTED_EDGE('',*,*,#3399,.F.);
#4609=ORIENTED_EDGE('',*,*,#3400,.F.);
#4610=ORIENTED_EDGE('',*,*,#3401,.T.);
#4611=ORIENTED_EDGE('',*,*,#3400,.T.);
#4612=ORIENTED_EDGE('',*,*,#3402,.F.);
#4613=ORIENTED_EDGE('',*,*,#3403,.F.);
#4614=ORIENTED_EDGE('',*,*,#3404,.T.);
#4615=ORIENTED_EDGE('',*,*,#3403,.T.);
#4616=ORIENTED_EDGE('',*,*,#3405,.F.);
#4617=ORIENTED_EDGE('',*,*,#3406,.F.);
#4618=ORIENTED_EDGE('',*,*,#3407,.T.);
#4619=ORIENTED_EDGE('',*,*,#3406,.T.);
#4620=ORIENTED_EDGE('',*,*,#3408,.F.);
#4621=ORIENTED_EDGE('',*,*,#3409,.F.);
#4622=ORIENTED_EDGE('',*,*,#3410,.T.);
#4623=ORIENTED_EDGE('',*,*,#3409,.T.);
#4624=ORIENTED_EDGE('',*,*,#3411,.F.);
#4625=ORIENTED_EDGE('',*,*,#3412,.F.);
#4626=ORIENTED_EDGE('',*,*,#3413,.T.);
#4627=ORIENTED_EDGE('',*,*,#3412,.T.);
#4628=ORIENTED_EDGE('',*,*,#3414,.F.);
#4629=ORIENTED_EDGE('',*,*,#3415,.F.);
#4630=ORIENTED_EDGE('',*,*,#3416,.T.);
#4631=ORIENTED_EDGE('',*,*,#3415,.T.);
#4632=ORIENTED_EDGE('',*,*,#3417,.F.);
#4633=ORIENTED_EDGE('',*,*,#3418,.F.);
#4634=ORIENTED_EDGE('',*,*,#3419,.T.);
#4635=ORIENTED_EDGE('',*,*,#3418,.T.);
#4636=ORIENTED_EDGE('',*,*,#3420,.F.);
#4637=ORIENTED_EDGE('',*,*,#3421,.F.);
#4638=ORIENTED_EDGE('',*,*,#3422,.T.);
#4639=ORIENTED_EDGE('',*,*,#3421,.T.);
#4640=ORIENTED_EDGE('',*,*,#3423,.F.);
#4641=ORIENTED_EDGE('',*,*,#3424,.F.);
#4642=ORIENTED_EDGE('',*,*,#3425,.T.);
#4643=ORIENTED_EDGE('',*,*,#3424,.T.);
#4644=ORIENTED_EDGE('',*,*,#3426,.F.);
#4645=ORIENTED_EDGE('',*,*,#3427,.F.);
#4646=ORIENTED_EDGE('',*,*,#3428,.T.);
#4647=ORIENTED_EDGE('',*,*,#3427,.T.);
#4648=ORIENTED_EDGE('',*,*,#3429,.F.);
#4649=ORIENTED_EDGE('',*,*,#3430,.F.);
#4650=ORIENTED_EDGE('',*,*,#3431,.T.);
#4651=ORIENTED_EDGE('',*,*,#3430,.T.);
#4652=ORIENTED_EDGE('',*,*,#3432,.F.);
#4653=ORIENTED_EDGE('',*,*,#3433,.F.);
#4654=ORIENTED_EDGE('',*,*,#3434,.T.);
#4655=ORIENTED_EDGE('',*,*,#3433,.T.);
#4656=ORIENTED_EDGE('',*,*,#3435,.F.);
#4657=ORIENTED_EDGE('',*,*,#3436,.F.);
#4658=ORIENTED_EDGE('',*,*,#3437,.T.);
#4659=ORIENTED_EDGE('',*,*,#3436,.T.);
#4660=ORIENTED_EDGE('',*,*,#3438,.F.);
#4661=ORIENTED_EDGE('',*,*,#3439,.F.);
#4662=ORIENTED_EDGE('',*,*,#3440,.T.);
#4663=ORIENTED_EDGE('',*,*,#3439,.T.);
#4664=ORIENTED_EDGE('',*,*,#3441,.F.);
#4665=ORIENTED_EDGE('',*,*,#3389,.F.);
#4666=ORIENTED_EDGE('',*,*,#3441,.T.);
#4667=ORIENTED_EDGE('',*,*,#3438,.T.);
#4668=ORIENTED_EDGE('',*,*,#3435,.T.);
#4669=ORIENTED_EDGE('',*,*,#3432,.T.);
#4670=ORIENTED_EDGE('',*,*,#3429,.T.);
#4671=ORIENTED_EDGE('',*,*,#3426,.T.);
#4672=ORIENTED_EDGE('',*,*,#3423,.T.);
#4673=ORIENTED_EDGE('',*,*,#3420,.T.);
#4674=ORIENTED_EDGE('',*,*,#3417,.T.);
#4675=ORIENTED_EDGE('',*,*,#3414,.T.);
#4676=ORIENTED_EDGE('',*,*,#3411,.T.);
#4677=ORIENTED_EDGE('',*,*,#3408,.T.);
#4678=ORIENTED_EDGE('',*,*,#3405,.T.);
#4679=ORIENTED_EDGE('',*,*,#3402,.T.);
#4680=ORIENTED_EDGE('',*,*,#3399,.T.);
#4681=ORIENTED_EDGE('',*,*,#3396,.T.);
#4682=ORIENTED_EDGE('',*,*,#3393,.T.);
#4683=ORIENTED_EDGE('',*,*,#3390,.T.);
#4684=ORIENTED_EDGE('',*,*,#3440,.F.);
#4685=ORIENTED_EDGE('',*,*,#3388,.F.);
#4686=ORIENTED_EDGE('',*,*,#3392,.F.);
#4687=ORIENTED_EDGE('',*,*,#3395,.F.);
#4688=ORIENTED_EDGE('',*,*,#3398,.F.);
#4689=ORIENTED_EDGE('',*,*,#3401,.F.);
#4690=ORIENTED_EDGE('',*,*,#3404,.F.);
#4691=ORIENTED_EDGE('',*,*,#3407,.F.);
#4692=ORIENTED_EDGE('',*,*,#3410,.F.);
#4693=ORIENTED_EDGE('',*,*,#3413,.F.);
#4694=ORIENTED_EDGE('',*,*,#3416,.F.);
#4695=ORIENTED_EDGE('',*,*,#3419,.F.);
#4696=ORIENTED_EDGE('',*,*,#3422,.F.);
#4697=ORIENTED_EDGE('',*,*,#3425,.F.);
#4698=ORIENTED_EDGE('',*,*,#3428,.F.);
#4699=ORIENTED_EDGE('',*,*,#3431,.F.);
#4700=ORIENTED_EDGE('',*,*,#3434,.F.);
#4701=ORIENTED_EDGE('',*,*,#3437,.F.);
#4702=ORIENTED_EDGE('',*,*,#3442,.T.);
#4703=ORIENTED_EDGE('',*,*,#3443,.T.);
#4704=ORIENTED_EDGE('',*,*,#3444,.F.);
#4705=ORIENTED_EDGE('',*,*,#3445,.F.);
#4706=ORIENTED_EDGE('',*,*,#3446,.T.);
#4707=ORIENTED_EDGE('',*,*,#3445,.T.);
#4708=ORIENTED_EDGE('',*,*,#3447,.F.);
#4709=ORIENTED_EDGE('',*,*,#3448,.F.);
#4710=ORIENTED_EDGE('',*,*,#3449,.T.);
#4711=ORIENTED_EDGE('',*,*,#3448,.T.);
#4712=ORIENTED_EDGE('',*,*,#3450,.F.);
#4713=ORIENTED_EDGE('',*,*,#3451,.F.);
#4714=ORIENTED_EDGE('',*,*,#3452,.T.);
#4715=ORIENTED_EDGE('',*,*,#3451,.T.);
#4716=ORIENTED_EDGE('',*,*,#3453,.F.);
#4717=ORIENTED_EDGE('',*,*,#3454,.F.);
#4718=ORIENTED_EDGE('',*,*,#3455,.T.);
#4719=ORIENTED_EDGE('',*,*,#3454,.T.);
#4720=ORIENTED_EDGE('',*,*,#3456,.F.);
#4721=ORIENTED_EDGE('',*,*,#3457,.F.);
#4722=ORIENTED_EDGE('',*,*,#3458,.T.);
#4723=ORIENTED_EDGE('',*,*,#3457,.T.);
#4724=ORIENTED_EDGE('',*,*,#3459,.F.);
#4725=ORIENTED_EDGE('',*,*,#3460,.F.);
#4726=ORIENTED_EDGE('',*,*,#3461,.T.);
#4727=ORIENTED_EDGE('',*,*,#3460,.T.);
#4728=ORIENTED_EDGE('',*,*,#3462,.F.);
#4729=ORIENTED_EDGE('',*,*,#3463,.F.);
#4730=ORIENTED_EDGE('',*,*,#3464,.T.);
#4731=ORIENTED_EDGE('',*,*,#3463,.T.);
#4732=ORIENTED_EDGE('',*,*,#3465,.F.);
#4733=ORIENTED_EDGE('',*,*,#3466,.F.);
#4734=ORIENTED_EDGE('',*,*,#3467,.T.);
#4735=ORIENTED_EDGE('',*,*,#3466,.T.);
#4736=ORIENTED_EDGE('',*,*,#3468,.F.);
#4737=ORIENTED_EDGE('',*,*,#3469,.F.);
#4738=ORIENTED_EDGE('',*,*,#3470,.T.);
#4739=ORIENTED_EDGE('',*,*,#3469,.T.);
#4740=ORIENTED_EDGE('',*,*,#3471,.F.);
#4741=ORIENTED_EDGE('',*,*,#3472,.F.);
#4742=ORIENTED_EDGE('',*,*,#3473,.T.);
#4743=ORIENTED_EDGE('',*,*,#3472,.T.);
#4744=ORIENTED_EDGE('',*,*,#3474,.F.);
#4745=ORIENTED_EDGE('',*,*,#3475,.F.);
#4746=ORIENTED_EDGE('',*,*,#3476,.T.);
#4747=ORIENTED_EDGE('',*,*,#3475,.T.);
#4748=ORIENTED_EDGE('',*,*,#3477,.F.);
#4749=ORIENTED_EDGE('',*,*,#3478,.F.);
#4750=ORIENTED_EDGE('',*,*,#3479,.T.);
#4751=ORIENTED_EDGE('',*,*,#3478,.T.);
#4752=ORIENTED_EDGE('',*,*,#3480,.F.);
#4753=ORIENTED_EDGE('',*,*,#3481,.F.);
#4754=ORIENTED_EDGE('',*,*,#3482,.T.);
#4755=ORIENTED_EDGE('',*,*,#3481,.T.);
#4756=ORIENTED_EDGE('',*,*,#3483,.F.);
#4757=ORIENTED_EDGE('',*,*,#3484,.F.);
#4758=ORIENTED_EDGE('',*,*,#3485,.T.);
#4759=ORIENTED_EDGE('',*,*,#3484,.T.);
#4760=ORIENTED_EDGE('',*,*,#3486,.F.);
#4761=ORIENTED_EDGE('',*,*,#3487,.F.);
#4762=ORIENTED_EDGE('',*,*,#3488,.T.);
#4763=ORIENTED_EDGE('',*,*,#3487,.T.);
#4764=ORIENTED_EDGE('',*,*,#3489,.F.);
#4765=ORIENTED_EDGE('',*,*,#3490,.F.);
#4766=ORIENTED_EDGE('',*,*,#3491,.T.);
#4767=ORIENTED_EDGE('',*,*,#3490,.T.);
#4768=ORIENTED_EDGE('',*,*,#3492,.F.);
#4769=ORIENTED_EDGE('',*,*,#3493,.F.);
#4770=ORIENTED_EDGE('',*,*,#3494,.T.);
#4771=ORIENTED_EDGE('',*,*,#3493,.T.);
#4772=ORIENTED_EDGE('',*,*,#3495,.F.);
#4773=ORIENTED_EDGE('',*,*,#3443,.F.);
#4774=ORIENTED_EDGE('',*,*,#3496,.F.);
#4775=ORIENTED_EDGE('',*,*,#3497,.T.);
#4776=ORIENTED_EDGE('',*,*,#3498,.F.);
#4777=ORIENTED_EDGE('',*,*,#3499,.F.);
#4778=ORIENTED_EDGE('',*,*,#3500,.F.);
#4779=ORIENTED_EDGE('',*,*,#3499,.T.);
#4780=ORIENTED_EDGE('',*,*,#3501,.F.);
#4781=ORIENTED_EDGE('',*,*,#3502,.F.);
#4782=ORIENTED_EDGE('',*,*,#3503,.F.);
#4783=ORIENTED_EDGE('',*,*,#3502,.T.);
#4784=ORIENTED_EDGE('',*,*,#3504,.F.);
#4785=ORIENTED_EDGE('',*,*,#3505,.F.);
#4786=ORIENTED_EDGE('',*,*,#3506,.F.);
#4787=ORIENTED_EDGE('',*,*,#3505,.T.);
#4788=ORIENTED_EDGE('',*,*,#3507,.F.);
#4789=ORIENTED_EDGE('',*,*,#3508,.F.);
#4790=ORIENTED_EDGE('',*,*,#3509,.F.);
#4791=ORIENTED_EDGE('',*,*,#3508,.T.);
#4792=ORIENTED_EDGE('',*,*,#3510,.F.);
#4793=ORIENTED_EDGE('',*,*,#3511,.F.);
#4794=ORIENTED_EDGE('',*,*,#3512,.F.);
#4795=ORIENTED_EDGE('',*,*,#3511,.T.);
#4796=ORIENTED_EDGE('',*,*,#3513,.F.);
#4797=ORIENTED_EDGE('',*,*,#3514,.F.);
#4798=ORIENTED_EDGE('',*,*,#3515,.F.);
#4799=ORIENTED_EDGE('',*,*,#3514,.T.);
#4800=ORIENTED_EDGE('',*,*,#3516,.F.);
#4801=ORIENTED_EDGE('',*,*,#3517,.F.);
#4802=ORIENTED_EDGE('',*,*,#3518,.F.);
#4803=ORIENTED_EDGE('',*,*,#3517,.T.);
#4804=ORIENTED_EDGE('',*,*,#3519,.F.);
#4805=ORIENTED_EDGE('',*,*,#3520,.F.);
#4806=ORIENTED_EDGE('',*,*,#3521,.F.);
#4807=ORIENTED_EDGE('',*,*,#3520,.T.);
#4808=ORIENTED_EDGE('',*,*,#3522,.F.);
#4809=ORIENTED_EDGE('',*,*,#3523,.F.);
#4810=ORIENTED_EDGE('',*,*,#3524,.F.);
#4811=ORIENTED_EDGE('',*,*,#3523,.T.);
#4812=ORIENTED_EDGE('',*,*,#3525,.F.);
#4813=ORIENTED_EDGE('',*,*,#3526,.F.);
#4814=ORIENTED_EDGE('',*,*,#3527,.F.);
#4815=ORIENTED_EDGE('',*,*,#3526,.T.);
#4816=ORIENTED_EDGE('',*,*,#3528,.F.);
#4817=ORIENTED_EDGE('',*,*,#3529,.F.);
#4818=ORIENTED_EDGE('',*,*,#3530,.F.);
#4819=ORIENTED_EDGE('',*,*,#3529,.T.);
#4820=ORIENTED_EDGE('',*,*,#3531,.F.);
#4821=ORIENTED_EDGE('',*,*,#3532,.F.);
#4822=ORIENTED_EDGE('',*,*,#3533,.F.);
#4823=ORIENTED_EDGE('',*,*,#3532,.T.);
#4824=ORIENTED_EDGE('',*,*,#3534,.F.);
#4825=ORIENTED_EDGE('',*,*,#3535,.F.);
#4826=ORIENTED_EDGE('',*,*,#3536,.F.);
#4827=ORIENTED_EDGE('',*,*,#3535,.T.);
#4828=ORIENTED_EDGE('',*,*,#3537,.F.);
#4829=ORIENTED_EDGE('',*,*,#3538,.F.);
#4830=ORIENTED_EDGE('',*,*,#3539,.F.);
#4831=ORIENTED_EDGE('',*,*,#3538,.T.);
#4832=ORIENTED_EDGE('',*,*,#3540,.F.);
#4833=ORIENTED_EDGE('',*,*,#3541,.F.);
#4834=ORIENTED_EDGE('',*,*,#3542,.F.);
#4835=ORIENTED_EDGE('',*,*,#3541,.T.);
#4836=ORIENTED_EDGE('',*,*,#3543,.F.);
#4837=ORIENTED_EDGE('',*,*,#3544,.F.);
#4838=ORIENTED_EDGE('',*,*,#3545,.F.);
#4839=ORIENTED_EDGE('',*,*,#3544,.T.);
#4840=ORIENTED_EDGE('',*,*,#3546,.F.);
#4841=ORIENTED_EDGE('',*,*,#3547,.F.);
#4842=ORIENTED_EDGE('',*,*,#3548,.F.);
#4843=ORIENTED_EDGE('',*,*,#3547,.T.);
#4844=ORIENTED_EDGE('',*,*,#3549,.F.);
#4845=ORIENTED_EDGE('',*,*,#3550,.F.);
#4846=ORIENTED_EDGE('',*,*,#3551,.F.);
#4847=ORIENTED_EDGE('',*,*,#3550,.T.);
#4848=ORIENTED_EDGE('',*,*,#3552,.F.);
#4849=ORIENTED_EDGE('',*,*,#3553,.F.);
#4850=ORIENTED_EDGE('',*,*,#3554,.F.);
#4851=ORIENTED_EDGE('',*,*,#3553,.T.);
#4852=ORIENTED_EDGE('',*,*,#3555,.F.);
#4853=ORIENTED_EDGE('',*,*,#3556,.F.);
#4854=ORIENTED_EDGE('',*,*,#3557,.F.);
#4855=ORIENTED_EDGE('',*,*,#3556,.T.);
#4856=ORIENTED_EDGE('',*,*,#3558,.F.);
#4857=ORIENTED_EDGE('',*,*,#3559,.F.);
#4858=ORIENTED_EDGE('',*,*,#3560,.F.);
#4859=ORIENTED_EDGE('',*,*,#3559,.T.);
#4860=ORIENTED_EDGE('',*,*,#3561,.F.);
#4861=ORIENTED_EDGE('',*,*,#3562,.F.);
#4862=ORIENTED_EDGE('',*,*,#3563,.F.);
#4863=ORIENTED_EDGE('',*,*,#3562,.T.);
#4864=ORIENTED_EDGE('',*,*,#3564,.F.);
#4865=ORIENTED_EDGE('',*,*,#3565,.F.);
#4866=ORIENTED_EDGE('',*,*,#3566,.F.);
#4867=ORIENTED_EDGE('',*,*,#3565,.T.);
#4868=ORIENTED_EDGE('',*,*,#3567,.F.);
#4869=ORIENTED_EDGE('',*,*,#3568,.F.);
#4870=ORIENTED_EDGE('',*,*,#3569,.F.);
#4871=ORIENTED_EDGE('',*,*,#3568,.T.);
#4872=ORIENTED_EDGE('',*,*,#3570,.F.);
#4873=ORIENTED_EDGE('',*,*,#3571,.F.);
#4874=ORIENTED_EDGE('',*,*,#3572,.F.);
#4875=ORIENTED_EDGE('',*,*,#3571,.T.);
#4876=ORIENTED_EDGE('',*,*,#3573,.F.);
#4877=ORIENTED_EDGE('',*,*,#3574,.F.);
#4878=ORIENTED_EDGE('',*,*,#3575,.F.);
#4879=ORIENTED_EDGE('',*,*,#3574,.T.);
#4880=ORIENTED_EDGE('',*,*,#3576,.F.);
#4881=ORIENTED_EDGE('',*,*,#3577,.F.);
#4882=ORIENTED_EDGE('',*,*,#3578,.F.);
#4883=ORIENTED_EDGE('',*,*,#3577,.T.);
#4884=ORIENTED_EDGE('',*,*,#3579,.F.);
#4885=ORIENTED_EDGE('',*,*,#3580,.F.);
#4886=ORIENTED_EDGE('',*,*,#3581,.F.);
#4887=ORIENTED_EDGE('',*,*,#3580,.T.);
#4888=ORIENTED_EDGE('',*,*,#3582,.F.);
#4889=ORIENTED_EDGE('',*,*,#3583,.F.);
#4890=ORIENTED_EDGE('',*,*,#3584,.F.);
#4891=ORIENTED_EDGE('',*,*,#3583,.T.);
#4892=ORIENTED_EDGE('',*,*,#3585,.F.);
#4893=ORIENTED_EDGE('',*,*,#3586,.F.);
#4894=ORIENTED_EDGE('',*,*,#3587,.F.);
#4895=ORIENTED_EDGE('',*,*,#3586,.T.);
#4896=ORIENTED_EDGE('',*,*,#3588,.F.);
#4897=ORIENTED_EDGE('',*,*,#3589,.F.);
#4898=ORIENTED_EDGE('',*,*,#3590,.F.);
#4899=ORIENTED_EDGE('',*,*,#3589,.T.);
#4900=ORIENTED_EDGE('',*,*,#3591,.F.);
#4901=ORIENTED_EDGE('',*,*,#3592,.F.);
#4902=ORIENTED_EDGE('',*,*,#3593,.F.);
#4903=ORIENTED_EDGE('',*,*,#3592,.T.);
#4904=ORIENTED_EDGE('',*,*,#3594,.F.);
#4905=ORIENTED_EDGE('',*,*,#3595,.F.);
#4906=ORIENTED_EDGE('',*,*,#3596,.F.);
#4907=ORIENTED_EDGE('',*,*,#3595,.T.);
#4908=ORIENTED_EDGE('',*,*,#3597,.F.);
#4909=ORIENTED_EDGE('',*,*,#3598,.F.);
#4910=ORIENTED_EDGE('',*,*,#3599,.F.);
#4911=ORIENTED_EDGE('',*,*,#3598,.T.);
#4912=ORIENTED_EDGE('',*,*,#3600,.F.);
#4913=ORIENTED_EDGE('',*,*,#3601,.F.);
#4914=ORIENTED_EDGE('',*,*,#3602,.F.);
#4915=ORIENTED_EDGE('',*,*,#3601,.T.);
#4916=ORIENTED_EDGE('',*,*,#3603,.F.);
#4917=ORIENTED_EDGE('',*,*,#3604,.F.);
#4918=ORIENTED_EDGE('',*,*,#3605,.F.);
#4919=ORIENTED_EDGE('',*,*,#3604,.T.);
#4920=ORIENTED_EDGE('',*,*,#3606,.F.);
#4921=ORIENTED_EDGE('',*,*,#3607,.F.);
#4922=ORIENTED_EDGE('',*,*,#3608,.F.);
#4923=ORIENTED_EDGE('',*,*,#3607,.T.);
#4924=ORIENTED_EDGE('',*,*,#3609,.F.);
#4925=ORIENTED_EDGE('',*,*,#3610,.F.);
#4926=ORIENTED_EDGE('',*,*,#3611,.F.);
#4927=ORIENTED_EDGE('',*,*,#3610,.T.);
#4928=ORIENTED_EDGE('',*,*,#3612,.F.);
#4929=ORIENTED_EDGE('',*,*,#3613,.F.);
#4930=ORIENTED_EDGE('',*,*,#3614,.F.);
#4931=ORIENTED_EDGE('',*,*,#3613,.T.);
#4932=ORIENTED_EDGE('',*,*,#3615,.F.);
#4933=ORIENTED_EDGE('',*,*,#3616,.F.);
#4934=ORIENTED_EDGE('',*,*,#3617,.F.);
#4935=ORIENTED_EDGE('',*,*,#3616,.T.);
#4936=ORIENTED_EDGE('',*,*,#3618,.F.);
#4937=ORIENTED_EDGE('',*,*,#3619,.F.);
#4938=ORIENTED_EDGE('',*,*,#3620,.F.);
#4939=ORIENTED_EDGE('',*,*,#3619,.T.);
#4940=ORIENTED_EDGE('',*,*,#3621,.F.);
#4941=ORIENTED_EDGE('',*,*,#3622,.F.);
#4942=ORIENTED_EDGE('',*,*,#3623,.F.);
#4943=ORIENTED_EDGE('',*,*,#3622,.T.);
#4944=ORIENTED_EDGE('',*,*,#3624,.F.);
#4945=ORIENTED_EDGE('',*,*,#3625,.F.);
#4946=ORIENTED_EDGE('',*,*,#3626,.F.);
#4947=ORIENTED_EDGE('',*,*,#3625,.T.);
#4948=ORIENTED_EDGE('',*,*,#3627,.F.);
#4949=ORIENTED_EDGE('',*,*,#3628,.F.);
#4950=ORIENTED_EDGE('',*,*,#3629,.F.);
#4951=ORIENTED_EDGE('',*,*,#3628,.T.);
#4952=ORIENTED_EDGE('',*,*,#3630,.F.);
#4953=ORIENTED_EDGE('',*,*,#3631,.F.);
#4954=ORIENTED_EDGE('',*,*,#3632,.F.);
#4955=ORIENTED_EDGE('',*,*,#3631,.T.);
#4956=ORIENTED_EDGE('',*,*,#3633,.F.);
#4957=ORIENTED_EDGE('',*,*,#3634,.F.);
#4958=ORIENTED_EDGE('',*,*,#3635,.F.);
#4959=ORIENTED_EDGE('',*,*,#3634,.T.);
#4960=ORIENTED_EDGE('',*,*,#3636,.F.);
#4961=ORIENTED_EDGE('',*,*,#3637,.F.);
#4962=ORIENTED_EDGE('',*,*,#3638,.F.);
#4963=ORIENTED_EDGE('',*,*,#3637,.T.);
#4964=ORIENTED_EDGE('',*,*,#3639,.F.);
#4965=ORIENTED_EDGE('',*,*,#3640,.F.);
#4966=ORIENTED_EDGE('',*,*,#3641,.F.);
#4967=ORIENTED_EDGE('',*,*,#3640,.T.);
#4968=ORIENTED_EDGE('',*,*,#3642,.F.);
#4969=ORIENTED_EDGE('',*,*,#3643,.F.);
#4970=ORIENTED_EDGE('',*,*,#3644,.F.);
#4971=ORIENTED_EDGE('',*,*,#3643,.T.);
#4972=ORIENTED_EDGE('',*,*,#3645,.F.);
#4973=ORIENTED_EDGE('',*,*,#3646,.F.);
#4974=ORIENTED_EDGE('',*,*,#3647,.F.);
#4975=ORIENTED_EDGE('',*,*,#3646,.T.);
#4976=ORIENTED_EDGE('',*,*,#3648,.F.);
#4977=ORIENTED_EDGE('',*,*,#3649,.F.);
#4978=ORIENTED_EDGE('',*,*,#3650,.F.);
#4979=ORIENTED_EDGE('',*,*,#3649,.T.);
#4980=ORIENTED_EDGE('',*,*,#3651,.F.);
#4981=ORIENTED_EDGE('',*,*,#3652,.F.);
#4982=ORIENTED_EDGE('',*,*,#3653,.F.);
#4983=ORIENTED_EDGE('',*,*,#3652,.T.);
#4984=ORIENTED_EDGE('',*,*,#3654,.F.);
#4985=ORIENTED_EDGE('',*,*,#3655,.F.);
#4986=ORIENTED_EDGE('',*,*,#3656,.F.);
#4987=ORIENTED_EDGE('',*,*,#3655,.T.);
#4988=ORIENTED_EDGE('',*,*,#3657,.F.);
#4989=ORIENTED_EDGE('',*,*,#3658,.F.);
#4990=ORIENTED_EDGE('',*,*,#3659,.F.);
#4991=ORIENTED_EDGE('',*,*,#3658,.T.);
#4992=ORIENTED_EDGE('',*,*,#3660,.F.);
#4993=ORIENTED_EDGE('',*,*,#3661,.F.);
#4994=ORIENTED_EDGE('',*,*,#3662,.F.);
#4995=ORIENTED_EDGE('',*,*,#3661,.T.);
#4996=ORIENTED_EDGE('',*,*,#3663,.F.);
#4997=ORIENTED_EDGE('',*,*,#3664,.F.);
#4998=ORIENTED_EDGE('',*,*,#3665,.F.);
#4999=ORIENTED_EDGE('',*,*,#3664,.T.);
#5000=ORIENTED_EDGE('',*,*,#3666,.F.);
#5001=ORIENTED_EDGE('',*,*,#3667,.F.);
#5002=ORIENTED_EDGE('',*,*,#3668,.F.);
#5003=ORIENTED_EDGE('',*,*,#3667,.T.);
#5004=ORIENTED_EDGE('',*,*,#3669,.F.);
#5005=ORIENTED_EDGE('',*,*,#3670,.F.);
#5006=ORIENTED_EDGE('',*,*,#3671,.F.);
#5007=ORIENTED_EDGE('',*,*,#3670,.T.);
#5008=ORIENTED_EDGE('',*,*,#3672,.F.);
#5009=ORIENTED_EDGE('',*,*,#3673,.F.);
#5010=ORIENTED_EDGE('',*,*,#3674,.F.);
#5011=ORIENTED_EDGE('',*,*,#3673,.T.);
#5012=ORIENTED_EDGE('',*,*,#3675,.F.);
#5013=ORIENTED_EDGE('',*,*,#3676,.F.);
#5014=ORIENTED_EDGE('',*,*,#3677,.F.);
#5015=ORIENTED_EDGE('',*,*,#3676,.T.);
#5016=ORIENTED_EDGE('',*,*,#3678,.F.);
#5017=ORIENTED_EDGE('',*,*,#3679,.F.);
#5018=ORIENTED_EDGE('',*,*,#3680,.F.);
#5019=ORIENTED_EDGE('',*,*,#3679,.T.);
#5020=ORIENTED_EDGE('',*,*,#3681,.F.);
#5021=ORIENTED_EDGE('',*,*,#3682,.F.);
#5022=ORIENTED_EDGE('',*,*,#3683,.F.);
#5023=ORIENTED_EDGE('',*,*,#3682,.T.);
#5024=ORIENTED_EDGE('',*,*,#3684,.F.);
#5025=ORIENTED_EDGE('',*,*,#3685,.F.);
#5026=ORIENTED_EDGE('',*,*,#3686,.F.);
#5027=ORIENTED_EDGE('',*,*,#3685,.T.);
#5028=ORIENTED_EDGE('',*,*,#3687,.F.);
#5029=ORIENTED_EDGE('',*,*,#3688,.F.);
#5030=ORIENTED_EDGE('',*,*,#3689,.F.);
#5031=ORIENTED_EDGE('',*,*,#3688,.T.);
#5032=ORIENTED_EDGE('',*,*,#3690,.F.);
#5033=ORIENTED_EDGE('',*,*,#3691,.F.);
#5034=ORIENTED_EDGE('',*,*,#3692,.F.);
#5035=ORIENTED_EDGE('',*,*,#3691,.T.);
#5036=ORIENTED_EDGE('',*,*,#3693,.F.);
#5037=ORIENTED_EDGE('',*,*,#3694,.F.);
#5038=ORIENTED_EDGE('',*,*,#3695,.F.);
#5039=ORIENTED_EDGE('',*,*,#3694,.T.);
#5040=ORIENTED_EDGE('',*,*,#3696,.F.);
#5041=ORIENTED_EDGE('',*,*,#3697,.F.);
#5042=ORIENTED_EDGE('',*,*,#3698,.F.);
#5043=ORIENTED_EDGE('',*,*,#3697,.T.);
#5044=ORIENTED_EDGE('',*,*,#3699,.F.);
#5045=ORIENTED_EDGE('',*,*,#3700,.F.);
#5046=ORIENTED_EDGE('',*,*,#3701,.F.);
#5047=ORIENTED_EDGE('',*,*,#3700,.T.);
#5048=ORIENTED_EDGE('',*,*,#3702,.F.);
#5049=ORIENTED_EDGE('',*,*,#3703,.F.);
#5050=ORIENTED_EDGE('',*,*,#3704,.F.);
#5051=ORIENTED_EDGE('',*,*,#3703,.T.);
#5052=ORIENTED_EDGE('',*,*,#3705,.F.);
#5053=ORIENTED_EDGE('',*,*,#3706,.F.);
#5054=ORIENTED_EDGE('',*,*,#3707,.F.);
#5055=ORIENTED_EDGE('',*,*,#3706,.T.);
#5056=ORIENTED_EDGE('',*,*,#3708,.F.);
#5057=ORIENTED_EDGE('',*,*,#3709,.F.);
#5058=ORIENTED_EDGE('',*,*,#3710,.F.);
#5059=ORIENTED_EDGE('',*,*,#3709,.T.);
#5060=ORIENTED_EDGE('',*,*,#3711,.F.);
#5061=ORIENTED_EDGE('',*,*,#3712,.F.);
#5062=ORIENTED_EDGE('',*,*,#3713,.F.);
#5063=ORIENTED_EDGE('',*,*,#3712,.T.);
#5064=ORIENTED_EDGE('',*,*,#3714,.F.);
#5065=ORIENTED_EDGE('',*,*,#3715,.F.);
#5066=ORIENTED_EDGE('',*,*,#3716,.F.);
#5067=ORIENTED_EDGE('',*,*,#3715,.T.);
#5068=ORIENTED_EDGE('',*,*,#3717,.F.);
#5069=ORIENTED_EDGE('',*,*,#3718,.F.);
#5070=ORIENTED_EDGE('',*,*,#3719,.F.);
#5071=ORIENTED_EDGE('',*,*,#3718,.T.);
#5072=ORIENTED_EDGE('',*,*,#3720,.F.);
#5073=ORIENTED_EDGE('',*,*,#3721,.F.);
#5074=ORIENTED_EDGE('',*,*,#3722,.F.);
#5075=ORIENTED_EDGE('',*,*,#3721,.T.);
#5076=ORIENTED_EDGE('',*,*,#3723,.F.);
#5077=ORIENTED_EDGE('',*,*,#3724,.F.);
#5078=ORIENTED_EDGE('',*,*,#3725,.F.);
#5079=ORIENTED_EDGE('',*,*,#3724,.T.);
#5080=ORIENTED_EDGE('',*,*,#3726,.F.);
#5081=ORIENTED_EDGE('',*,*,#3727,.F.);
#5082=ORIENTED_EDGE('',*,*,#3728,.F.);
#5083=ORIENTED_EDGE('',*,*,#3727,.T.);
#5084=ORIENTED_EDGE('',*,*,#3729,.F.);
#5085=ORIENTED_EDGE('',*,*,#3730,.F.);
#5086=ORIENTED_EDGE('',*,*,#3731,.F.);
#5087=ORIENTED_EDGE('',*,*,#3730,.T.);
#5088=ORIENTED_EDGE('',*,*,#3732,.F.);
#5089=ORIENTED_EDGE('',*,*,#3733,.F.);
#5090=ORIENTED_EDGE('',*,*,#3734,.F.);
#5091=ORIENTED_EDGE('',*,*,#3733,.T.);
#5092=ORIENTED_EDGE('',*,*,#3735,.F.);
#5093=ORIENTED_EDGE('',*,*,#3736,.F.);
#5094=ORIENTED_EDGE('',*,*,#3737,.F.);
#5095=ORIENTED_EDGE('',*,*,#3736,.T.);
#5096=ORIENTED_EDGE('',*,*,#3738,.F.);
#5097=ORIENTED_EDGE('',*,*,#3739,.F.);
#5098=ORIENTED_EDGE('',*,*,#3740,.F.);
#5099=ORIENTED_EDGE('',*,*,#3739,.T.);
#5100=ORIENTED_EDGE('',*,*,#3741,.F.);
#5101=ORIENTED_EDGE('',*,*,#3742,.F.);
#5102=ORIENTED_EDGE('',*,*,#3743,.F.);
#5103=ORIENTED_EDGE('',*,*,#3742,.T.);
#5104=ORIENTED_EDGE('',*,*,#3744,.F.);
#5105=ORIENTED_EDGE('',*,*,#3745,.F.);
#5106=ORIENTED_EDGE('',*,*,#3746,.F.);
#5107=ORIENTED_EDGE('',*,*,#3745,.T.);
#5108=ORIENTED_EDGE('',*,*,#3747,.F.);
#5109=ORIENTED_EDGE('',*,*,#3748,.F.);
#5110=ORIENTED_EDGE('',*,*,#3749,.F.);
#5111=ORIENTED_EDGE('',*,*,#3748,.T.);
#5112=ORIENTED_EDGE('',*,*,#3750,.F.);
#5113=ORIENTED_EDGE('',*,*,#3751,.F.);
#5114=ORIENTED_EDGE('',*,*,#3752,.F.);
#5115=ORIENTED_EDGE('',*,*,#3751,.T.);
#5116=ORIENTED_EDGE('',*,*,#3753,.F.);
#5117=ORIENTED_EDGE('',*,*,#3754,.F.);
#5118=ORIENTED_EDGE('',*,*,#3755,.F.);
#5119=ORIENTED_EDGE('',*,*,#3754,.T.);
#5120=ORIENTED_EDGE('',*,*,#3756,.F.);
#5121=ORIENTED_EDGE('',*,*,#3757,.F.);
#5122=ORIENTED_EDGE('',*,*,#3758,.F.);
#5123=ORIENTED_EDGE('',*,*,#3757,.T.);
#5124=ORIENTED_EDGE('',*,*,#3759,.F.);
#5125=ORIENTED_EDGE('',*,*,#3760,.F.);
#5126=ORIENTED_EDGE('',*,*,#3761,.F.);
#5127=ORIENTED_EDGE('',*,*,#3760,.T.);
#5128=ORIENTED_EDGE('',*,*,#3762,.F.);
#5129=ORIENTED_EDGE('',*,*,#3763,.F.);
#5130=ORIENTED_EDGE('',*,*,#3764,.F.);
#5131=ORIENTED_EDGE('',*,*,#3763,.T.);
#5132=ORIENTED_EDGE('',*,*,#3765,.F.);
#5133=ORIENTED_EDGE('',*,*,#3766,.F.);
#5134=ORIENTED_EDGE('',*,*,#3767,.F.);
#5135=ORIENTED_EDGE('',*,*,#3766,.T.);
#5136=ORIENTED_EDGE('',*,*,#3768,.F.);
#5137=ORIENTED_EDGE('',*,*,#3769,.F.);
#5138=ORIENTED_EDGE('',*,*,#3770,.F.);
#5139=ORIENTED_EDGE('',*,*,#3769,.T.);
#5140=ORIENTED_EDGE('',*,*,#3771,.F.);
#5141=ORIENTED_EDGE('',*,*,#3772,.F.);
#5142=ORIENTED_EDGE('',*,*,#3773,.F.);
#5143=ORIENTED_EDGE('',*,*,#3772,.T.);
#5144=ORIENTED_EDGE('',*,*,#3774,.F.);
#5145=ORIENTED_EDGE('',*,*,#3775,.F.);
#5146=ORIENTED_EDGE('',*,*,#3776,.F.);
#5147=ORIENTED_EDGE('',*,*,#3775,.T.);
#5148=ORIENTED_EDGE('',*,*,#3777,.F.);
#5149=ORIENTED_EDGE('',*,*,#3778,.F.);
#5150=ORIENTED_EDGE('',*,*,#3779,.F.);
#5151=ORIENTED_EDGE('',*,*,#3778,.T.);
#5152=ORIENTED_EDGE('',*,*,#3780,.F.);
#5153=ORIENTED_EDGE('',*,*,#3781,.F.);
#5154=ORIENTED_EDGE('',*,*,#3782,.F.);
#5155=ORIENTED_EDGE('',*,*,#3781,.T.);
#5156=ORIENTED_EDGE('',*,*,#3783,.F.);
#5157=ORIENTED_EDGE('',*,*,#3784,.F.);
#5158=ORIENTED_EDGE('',*,*,#3785,.F.);
#5159=ORIENTED_EDGE('',*,*,#3784,.T.);
#5160=ORIENTED_EDGE('',*,*,#3786,.F.);
#5161=ORIENTED_EDGE('',*,*,#3787,.F.);
#5162=ORIENTED_EDGE('',*,*,#3788,.F.);
#5163=ORIENTED_EDGE('',*,*,#3787,.T.);
#5164=ORIENTED_EDGE('',*,*,#3789,.F.);
#5165=ORIENTED_EDGE('',*,*,#3790,.F.);
#5166=ORIENTED_EDGE('',*,*,#3791,.F.);
#5167=ORIENTED_EDGE('',*,*,#3790,.T.);
#5168=ORIENTED_EDGE('',*,*,#3792,.F.);
#5169=ORIENTED_EDGE('',*,*,#3793,.F.);
#5170=ORIENTED_EDGE('',*,*,#3794,.F.);
#5171=ORIENTED_EDGE('',*,*,#3793,.T.);
#5172=ORIENTED_EDGE('',*,*,#3795,.F.);
#5173=ORIENTED_EDGE('',*,*,#3796,.F.);
#5174=ORIENTED_EDGE('',*,*,#3797,.F.);
#5175=ORIENTED_EDGE('',*,*,#3796,.T.);
#5176=ORIENTED_EDGE('',*,*,#3798,.F.);
#5177=ORIENTED_EDGE('',*,*,#3799,.F.);
#5178=ORIENTED_EDGE('',*,*,#3800,.F.);
#5179=ORIENTED_EDGE('',*,*,#3799,.T.);
#5180=ORIENTED_EDGE('',*,*,#3801,.F.);
#5181=ORIENTED_EDGE('',*,*,#3802,.F.);
#5182=ORIENTED_EDGE('',*,*,#3803,.F.);
#5183=ORIENTED_EDGE('',*,*,#3802,.T.);
#5184=ORIENTED_EDGE('',*,*,#3804,.F.);
#5185=ORIENTED_EDGE('',*,*,#3805,.F.);
#5186=ORIENTED_EDGE('',*,*,#3806,.F.);
#5187=ORIENTED_EDGE('',*,*,#3805,.T.);
#5188=ORIENTED_EDGE('',*,*,#3807,.F.);
#5189=ORIENTED_EDGE('',*,*,#3808,.F.);
#5190=ORIENTED_EDGE('',*,*,#3809,.F.);
#5191=ORIENTED_EDGE('',*,*,#3808,.T.);
#5192=ORIENTED_EDGE('',*,*,#3810,.F.);
#5193=ORIENTED_EDGE('',*,*,#3811,.F.);
#5194=ORIENTED_EDGE('',*,*,#3812,.F.);
#5195=ORIENTED_EDGE('',*,*,#3811,.T.);
#5196=ORIENTED_EDGE('',*,*,#3813,.F.);
#5197=ORIENTED_EDGE('',*,*,#3814,.F.);
#5198=ORIENTED_EDGE('',*,*,#3815,.F.);
#5199=ORIENTED_EDGE('',*,*,#3814,.T.);
#5200=ORIENTED_EDGE('',*,*,#3816,.F.);
#5201=ORIENTED_EDGE('',*,*,#3817,.F.);
#5202=ORIENTED_EDGE('',*,*,#3818,.F.);
#5203=ORIENTED_EDGE('',*,*,#3817,.T.);
#5204=ORIENTED_EDGE('',*,*,#3819,.F.);
#5205=ORIENTED_EDGE('',*,*,#3820,.F.);
#5206=ORIENTED_EDGE('',*,*,#3821,.F.);
#5207=ORIENTED_EDGE('',*,*,#3820,.T.);
#5208=ORIENTED_EDGE('',*,*,#3822,.F.);
#5209=ORIENTED_EDGE('',*,*,#3823,.F.);
#5210=ORIENTED_EDGE('',*,*,#3824,.F.);
#5211=ORIENTED_EDGE('',*,*,#3823,.T.);
#5212=ORIENTED_EDGE('',*,*,#3825,.F.);
#5213=ORIENTED_EDGE('',*,*,#3826,.F.);
#5214=ORIENTED_EDGE('',*,*,#3827,.F.);
#5215=ORIENTED_EDGE('',*,*,#3826,.T.);
#5216=ORIENTED_EDGE('',*,*,#3828,.F.);
#5217=ORIENTED_EDGE('',*,*,#3829,.F.);
#5218=ORIENTED_EDGE('',*,*,#3830,.F.);
#5219=ORIENTED_EDGE('',*,*,#3829,.T.);
#5220=ORIENTED_EDGE('',*,*,#3831,.F.);
#5221=ORIENTED_EDGE('',*,*,#3832,.F.);
#5222=ORIENTED_EDGE('',*,*,#3833,.F.);
#5223=ORIENTED_EDGE('',*,*,#3832,.T.);
#5224=ORIENTED_EDGE('',*,*,#3834,.F.);
#5225=ORIENTED_EDGE('',*,*,#3835,.F.);
#5226=ORIENTED_EDGE('',*,*,#3836,.F.);
#5227=ORIENTED_EDGE('',*,*,#3835,.T.);
#5228=ORIENTED_EDGE('',*,*,#3837,.F.);
#5229=ORIENTED_EDGE('',*,*,#3838,.F.);
#5230=ORIENTED_EDGE('',*,*,#3839,.F.);
#5231=ORIENTED_EDGE('',*,*,#3838,.T.);
#5232=ORIENTED_EDGE('',*,*,#3840,.F.);
#5233=ORIENTED_EDGE('',*,*,#3841,.F.);
#5234=ORIENTED_EDGE('',*,*,#3842,.F.);
#5235=ORIENTED_EDGE('',*,*,#3841,.T.);
#5236=ORIENTED_EDGE('',*,*,#3843,.F.);
#5237=ORIENTED_EDGE('',*,*,#3844,.F.);
#5238=ORIENTED_EDGE('',*,*,#3845,.F.);
#5239=ORIENTED_EDGE('',*,*,#3844,.T.);
#5240=ORIENTED_EDGE('',*,*,#3846,.F.);
#5241=ORIENTED_EDGE('',*,*,#3847,.F.);
#5242=ORIENTED_EDGE('',*,*,#3848,.F.);
#5243=ORIENTED_EDGE('',*,*,#3847,.T.);
#5244=ORIENTED_EDGE('',*,*,#3849,.F.);
#5245=ORIENTED_EDGE('',*,*,#3850,.F.);
#5246=ORIENTED_EDGE('',*,*,#3851,.F.);
#5247=ORIENTED_EDGE('',*,*,#3850,.T.);
#5248=ORIENTED_EDGE('',*,*,#3852,.F.);
#5249=ORIENTED_EDGE('',*,*,#3853,.F.);
#5250=ORIENTED_EDGE('',*,*,#3854,.F.);
#5251=ORIENTED_EDGE('',*,*,#3853,.T.);
#5252=ORIENTED_EDGE('',*,*,#3855,.F.);
#5253=ORIENTED_EDGE('',*,*,#3856,.F.);
#5254=ORIENTED_EDGE('',*,*,#3857,.F.);
#5255=ORIENTED_EDGE('',*,*,#3856,.T.);
#5256=ORIENTED_EDGE('',*,*,#3858,.F.);
#5257=ORIENTED_EDGE('',*,*,#3859,.F.);
#5258=ORIENTED_EDGE('',*,*,#3860,.F.);
#5259=ORIENTED_EDGE('',*,*,#3859,.T.);
#5260=ORIENTED_EDGE('',*,*,#3861,.F.);
#5261=ORIENTED_EDGE('',*,*,#3862,.F.);
#5262=ORIENTED_EDGE('',*,*,#3863,.F.);
#5263=ORIENTED_EDGE('',*,*,#3862,.T.);
#5264=ORIENTED_EDGE('',*,*,#3864,.F.);
#5265=ORIENTED_EDGE('',*,*,#3865,.F.);
#5266=ORIENTED_EDGE('',*,*,#3866,.F.);
#5267=ORIENTED_EDGE('',*,*,#3865,.T.);
#5268=ORIENTED_EDGE('',*,*,#3867,.F.);
#5269=ORIENTED_EDGE('',*,*,#3868,.F.);
#5270=ORIENTED_EDGE('',*,*,#3869,.F.);
#5271=ORIENTED_EDGE('',*,*,#3868,.T.);
#5272=ORIENTED_EDGE('',*,*,#3870,.F.);
#5273=ORIENTED_EDGE('',*,*,#3871,.F.);
#5274=ORIENTED_EDGE('',*,*,#3872,.F.);
#5275=ORIENTED_EDGE('',*,*,#3871,.T.);
#5276=ORIENTED_EDGE('',*,*,#3873,.F.);
#5277=ORIENTED_EDGE('',*,*,#3874,.F.);
#5278=ORIENTED_EDGE('',*,*,#3875,.F.);
#5279=ORIENTED_EDGE('',*,*,#3874,.T.);
#5280=ORIENTED_EDGE('',*,*,#3876,.F.);
#5281=ORIENTED_EDGE('',*,*,#3877,.F.);
#5282=ORIENTED_EDGE('',*,*,#3878,.F.);
#5283=ORIENTED_EDGE('',*,*,#3877,.T.);
#5284=ORIENTED_EDGE('',*,*,#3879,.F.);
#5285=ORIENTED_EDGE('',*,*,#3880,.F.);
#5286=ORIENTED_EDGE('',*,*,#3881,.F.);
#5287=ORIENTED_EDGE('',*,*,#3880,.T.);
#5288=ORIENTED_EDGE('',*,*,#3882,.F.);
#5289=ORIENTED_EDGE('',*,*,#3883,.F.);
#5290=ORIENTED_EDGE('',*,*,#3884,.F.);
#5291=ORIENTED_EDGE('',*,*,#3883,.T.);
#5292=ORIENTED_EDGE('',*,*,#3885,.F.);
#5293=ORIENTED_EDGE('',*,*,#3886,.F.);
#5294=ORIENTED_EDGE('',*,*,#3887,.F.);
#5295=ORIENTED_EDGE('',*,*,#3886,.T.);
#5296=ORIENTED_EDGE('',*,*,#3888,.F.);
#5297=ORIENTED_EDGE('',*,*,#3889,.F.);
#5298=ORIENTED_EDGE('',*,*,#3890,.F.);
#5299=ORIENTED_EDGE('',*,*,#3889,.T.);
#5300=ORIENTED_EDGE('',*,*,#3891,.F.);
#5301=ORIENTED_EDGE('',*,*,#3892,.F.);
#5302=ORIENTED_EDGE('',*,*,#3893,.F.);
#5303=ORIENTED_EDGE('',*,*,#3892,.T.);
#5304=ORIENTED_EDGE('',*,*,#3894,.F.);
#5305=ORIENTED_EDGE('',*,*,#3895,.F.);
#5306=ORIENTED_EDGE('',*,*,#3896,.F.);
#5307=ORIENTED_EDGE('',*,*,#3895,.T.);
#5308=ORIENTED_EDGE('',*,*,#3897,.F.);
#5309=ORIENTED_EDGE('',*,*,#3898,.F.);
#5310=ORIENTED_EDGE('',*,*,#3899,.F.);
#5311=ORIENTED_EDGE('',*,*,#3898,.T.);
#5312=ORIENTED_EDGE('',*,*,#3900,.F.);
#5313=ORIENTED_EDGE('',*,*,#3901,.F.);
#5314=ORIENTED_EDGE('',*,*,#3902,.F.);
#5315=ORIENTED_EDGE('',*,*,#3901,.T.);
#5316=ORIENTED_EDGE('',*,*,#3903,.F.);
#5317=ORIENTED_EDGE('',*,*,#3904,.F.);
#5318=ORIENTED_EDGE('',*,*,#3905,.F.);
#5319=ORIENTED_EDGE('',*,*,#3904,.T.);
#5320=ORIENTED_EDGE('',*,*,#3906,.F.);
#5321=ORIENTED_EDGE('',*,*,#3907,.F.);
#5322=ORIENTED_EDGE('',*,*,#3908,.F.);
#5323=ORIENTED_EDGE('',*,*,#3907,.T.);
#5324=ORIENTED_EDGE('',*,*,#3909,.F.);
#5325=ORIENTED_EDGE('',*,*,#3910,.F.);
#5326=ORIENTED_EDGE('',*,*,#3911,.F.);
#5327=ORIENTED_EDGE('',*,*,#3910,.T.);
#5328=ORIENTED_EDGE('',*,*,#3912,.F.);
#5329=ORIENTED_EDGE('',*,*,#3913,.F.);
#5330=ORIENTED_EDGE('',*,*,#3914,.F.);
#5331=ORIENTED_EDGE('',*,*,#3913,.T.);
#5332=ORIENTED_EDGE('',*,*,#3915,.F.);
#5333=ORIENTED_EDGE('',*,*,#3916,.F.);
#5334=ORIENTED_EDGE('',*,*,#3917,.F.);
#5335=ORIENTED_EDGE('',*,*,#3916,.T.);
#5336=ORIENTED_EDGE('',*,*,#3918,.F.);
#5337=ORIENTED_EDGE('',*,*,#3919,.F.);
#5338=ORIENTED_EDGE('',*,*,#3920,.F.);
#5339=ORIENTED_EDGE('',*,*,#3919,.T.);
#5340=ORIENTED_EDGE('',*,*,#3921,.F.);
#5341=ORIENTED_EDGE('',*,*,#3922,.F.);
#5342=ORIENTED_EDGE('',*,*,#3923,.F.);
#5343=ORIENTED_EDGE('',*,*,#3922,.T.);
#5344=ORIENTED_EDGE('',*,*,#3924,.F.);
#5345=ORIENTED_EDGE('',*,*,#3925,.F.);
#5346=ORIENTED_EDGE('',*,*,#3926,.F.);
#5347=ORIENTED_EDGE('',*,*,#3925,.T.);
#5348=ORIENTED_EDGE('',*,*,#3927,.F.);
#5349=ORIENTED_EDGE('',*,*,#3928,.F.);
#5350=ORIENTED_EDGE('',*,*,#3929,.F.);
#5351=ORIENTED_EDGE('',*,*,#3928,.T.);
#5352=ORIENTED_EDGE('',*,*,#3930,.F.);
#5353=ORIENTED_EDGE('',*,*,#3931,.F.);
#5354=ORIENTED_EDGE('',*,*,#3932,.F.);
#5355=ORIENTED_EDGE('',*,*,#3931,.T.);
#5356=ORIENTED_EDGE('',*,*,#3933,.F.);
#5357=ORIENTED_EDGE('',*,*,#3497,.F.);
#5358=ORIENTED_EDGE('',*,*,#3933,.T.);
#5359=ORIENTED_EDGE('',*,*,#3930,.T.);
#5360=ORIENTED_EDGE('',*,*,#3927,.T.);
#5361=ORIENTED_EDGE('',*,*,#3924,.T.);
#5362=ORIENTED_EDGE('',*,*,#3921,.T.);
#5363=ORIENTED_EDGE('',*,*,#3918,.T.);
#5364=ORIENTED_EDGE('',*,*,#3915,.T.);
#5365=ORIENTED_EDGE('',*,*,#3912,.T.);
#5366=ORIENTED_EDGE('',*,*,#3909,.T.);
#5367=ORIENTED_EDGE('',*,*,#3906,.T.);
#5368=ORIENTED_EDGE('',*,*,#3903,.T.);
#5369=ORIENTED_EDGE('',*,*,#3900,.T.);
#5370=ORIENTED_EDGE('',*,*,#3897,.T.);
#5371=ORIENTED_EDGE('',*,*,#3894,.T.);
#5372=ORIENTED_EDGE('',*,*,#3891,.T.);
#5373=ORIENTED_EDGE('',*,*,#3888,.T.);
#5374=ORIENTED_EDGE('',*,*,#3885,.T.);
#5375=ORIENTED_EDGE('',*,*,#3882,.T.);
#5376=ORIENTED_EDGE('',*,*,#3879,.T.);
#5377=ORIENTED_EDGE('',*,*,#3876,.T.);
#5378=ORIENTED_EDGE('',*,*,#3873,.T.);
#5379=ORIENTED_EDGE('',*,*,#3870,.T.);
#5380=ORIENTED_EDGE('',*,*,#3867,.T.);
#5381=ORIENTED_EDGE('',*,*,#3864,.T.);
#5382=ORIENTED_EDGE('',*,*,#3861,.T.);
#5383=ORIENTED_EDGE('',*,*,#3858,.T.);
#5384=ORIENTED_EDGE('',*,*,#3855,.T.);
#5385=ORIENTED_EDGE('',*,*,#3852,.T.);
#5386=ORIENTED_EDGE('',*,*,#3849,.T.);
#5387=ORIENTED_EDGE('',*,*,#3846,.T.);
#5388=ORIENTED_EDGE('',*,*,#3843,.T.);
#5389=ORIENTED_EDGE('',*,*,#3840,.T.);
#5390=ORIENTED_EDGE('',*,*,#3837,.T.);
#5391=ORIENTED_EDGE('',*,*,#3834,.T.);
#5392=ORIENTED_EDGE('',*,*,#3831,.T.);
#5393=ORIENTED_EDGE('',*,*,#3828,.T.);
#5394=ORIENTED_EDGE('',*,*,#3825,.T.);
#5395=ORIENTED_EDGE('',*,*,#3822,.T.);
#5396=ORIENTED_EDGE('',*,*,#3819,.T.);
#5397=ORIENTED_EDGE('',*,*,#3816,.T.);
#5398=ORIENTED_EDGE('',*,*,#3813,.T.);
#5399=ORIENTED_EDGE('',*,*,#3810,.T.);
#5400=ORIENTED_EDGE('',*,*,#3807,.T.);
#5401=ORIENTED_EDGE('',*,*,#3804,.T.);
#5402=ORIENTED_EDGE('',*,*,#3801,.T.);
#5403=ORIENTED_EDGE('',*,*,#3798,.T.);
#5404=ORIENTED_EDGE('',*,*,#3795,.T.);
#5405=ORIENTED_EDGE('',*,*,#3792,.T.);
#5406=ORIENTED_EDGE('',*,*,#3789,.T.);
#5407=ORIENTED_EDGE('',*,*,#3786,.T.);
#5408=ORIENTED_EDGE('',*,*,#3783,.T.);
#5409=ORIENTED_EDGE('',*,*,#3780,.T.);
#5410=ORIENTED_EDGE('',*,*,#3777,.T.);
#5411=ORIENTED_EDGE('',*,*,#3774,.T.);
#5412=ORIENTED_EDGE('',*,*,#3771,.T.);
#5413=ORIENTED_EDGE('',*,*,#3768,.T.);
#5414=ORIENTED_EDGE('',*,*,#3765,.T.);
#5415=ORIENTED_EDGE('',*,*,#3762,.T.);
#5416=ORIENTED_EDGE('',*,*,#3759,.T.);
#5417=ORIENTED_EDGE('',*,*,#3756,.T.);
#5418=ORIENTED_EDGE('',*,*,#3753,.T.);
#5419=ORIENTED_EDGE('',*,*,#3750,.T.);
#5420=ORIENTED_EDGE('',*,*,#3747,.T.);
#5421=ORIENTED_EDGE('',*,*,#3744,.T.);
#5422=ORIENTED_EDGE('',*,*,#3741,.T.);
#5423=ORIENTED_EDGE('',*,*,#3738,.T.);
#5424=ORIENTED_EDGE('',*,*,#3735,.T.);
#5425=ORIENTED_EDGE('',*,*,#3732,.T.);
#5426=ORIENTED_EDGE('',*,*,#3729,.T.);
#5427=ORIENTED_EDGE('',*,*,#3726,.T.);
#5428=ORIENTED_EDGE('',*,*,#3723,.T.);
#5429=ORIENTED_EDGE('',*,*,#3720,.T.);
#5430=ORIENTED_EDGE('',*,*,#3717,.T.);
#5431=ORIENTED_EDGE('',*,*,#3714,.T.);
#5432=ORIENTED_EDGE('',*,*,#3711,.T.);
#5433=ORIENTED_EDGE('',*,*,#3708,.T.);
#5434=ORIENTED_EDGE('',*,*,#3705,.T.);
#5435=ORIENTED_EDGE('',*,*,#3702,.T.);
#5436=ORIENTED_EDGE('',*,*,#3699,.T.);
#5437=ORIENTED_EDGE('',*,*,#3696,.T.);
#5438=ORIENTED_EDGE('',*,*,#3693,.T.);
#5439=ORIENTED_EDGE('',*,*,#3690,.T.);
#5440=ORIENTED_EDGE('',*,*,#3687,.T.);
#5441=ORIENTED_EDGE('',*,*,#3684,.T.);
#5442=ORIENTED_EDGE('',*,*,#3681,.T.);
#5443=ORIENTED_EDGE('',*,*,#3678,.T.);
#5444=ORIENTED_EDGE('',*,*,#3675,.T.);
#5445=ORIENTED_EDGE('',*,*,#3672,.T.);
#5446=ORIENTED_EDGE('',*,*,#3669,.T.);
#5447=ORIENTED_EDGE('',*,*,#3666,.T.);
#5448=ORIENTED_EDGE('',*,*,#3663,.T.);
#5449=ORIENTED_EDGE('',*,*,#3660,.T.);
#5450=ORIENTED_EDGE('',*,*,#3657,.T.);
#5451=ORIENTED_EDGE('',*,*,#3654,.T.);
#5452=ORIENTED_EDGE('',*,*,#3651,.T.);
#5453=ORIENTED_EDGE('',*,*,#3648,.T.);
#5454=ORIENTED_EDGE('',*,*,#3645,.T.);
#5455=ORIENTED_EDGE('',*,*,#3642,.T.);
#5456=ORIENTED_EDGE('',*,*,#3639,.T.);
#5457=ORIENTED_EDGE('',*,*,#3636,.T.);
#5458=ORIENTED_EDGE('',*,*,#3633,.T.);
#5459=ORIENTED_EDGE('',*,*,#3630,.T.);
#5460=ORIENTED_EDGE('',*,*,#3627,.T.);
#5461=ORIENTED_EDGE('',*,*,#3624,.T.);
#5462=ORIENTED_EDGE('',*,*,#3621,.T.);
#5463=ORIENTED_EDGE('',*,*,#3618,.T.);
#5464=ORIENTED_EDGE('',*,*,#3615,.T.);
#5465=ORIENTED_EDGE('',*,*,#3612,.T.);
#5466=ORIENTED_EDGE('',*,*,#3609,.T.);
#5467=ORIENTED_EDGE('',*,*,#3606,.T.);
#5468=ORIENTED_EDGE('',*,*,#3603,.T.);
#5469=ORIENTED_EDGE('',*,*,#3600,.T.);
#5470=ORIENTED_EDGE('',*,*,#3597,.T.);
#5471=ORIENTED_EDGE('',*,*,#3594,.T.);
#5472=ORIENTED_EDGE('',*,*,#3591,.T.);
#5473=ORIENTED_EDGE('',*,*,#3588,.T.);
#5474=ORIENTED_EDGE('',*,*,#3585,.T.);
#5475=ORIENTED_EDGE('',*,*,#3582,.T.);
#5476=ORIENTED_EDGE('',*,*,#3579,.T.);
#5477=ORIENTED_EDGE('',*,*,#3576,.T.);
#5478=ORIENTED_EDGE('',*,*,#3573,.T.);
#5479=ORIENTED_EDGE('',*,*,#3570,.T.);
#5480=ORIENTED_EDGE('',*,*,#3567,.T.);
#5481=ORIENTED_EDGE('',*,*,#3564,.T.);
#5482=ORIENTED_EDGE('',*,*,#3561,.T.);
#5483=ORIENTED_EDGE('',*,*,#3558,.T.);
#5484=ORIENTED_EDGE('',*,*,#3555,.T.);
#5485=ORIENTED_EDGE('',*,*,#3552,.T.);
#5486=ORIENTED_EDGE('',*,*,#3549,.T.);
#5487=ORIENTED_EDGE('',*,*,#3546,.T.);
#5488=ORIENTED_EDGE('',*,*,#3543,.T.);
#5489=ORIENTED_EDGE('',*,*,#3540,.T.);
#5490=ORIENTED_EDGE('',*,*,#3537,.T.);
#5491=ORIENTED_EDGE('',*,*,#3534,.T.);
#5492=ORIENTED_EDGE('',*,*,#3531,.T.);
#5493=ORIENTED_EDGE('',*,*,#3528,.T.);
#5494=ORIENTED_EDGE('',*,*,#3525,.T.);
#5495=ORIENTED_EDGE('',*,*,#3522,.T.);
#5496=ORIENTED_EDGE('',*,*,#3519,.T.);
#5497=ORIENTED_EDGE('',*,*,#3516,.T.);
#5498=ORIENTED_EDGE('',*,*,#3513,.T.);
#5499=ORIENTED_EDGE('',*,*,#3510,.T.);
#5500=ORIENTED_EDGE('',*,*,#3507,.T.);
#5501=ORIENTED_EDGE('',*,*,#3504,.T.);
#5502=ORIENTED_EDGE('',*,*,#3501,.T.);
#5503=ORIENTED_EDGE('',*,*,#3498,.T.);
#5504=ORIENTED_EDGE('',*,*,#3495,.T.);
#5505=ORIENTED_EDGE('',*,*,#3492,.T.);
#5506=ORIENTED_EDGE('',*,*,#3489,.T.);
#5507=ORIENTED_EDGE('',*,*,#3486,.T.);
#5508=ORIENTED_EDGE('',*,*,#3483,.T.);
#5509=ORIENTED_EDGE('',*,*,#3480,.T.);
#5510=ORIENTED_EDGE('',*,*,#3477,.T.);
#5511=ORIENTED_EDGE('',*,*,#3474,.T.);
#5512=ORIENTED_EDGE('',*,*,#3471,.T.);
#5513=ORIENTED_EDGE('',*,*,#3468,.T.);
#5514=ORIENTED_EDGE('',*,*,#3465,.T.);
#5515=ORIENTED_EDGE('',*,*,#3462,.T.);
#5516=ORIENTED_EDGE('',*,*,#3459,.T.);
#5517=ORIENTED_EDGE('',*,*,#3456,.T.);
#5518=ORIENTED_EDGE('',*,*,#3453,.T.);
#5519=ORIENTED_EDGE('',*,*,#3450,.T.);
#5520=ORIENTED_EDGE('',*,*,#3447,.T.);
#5521=ORIENTED_EDGE('',*,*,#3444,.T.);
#5522=ORIENTED_EDGE('',*,*,#3932,.T.);
#5523=ORIENTED_EDGE('',*,*,#3496,.T.);
#5524=ORIENTED_EDGE('',*,*,#3500,.T.);
#5525=ORIENTED_EDGE('',*,*,#3503,.T.);
#5526=ORIENTED_EDGE('',*,*,#3506,.T.);
#5527=ORIENTED_EDGE('',*,*,#3509,.T.);
#5528=ORIENTED_EDGE('',*,*,#3512,.T.);
#5529=ORIENTED_EDGE('',*,*,#3515,.T.);
#5530=ORIENTED_EDGE('',*,*,#3518,.T.);
#5531=ORIENTED_EDGE('',*,*,#3521,.T.);
#5532=ORIENTED_EDGE('',*,*,#3524,.T.);
#5533=ORIENTED_EDGE('',*,*,#3527,.T.);
#5534=ORIENTED_EDGE('',*,*,#3530,.T.);
#5535=ORIENTED_EDGE('',*,*,#3533,.T.);
#5536=ORIENTED_EDGE('',*,*,#3536,.T.);
#5537=ORIENTED_EDGE('',*,*,#3539,.T.);
#5538=ORIENTED_EDGE('',*,*,#3542,.T.);
#5539=ORIENTED_EDGE('',*,*,#3545,.T.);
#5540=ORIENTED_EDGE('',*,*,#3548,.T.);
#5541=ORIENTED_EDGE('',*,*,#3551,.T.);
#5542=ORIENTED_EDGE('',*,*,#3554,.T.);
#5543=ORIENTED_EDGE('',*,*,#3557,.T.);
#5544=ORIENTED_EDGE('',*,*,#3560,.T.);
#5545=ORIENTED_EDGE('',*,*,#3563,.T.);
#5546=ORIENTED_EDGE('',*,*,#3566,.T.);
#5547=ORIENTED_EDGE('',*,*,#3569,.T.);
#5548=ORIENTED_EDGE('',*,*,#3572,.T.);
#5549=ORIENTED_EDGE('',*,*,#3575,.T.);
#5550=ORIENTED_EDGE('',*,*,#3578,.T.);
#5551=ORIENTED_EDGE('',*,*,#3581,.T.);
#5552=ORIENTED_EDGE('',*,*,#3584,.T.);
#5553=ORIENTED_EDGE('',*,*,#3587,.T.);
#5554=ORIENTED_EDGE('',*,*,#3590,.T.);
#5555=ORIENTED_EDGE('',*,*,#3593,.T.);
#5556=ORIENTED_EDGE('',*,*,#3596,.T.);
#5557=ORIENTED_EDGE('',*,*,#3599,.T.);
#5558=ORIENTED_EDGE('',*,*,#3602,.T.);
#5559=ORIENTED_EDGE('',*,*,#3605,.T.);
#5560=ORIENTED_EDGE('',*,*,#3608,.T.);
#5561=ORIENTED_EDGE('',*,*,#3611,.T.);
#5562=ORIENTED_EDGE('',*,*,#3614,.T.);
#5563=ORIENTED_EDGE('',*,*,#3617,.T.);
#5564=ORIENTED_EDGE('',*,*,#3620,.T.);
#5565=ORIENTED_EDGE('',*,*,#3623,.T.);
#5566=ORIENTED_EDGE('',*,*,#3626,.T.);
#5567=ORIENTED_EDGE('',*,*,#3629,.T.);
#5568=ORIENTED_EDGE('',*,*,#3632,.T.);
#5569=ORIENTED_EDGE('',*,*,#3635,.T.);
#5570=ORIENTED_EDGE('',*,*,#3638,.T.);
#5571=ORIENTED_EDGE('',*,*,#3641,.T.);
#5572=ORIENTED_EDGE('',*,*,#3644,.T.);
#5573=ORIENTED_EDGE('',*,*,#3647,.T.);
#5574=ORIENTED_EDGE('',*,*,#3650,.T.);
#5575=ORIENTED_EDGE('',*,*,#3653,.T.);
#5576=ORIENTED_EDGE('',*,*,#3656,.T.);
#5577=ORIENTED_EDGE('',*,*,#3659,.T.);
#5578=ORIENTED_EDGE('',*,*,#3662,.T.);
#5579=ORIENTED_EDGE('',*,*,#3665,.T.);
#5580=ORIENTED_EDGE('',*,*,#3668,.T.);
#5581=ORIENTED_EDGE('',*,*,#3671,.T.);
#5582=ORIENTED_EDGE('',*,*,#3674,.T.);
#5583=ORIENTED_EDGE('',*,*,#3677,.T.);
#5584=ORIENTED_EDGE('',*,*,#3680,.T.);
#5585=ORIENTED_EDGE('',*,*,#3683,.T.);
#5586=ORIENTED_EDGE('',*,*,#3686,.T.);
#5587=ORIENTED_EDGE('',*,*,#3689,.T.);
#5588=ORIENTED_EDGE('',*,*,#3692,.T.);
#5589=ORIENTED_EDGE('',*,*,#3695,.T.);
#5590=ORIENTED_EDGE('',*,*,#3698,.T.);
#5591=ORIENTED_EDGE('',*,*,#3701,.T.);
#5592=ORIENTED_EDGE('',*,*,#3704,.T.);
#5593=ORIENTED_EDGE('',*,*,#3707,.T.);
#5594=ORIENTED_EDGE('',*,*,#3710,.T.);
#5595=ORIENTED_EDGE('',*,*,#3713,.T.);
#5596=ORIENTED_EDGE('',*,*,#3716,.T.);
#5597=ORIENTED_EDGE('',*,*,#3719,.T.);
#5598=ORIENTED_EDGE('',*,*,#3722,.T.);
#5599=ORIENTED_EDGE('',*,*,#3725,.T.);
#5600=ORIENTED_EDGE('',*,*,#3728,.T.);
#5601=ORIENTED_EDGE('',*,*,#3731,.T.);
#5602=ORIENTED_EDGE('',*,*,#3734,.T.);
#5603=ORIENTED_EDGE('',*,*,#3737,.T.);
#5604=ORIENTED_EDGE('',*,*,#3740,.T.);
#5605=ORIENTED_EDGE('',*,*,#3743,.T.);
#5606=ORIENTED_EDGE('',*,*,#3746,.T.);
#5607=ORIENTED_EDGE('',*,*,#3749,.T.);
#5608=ORIENTED_EDGE('',*,*,#3752,.T.);
#5609=ORIENTED_EDGE('',*,*,#3755,.T.);
#5610=ORIENTED_EDGE('',*,*,#3758,.T.);
#5611=ORIENTED_EDGE('',*,*,#3761,.T.);
#5612=ORIENTED_EDGE('',*,*,#3764,.T.);
#5613=ORIENTED_EDGE('',*,*,#3767,.T.);
#5614=ORIENTED_EDGE('',*,*,#3770,.T.);
#5615=ORIENTED_EDGE('',*,*,#3773,.T.);
#5616=ORIENTED_EDGE('',*,*,#3776,.T.);
#5617=ORIENTED_EDGE('',*,*,#3779,.T.);
#5618=ORIENTED_EDGE('',*,*,#3782,.T.);
#5619=ORIENTED_EDGE('',*,*,#3785,.T.);
#5620=ORIENTED_EDGE('',*,*,#3788,.T.);
#5621=ORIENTED_EDGE('',*,*,#3791,.T.);
#5622=ORIENTED_EDGE('',*,*,#3794,.T.);
#5623=ORIENTED_EDGE('',*,*,#3797,.T.);
#5624=ORIENTED_EDGE('',*,*,#3800,.T.);
#5625=ORIENTED_EDGE('',*,*,#3803,.T.);
#5626=ORIENTED_EDGE('',*,*,#3806,.T.);
#5627=ORIENTED_EDGE('',*,*,#3809,.T.);
#5628=ORIENTED_EDGE('',*,*,#3812,.T.);
#5629=ORIENTED_EDGE('',*,*,#3815,.T.);
#5630=ORIENTED_EDGE('',*,*,#3818,.T.);
#5631=ORIENTED_EDGE('',*,*,#3821,.T.);
#5632=ORIENTED_EDGE('',*,*,#3824,.T.);
#5633=ORIENTED_EDGE('',*,*,#3827,.T.);
#5634=ORIENTED_EDGE('',*,*,#3830,.T.);
#5635=ORIENTED_EDGE('',*,*,#3833,.T.);
#5636=ORIENTED_EDGE('',*,*,#3836,.T.);
#5637=ORIENTED_EDGE('',*,*,#3839,.T.);
#5638=ORIENTED_EDGE('',*,*,#3842,.T.);
#5639=ORIENTED_EDGE('',*,*,#3845,.T.);
#5640=ORIENTED_EDGE('',*,*,#3848,.T.);
#5641=ORIENTED_EDGE('',*,*,#3851,.T.);
#5642=ORIENTED_EDGE('',*,*,#3854,.T.);
#5643=ORIENTED_EDGE('',*,*,#3857,.T.);
#5644=ORIENTED_EDGE('',*,*,#3860,.T.);
#5645=ORIENTED_EDGE('',*,*,#3863,.T.);
#5646=ORIENTED_EDGE('',*,*,#3866,.T.);
#5647=ORIENTED_EDGE('',*,*,#3869,.T.);
#5648=ORIENTED_EDGE('',*,*,#3872,.T.);
#5649=ORIENTED_EDGE('',*,*,#3875,.T.);
#5650=ORIENTED_EDGE('',*,*,#3878,.T.);
#5651=ORIENTED_EDGE('',*,*,#3881,.T.);
#5652=ORIENTED_EDGE('',*,*,#3884,.T.);
#5653=ORIENTED_EDGE('',*,*,#3887,.T.);
#5654=ORIENTED_EDGE('',*,*,#3890,.T.);
#5655=ORIENTED_EDGE('',*,*,#3893,.T.);
#5656=ORIENTED_EDGE('',*,*,#3896,.T.);
#5657=ORIENTED_EDGE('',*,*,#3899,.T.);
#5658=ORIENTED_EDGE('',*,*,#3902,.T.);
#5659=ORIENTED_EDGE('',*,*,#3905,.T.);
#5660=ORIENTED_EDGE('',*,*,#3908,.T.);
#5661=ORIENTED_EDGE('',*,*,#3911,.T.);
#5662=ORIENTED_EDGE('',*,*,#3914,.T.);
#5663=ORIENTED_EDGE('',*,*,#3917,.T.);
#5664=ORIENTED_EDGE('',*,*,#3920,.T.);
#5665=ORIENTED_EDGE('',*,*,#3923,.T.);
#5666=ORIENTED_EDGE('',*,*,#3926,.T.);
#5667=ORIENTED_EDGE('',*,*,#3929,.T.);
#5668=ORIENTED_EDGE('',*,*,#3494,.F.);
#5669=ORIENTED_EDGE('',*,*,#3442,.F.);
#5670=ORIENTED_EDGE('',*,*,#3446,.F.);
#5671=ORIENTED_EDGE('',*,*,#3449,.F.);
#5672=ORIENTED_EDGE('',*,*,#3452,.F.);
#5673=ORIENTED_EDGE('',*,*,#3455,.F.);
#5674=ORIENTED_EDGE('',*,*,#3458,.F.);
#5675=ORIENTED_EDGE('',*,*,#3461,.F.);
#5676=ORIENTED_EDGE('',*,*,#3464,.F.);
#5677=ORIENTED_EDGE('',*,*,#3467,.F.);
#5678=ORIENTED_EDGE('',*,*,#3470,.F.);
#5679=ORIENTED_EDGE('',*,*,#3473,.F.);
#5680=ORIENTED_EDGE('',*,*,#3476,.F.);
#5681=ORIENTED_EDGE('',*,*,#3479,.F.);
#5682=ORIENTED_EDGE('',*,*,#3482,.F.);
#5683=ORIENTED_EDGE('',*,*,#3485,.F.);
#5684=ORIENTED_EDGE('',*,*,#3488,.F.);
#5685=ORIENTED_EDGE('',*,*,#3491,.F.);
#5686=ORIENTED_EDGE('',*,*,#3934,.F.);
#5687=ORIENTED_EDGE('',*,*,#3935,.T.);
#5688=ORIENTED_EDGE('',*,*,#3936,.F.);
#5689=ORIENTED_EDGE('',*,*,#3937,.F.);
#5690=ORIENTED_EDGE('',*,*,#3938,.F.);
#5691=ORIENTED_EDGE('',*,*,#3937,.T.);
#5692=ORIENTED_EDGE('',*,*,#3939,.F.);
#5693=ORIENTED_EDGE('',*,*,#3940,.F.);
#5694=ORIENTED_EDGE('',*,*,#3941,.F.);
#5695=ORIENTED_EDGE('',*,*,#3940,.T.);
#5696=ORIENTED_EDGE('',*,*,#3942,.F.);
#5697=ORIENTED_EDGE('',*,*,#3943,.F.);
#5698=ORIENTED_EDGE('',*,*,#3944,.F.);
#5699=ORIENTED_EDGE('',*,*,#3943,.T.);
#5700=ORIENTED_EDGE('',*,*,#3945,.F.);
#5701=ORIENTED_EDGE('',*,*,#3946,.F.);
#5702=ORIENTED_EDGE('',*,*,#3947,.F.);
#5703=ORIENTED_EDGE('',*,*,#3946,.T.);
#5704=ORIENTED_EDGE('',*,*,#3948,.F.);
#5705=ORIENTED_EDGE('',*,*,#3949,.F.);
#5706=ORIENTED_EDGE('',*,*,#3950,.F.);
#5707=ORIENTED_EDGE('',*,*,#3949,.T.);
#5708=ORIENTED_EDGE('',*,*,#3951,.F.);
#5709=ORIENTED_EDGE('',*,*,#3952,.F.);
#5710=ORIENTED_EDGE('',*,*,#3953,.F.);
#5711=ORIENTED_EDGE('',*,*,#3952,.T.);
#5712=ORIENTED_EDGE('',*,*,#3954,.F.);
#5713=ORIENTED_EDGE('',*,*,#3955,.F.);
#5714=ORIENTED_EDGE('',*,*,#3956,.F.);
#5715=ORIENTED_EDGE('',*,*,#3955,.T.);
#5716=ORIENTED_EDGE('',*,*,#3957,.F.);
#5717=ORIENTED_EDGE('',*,*,#3958,.F.);
#5718=ORIENTED_EDGE('',*,*,#3959,.F.);
#5719=ORIENTED_EDGE('',*,*,#3958,.T.);
#5720=ORIENTED_EDGE('',*,*,#3960,.F.);
#5721=ORIENTED_EDGE('',*,*,#3961,.F.);
#5722=ORIENTED_EDGE('',*,*,#3962,.F.);
#5723=ORIENTED_EDGE('',*,*,#3961,.T.);
#5724=ORIENTED_EDGE('',*,*,#3963,.F.);
#5725=ORIENTED_EDGE('',*,*,#3964,.F.);
#5726=ORIENTED_EDGE('',*,*,#3965,.F.);
#5727=ORIENTED_EDGE('',*,*,#3964,.T.);
#5728=ORIENTED_EDGE('',*,*,#3966,.F.);
#5729=ORIENTED_EDGE('',*,*,#3967,.F.);
#5730=ORIENTED_EDGE('',*,*,#3968,.F.);
#5731=ORIENTED_EDGE('',*,*,#3967,.T.);
#5732=ORIENTED_EDGE('',*,*,#3969,.F.);
#5733=ORIENTED_EDGE('',*,*,#3970,.F.);
#5734=ORIENTED_EDGE('',*,*,#3971,.F.);
#5735=ORIENTED_EDGE('',*,*,#3970,.T.);
#5736=ORIENTED_EDGE('',*,*,#3972,.F.);
#5737=ORIENTED_EDGE('',*,*,#3973,.F.);
#5738=ORIENTED_EDGE('',*,*,#3974,.F.);
#5739=ORIENTED_EDGE('',*,*,#3973,.T.);
#5740=ORIENTED_EDGE('',*,*,#3975,.F.);
#5741=ORIENTED_EDGE('',*,*,#3976,.F.);
#5742=ORIENTED_EDGE('',*,*,#3977,.F.);
#5743=ORIENTED_EDGE('',*,*,#3976,.T.);
#5744=ORIENTED_EDGE('',*,*,#3978,.F.);
#5745=ORIENTED_EDGE('',*,*,#3979,.F.);
#5746=ORIENTED_EDGE('',*,*,#3980,.F.);
#5747=ORIENTED_EDGE('',*,*,#3979,.T.);
#5748=ORIENTED_EDGE('',*,*,#3981,.F.);
#5749=ORIENTED_EDGE('',*,*,#3982,.F.);
#5750=ORIENTED_EDGE('',*,*,#3983,.F.);
#5751=ORIENTED_EDGE('',*,*,#3982,.T.);
#5752=ORIENTED_EDGE('',*,*,#3984,.F.);
#5753=ORIENTED_EDGE('',*,*,#3985,.F.);
#5754=ORIENTED_EDGE('',*,*,#3986,.F.);
#5755=ORIENTED_EDGE('',*,*,#3985,.T.);
#5756=ORIENTED_EDGE('',*,*,#3987,.F.);
#5757=ORIENTED_EDGE('',*,*,#3988,.F.);
#5758=ORIENTED_EDGE('',*,*,#3989,.F.);
#5759=ORIENTED_EDGE('',*,*,#3988,.T.);
#5760=ORIENTED_EDGE('',*,*,#3990,.F.);
#5761=ORIENTED_EDGE('',*,*,#3991,.F.);
#5762=ORIENTED_EDGE('',*,*,#3992,.F.);
#5763=ORIENTED_EDGE('',*,*,#3991,.T.);
#5764=ORIENTED_EDGE('',*,*,#3993,.F.);
#5765=ORIENTED_EDGE('',*,*,#3994,.F.);
#5766=ORIENTED_EDGE('',*,*,#3995,.F.);
#5767=ORIENTED_EDGE('',*,*,#3994,.T.);
#5768=ORIENTED_EDGE('',*,*,#3996,.F.);
#5769=ORIENTED_EDGE('',*,*,#3997,.F.);
#5770=ORIENTED_EDGE('',*,*,#3998,.F.);
#5771=ORIENTED_EDGE('',*,*,#3997,.T.);
#5772=ORIENTED_EDGE('',*,*,#3999,.F.);
#5773=ORIENTED_EDGE('',*,*,#4000,.F.);
#5774=ORIENTED_EDGE('',*,*,#4001,.F.);
#5775=ORIENTED_EDGE('',*,*,#4000,.T.);
#5776=ORIENTED_EDGE('',*,*,#4002,.F.);
#5777=ORIENTED_EDGE('',*,*,#4003,.F.);
#5778=ORIENTED_EDGE('',*,*,#4004,.F.);
#5779=ORIENTED_EDGE('',*,*,#4003,.T.);
#5780=ORIENTED_EDGE('',*,*,#4005,.F.);
#5781=ORIENTED_EDGE('',*,*,#4006,.F.);
#5782=ORIENTED_EDGE('',*,*,#4007,.F.);
#5783=ORIENTED_EDGE('',*,*,#4006,.T.);
#5784=ORIENTED_EDGE('',*,*,#4008,.F.);
#5785=ORIENTED_EDGE('',*,*,#4009,.F.);
#5786=ORIENTED_EDGE('',*,*,#4010,.F.);
#5787=ORIENTED_EDGE('',*,*,#4009,.T.);
#5788=ORIENTED_EDGE('',*,*,#4011,.F.);
#5789=ORIENTED_EDGE('',*,*,#3935,.F.);
#5790=ORIENTED_EDGE('',*,*,#4011,.T.);
#5791=ORIENTED_EDGE('',*,*,#4008,.T.);
#5792=ORIENTED_EDGE('',*,*,#4005,.T.);
#5793=ORIENTED_EDGE('',*,*,#4002,.T.);
#5794=ORIENTED_EDGE('',*,*,#3999,.T.);
#5795=ORIENTED_EDGE('',*,*,#3996,.T.);
#5796=ORIENTED_EDGE('',*,*,#3993,.T.);
#5797=ORIENTED_EDGE('',*,*,#3990,.T.);
#5798=ORIENTED_EDGE('',*,*,#3987,.T.);
#5799=ORIENTED_EDGE('',*,*,#3984,.T.);
#5800=ORIENTED_EDGE('',*,*,#3981,.T.);
#5801=ORIENTED_EDGE('',*,*,#3978,.T.);
#5802=ORIENTED_EDGE('',*,*,#3975,.T.);
#5803=ORIENTED_EDGE('',*,*,#3972,.T.);
#5804=ORIENTED_EDGE('',*,*,#3969,.T.);
#5805=ORIENTED_EDGE('',*,*,#3966,.T.);
#5806=ORIENTED_EDGE('',*,*,#3963,.T.);
#5807=ORIENTED_EDGE('',*,*,#3960,.T.);
#5808=ORIENTED_EDGE('',*,*,#3957,.T.);
#5809=ORIENTED_EDGE('',*,*,#3954,.T.);
#5810=ORIENTED_EDGE('',*,*,#3951,.T.);
#5811=ORIENTED_EDGE('',*,*,#3948,.T.);
#5812=ORIENTED_EDGE('',*,*,#3945,.T.);
#5813=ORIENTED_EDGE('',*,*,#3942,.T.);
#5814=ORIENTED_EDGE('',*,*,#3939,.T.);
#5815=ORIENTED_EDGE('',*,*,#3936,.T.);
#5816=ORIENTED_EDGE('',*,*,#4010,.T.);
#5817=ORIENTED_EDGE('',*,*,#3934,.T.);
#5818=ORIENTED_EDGE('',*,*,#3938,.T.);
#5819=ORIENTED_EDGE('',*,*,#3941,.T.);
#5820=ORIENTED_EDGE('',*,*,#3944,.T.);
#5821=ORIENTED_EDGE('',*,*,#3947,.T.);
#5822=ORIENTED_EDGE('',*,*,#3950,.T.);
#5823=ORIENTED_EDGE('',*,*,#3953,.T.);
#5824=ORIENTED_EDGE('',*,*,#3956,.T.);
#5825=ORIENTED_EDGE('',*,*,#3959,.T.);
#5826=ORIENTED_EDGE('',*,*,#3962,.T.);
#5827=ORIENTED_EDGE('',*,*,#3965,.T.);
#5828=ORIENTED_EDGE('',*,*,#3968,.T.);
#5829=ORIENTED_EDGE('',*,*,#3971,.T.);
#5830=ORIENTED_EDGE('',*,*,#3974,.T.);
#5831=ORIENTED_EDGE('',*,*,#3977,.T.);
#5832=ORIENTED_EDGE('',*,*,#3980,.T.);
#5833=ORIENTED_EDGE('',*,*,#3983,.T.);
#5834=ORIENTED_EDGE('',*,*,#3986,.T.);
#5835=ORIENTED_EDGE('',*,*,#3989,.T.);
#5836=ORIENTED_EDGE('',*,*,#3992,.T.);
#5837=ORIENTED_EDGE('',*,*,#3995,.T.);
#5838=ORIENTED_EDGE('',*,*,#3998,.T.);
#5839=ORIENTED_EDGE('',*,*,#4001,.T.);
#5840=ORIENTED_EDGE('',*,*,#4004,.T.);
#5841=ORIENTED_EDGE('',*,*,#4007,.T.);
#5842=PLANE('',#6483);
#5843=PLANE('',#6484);
#5844=PLANE('',#6485);
#5845=PLANE('',#6486);
#5846=PLANE('',#6487);
#5847=PLANE('',#6488);
#5848=PLANE('',#6489);
#5849=PLANE('',#6490);
#5850=PLANE('',#6491);
#5851=PLANE('',#6492);
#5852=PLANE('',#6493);
#5853=PLANE('',#6494);
#5854=PLANE('',#6495);
#5855=PLANE('',#6496);
#5856=PLANE('',#6497);
#5857=PLANE('',#6498);
#5858=PLANE('',#6499);
#5859=PLANE('',#6500);
#5860=PLANE('',#6501);
#5861=PLANE('',#6502);
#5862=PLANE('',#6503);
#5863=PLANE('',#6504);
#5864=PLANE('',#6505);
#5865=PLANE('',#6506);
#5866=PLANE('',#6507);
#5867=PLANE('',#6508);
#5868=PLANE('',#6509);
#5869=PLANE('',#6510);
#5870=PLANE('',#6511);
#5871=PLANE('',#6512);
#5872=PLANE('',#6513);
#5873=PLANE('',#6514);
#5874=PLANE('',#6515);
#5875=PLANE('',#6516);
#5876=PLANE('',#6517);
#5877=PLANE('',#6518);
#5878=PLANE('',#6519);
#5879=PLANE('',#6520);
#5880=PLANE('',#6521);
#5881=PLANE('',#6522);
#5882=PLANE('',#6523);
#5883=PLANE('',#6524);
#5884=PLANE('',#6525);
#5885=PLANE('',#6526);
#5886=PLANE('',#6527);
#5887=PLANE('',#6528);
#5888=PLANE('',#6529);
#5889=PLANE('',#6530);
#5890=PLANE('',#6531);
#5891=PLANE('',#6532);
#5892=PLANE('',#6533);
#5893=PLANE('',#6534);
#5894=PLANE('',#6538);
#5895=PLANE('',#6539);
#5896=PLANE('',#6540);
#5897=PLANE('',#6541);
#5898=PLANE('',#6542);
#5899=PLANE('',#6543);
#5900=PLANE('',#6544);
#5901=PLANE('',#6545);
#5902=PLANE('',#6546);
#5903=PLANE('',#6547);
#5904=PLANE('',#6548);
#5905=PLANE('',#6549);
#5906=PLANE('',#6550);
#5907=PLANE('',#6551);
#5908=PLANE('',#6552);
#5909=PLANE('',#6553);
#5910=PLANE('',#6554);
#5911=PLANE('',#6555);
#5912=PLANE('',#6556);
#5913=PLANE('',#6557);
#5914=PLANE('',#6558);
#5915=PLANE('',#6559);
#5916=PLANE('',#6560);
#5917=PLANE('',#6561);
#5918=PLANE('',#6562);
#5919=PLANE('',#6563);
#5920=PLANE('',#6564);
#5921=PLANE('',#6565);
#5922=PLANE('',#6566);
#5923=PLANE('',#6567);
#5924=PLANE('',#6568);
#5925=PLANE('',#6569);
#5926=PLANE('',#6570);
#5927=PLANE('',#6571);
#5928=PLANE('',#6572);
#5929=PLANE('',#6573);
#5930=PLANE('',#6574);
#5931=PLANE('',#6575);
#5932=PLANE('',#6576);
#5933=PLANE('',#6577);
#5934=PLANE('',#6578);
#5935=PLANE('',#6582);
#5936=PLANE('',#6583);
#5937=PLANE('',#6584);
#5938=PLANE('',#6585);
#5939=PLANE('',#6586);
#5940=PLANE('',#6587);
#5941=PLANE('',#6588);
#5942=PLANE('',#6589);
#5943=PLANE('',#6590);
#5944=PLANE('',#6591);
#5945=PLANE('',#6592);
#5946=PLANE('',#6593);
#5947=PLANE('',#6594);
#5948=PLANE('',#6595);
#5949=PLANE('',#6596);
#5950=PLANE('',#6597);
#5951=PLANE('',#6598);
#5952=PLANE('',#6599);
#5953=PLANE('',#6600);
#5954=PLANE('',#6601);
#5955=PLANE('',#6602);
#5956=PLANE('',#6603);
#5957=PLANE('',#6604);
#5958=PLANE('',#6605);
#5959=PLANE('',#6606);
#5960=PLANE('',#6607);
#5961=PLANE('',#6608);
#5962=PLANE('',#6609);
#5963=PLANE('',#6610);
#5964=PLANE('',#6611);
#5965=PLANE('',#6612);
#5966=PLANE('',#6613);
#5967=PLANE('',#6614);
#5968=PLANE('',#6615);
#5969=PLANE('',#6616);
#5970=PLANE('',#6617);
#5971=PLANE('',#6618);
#5972=PLANE('',#6619);
#5973=PLANE('',#6620);
#5974=PLANE('',#6621);
#5975=PLANE('',#6622);
#5976=PLANE('',#6623);
#5977=PLANE('',#6624);
#5978=PLANE('',#6625);
#5979=PLANE('',#6626);
#5980=PLANE('',#6627);
#5981=PLANE('',#6628);
#5982=PLANE('',#6629);
#5983=PLANE('',#6630);
#5984=PLANE('',#6631);
#5985=PLANE('',#6632);
#5986=PLANE('',#6633);
#5987=PLANE('',#6634);
#5988=PLANE('',#6635);
#5989=PLANE('',#6636);
#5990=PLANE('',#6637);
#5991=PLANE('',#6638);
#5992=PLANE('',#6639);
#5993=PLANE('',#6640);
#5994=PLANE('',#6641);
#5995=PLANE('',#6642);
#5996=PLANE('',#6643);
#5997=PLANE('',#6644);
#5998=PLANE('',#6645);
#5999=PLANE('',#6646);
#6000=PLANE('',#6647);
#6001=PLANE('',#6648);
#6002=PLANE('',#6649);
#6003=PLANE('',#6650);
#6004=PLANE('',#6651);
#6005=PLANE('',#6652);
#6006=PLANE('',#6653);
#6007=PLANE('',#6654);
#6008=PLANE('',#6655);
#6009=PLANE('',#6656);
#6010=PLANE('',#6657);
#6011=PLANE('',#6658);
#6012=PLANE('',#6659);
#6013=PLANE('',#6660);
#6014=PLANE('',#6661);
#6015=PLANE('',#6662);
#6016=PLANE('',#6663);
#6017=PLANE('',#6664);
#6018=PLANE('',#6665);
#6019=PLANE('',#6666);
#6020=PLANE('',#6667);
#6021=PLANE('',#6668);
#6022=PLANE('',#6669);
#6023=PLANE('',#6670);
#6024=PLANE('',#6671);
#6025=PLANE('',#6672);
#6026=PLANE('',#6673);
#6027=PLANE('',#6674);
#6028=PLANE('',#6675);
#6029=PLANE('',#6676);
#6030=PLANE('',#6677);
#6031=PLANE('',#6678);
#6032=PLANE('',#6679);
#6033=PLANE('',#6680);
#6034=PLANE('',#6681);
#6035=PLANE('',#6682);
#6036=PLANE('',#6683);
#6037=PLANE('',#6684);
#6038=PLANE('',#6685);
#6039=PLANE('',#6686);
#6040=PLANE('',#6687);
#6041=PLANE('',#6688);
#6042=PLANE('',#6689);
#6043=PLANE('',#6690);
#6044=PLANE('',#6691);
#6045=PLANE('',#6692);
#6046=PLANE('',#6693);
#6047=PLANE('',#6694);
#6048=PLANE('',#6695);
#6049=PLANE('',#6696);
#6050=PLANE('',#6697);
#6051=PLANE('',#6698);
#6052=PLANE('',#6699);
#6053=PLANE('',#6700);
#6054=PLANE('',#6701);
#6055=PLANE('',#6702);
#6056=PLANE('',#6703);
#6057=PLANE('',#6704);
#6058=PLANE('',#6705);
#6059=PLANE('',#6706);
#6060=PLANE('',#6707);
#6061=PLANE('',#6708);
#6062=PLANE('',#6709);
#6063=PLANE('',#6710);
#6064=PLANE('',#6711);
#6065=PLANE('',#6712);
#6066=PLANE('',#6713);
#6067=PLANE('',#6714);
#6068=PLANE('',#6715);
#6069=PLANE('',#6716);
#6070=PLANE('',#6717);
#6071=PLANE('',#6718);
#6072=PLANE('',#6719);
#6073=PLANE('',#6720);
#6074=PLANE('',#6721);
#6075=PLANE('',#6722);
#6076=PLANE('',#6723);
#6077=PLANE('',#6724);
#6078=PLANE('',#6725);
#6079=PLANE('',#6726);
#6080=PLANE('',#6727);
#6081=PLANE('',#6728);
#6082=PLANE('',#6729);
#6083=PLANE('',#6730);
#6084=PLANE('',#6731);
#6085=PLANE('',#6732);
#6086=PLANE('',#6733);
#6087=PLANE('',#6734);
#6088=PLANE('',#6735);
#6089=PLANE('',#6736);
#6090=PLANE('',#6737);
#6091=PLANE('',#6738);
#6092=PLANE('',#6739);
#6093=PLANE('',#6740);
#6094=PLANE('',#6741);
#6095=PLANE('',#6742);
#6096=PLANE('',#6743);
#6097=PLANE('',#6744);
#6098=PLANE('',#6745);
#6099=PLANE('',#6746);
#6100=PLANE('',#6747);
#6101=PLANE('',#6748);
#6102=PLANE('',#6749);
#6103=PLANE('',#6750);
#6104=PLANE('',#6751);
#6105=PLANE('',#6752);
#6106=PLANE('',#6753);
#6107=PLANE('',#6754);
#6108=PLANE('',#6755);
#6109=PLANE('',#6756);
#6110=PLANE('',#6757);
#6111=PLANE('',#6758);
#6112=PLANE('',#6759);
#6113=PLANE('',#6760);
#6114=PLANE('',#6761);
#6115=PLANE('',#6762);
#6116=PLANE('',#6763);
#6117=PLANE('',#6764);
#6118=PLANE('',#6765);
#6119=PLANE('',#6766);
#6120=PLANE('',#6767);
#6121=PLANE('',#6768);
#6122=PLANE('',#6769);
#6123=PLANE('',#6770);
#6124=PLANE('',#6771);
#6125=PLANE('',#6772);
#6126=PLANE('',#6773);
#6127=PLANE('',#6774);
#6128=PLANE('',#6775);
#6129=PLANE('',#6776);
#6130=PLANE('',#6777);
#6131=PLANE('',#6778);
#6132=PLANE('',#6779);
#6133=PLANE('',#6780);
#6134=PLANE('',#6781);
#6135=PLANE('',#6782);
#6136=PLANE('',#6783);
#6137=PLANE('',#6784);
#6138=PLANE('',#6785);
#6139=PLANE('',#6786);
#6140=PLANE('',#6787);
#6141=PLANE('',#6788);
#6142=PLANE('',#6789);
#6143=PLANE('',#6790);
#6144=PLANE('',#6791);
#6145=PLANE('',#6792);
#6146=PLANE('',#6793);
#6147=PLANE('',#6794);
#6148=PLANE('',#6795);
#6149=PLANE('',#6796);
#6150=PLANE('',#6797);
#6151=PLANE('',#6798);
#6152=PLANE('',#6799);
#6153=ADVANCED_FACE('',(#33),#5842,.T.);
#6154=ADVANCED_FACE('',(#34),#5843,.T.);
#6155=ADVANCED_FACE('',(#35),#5844,.T.);
#6156=ADVANCED_FACE('',(#36),#5845,.T.);
#6157=ADVANCED_FACE('',(#37),#5846,.T.);
#6158=ADVANCED_FACE('',(#38),#5847,.T.);
#6159=ADVANCED_FACE('',(#39),#5848,.T.);
#6160=ADVANCED_FACE('',(#40),#5849,.T.);
#6161=ADVANCED_FACE('',(#41),#5850,.T.);
#6162=ADVANCED_FACE('',(#42),#5851,.T.);
#6163=ADVANCED_FACE('',(#43),#5852,.T.);
#6164=ADVANCED_FACE('',(#44),#5853,.T.);
#6165=ADVANCED_FACE('',(#45),#5854,.T.);
#6166=ADVANCED_FACE('',(#46),#5855,.T.);
#6167=ADVANCED_FACE('',(#47),#5856,.T.);
#6168=ADVANCED_FACE('',(#48),#5857,.T.);
#6169=ADVANCED_FACE('',(#49),#5858,.T.);
#6170=ADVANCED_FACE('',(#50),#5859,.T.);
#6171=ADVANCED_FACE('',(#51),#5860,.T.);
#6172=ADVANCED_FACE('',(#52),#5861,.T.);
#6173=ADVANCED_FACE('',(#53),#5862,.T.);
#6174=ADVANCED_FACE('',(#54),#5863,.T.);
#6175=ADVANCED_FACE('',(#55),#5864,.T.);
#6176=ADVANCED_FACE('',(#56),#5865,.T.);
#6177=ADVANCED_FACE('',(#57),#5866,.T.);
#6178=ADVANCED_FACE('',(#58),#5867,.T.);
#6179=ADVANCED_FACE('',(#59),#5868,.T.);
#6180=ADVANCED_FACE('',(#60),#5869,.T.);
#6181=ADVANCED_FACE('',(#61),#5870,.T.);
#6182=ADVANCED_FACE('',(#62),#5871,.T.);
#6183=ADVANCED_FACE('',(#63),#5872,.T.);
#6184=ADVANCED_FACE('',(#64),#5873,.T.);
#6185=ADVANCED_FACE('',(#65),#5874,.T.);
#6186=ADVANCED_FACE('',(#66),#5875,.T.);
#6187=ADVANCED_FACE('',(#67),#5876,.T.);
#6188=ADVANCED_FACE('',(#68),#5877,.T.);
#6189=ADVANCED_FACE('',(#69),#5878,.T.);
#6190=ADVANCED_FACE('',(#70),#5879,.T.);
#6191=ADVANCED_FACE('',(#71),#5880,.T.);
#6192=ADVANCED_FACE('',(#72),#5881,.T.);
#6193=ADVANCED_FACE('',(#73),#5882,.T.);
#6194=ADVANCED_FACE('',(#74),#5883,.T.);
#6195=ADVANCED_FACE('',(#75),#5884,.T.);
#6196=ADVANCED_FACE('',(#76),#5885,.T.);
#6197=ADVANCED_FACE('',(#77),#5886,.T.);
#6198=ADVANCED_FACE('',(#78),#5887,.T.);
#6199=ADVANCED_FACE('',(#79),#5888,.T.);
#6200=ADVANCED_FACE('',(#80),#5889,.T.);
#6201=ADVANCED_FACE('',(#81),#5890,.T.);
#6202=ADVANCED_FACE('',(#82),#5891,.T.);
#6203=ADVANCED_FACE('',(#83),#5892,.T.);
#6204=ADVANCED_FACE('',(#84),#5893,.T.);
#6205=ADVANCED_FACE('',(#85),#31,.T.);
#6206=ADVANCED_FACE('',(#86),#5894,.T.);
#6207=ADVANCED_FACE('',(#87),#5895,.T.);
#6208=ADVANCED_FACE('',(#88),#5896,.T.);
#6209=ADVANCED_FACE('',(#89),#5897,.T.);
#6210=ADVANCED_FACE('',(#90),#5898,.T.);
#6211=ADVANCED_FACE('',(#91),#5899,.T.);
#6212=ADVANCED_FACE('',(#92),#5900,.T.);
#6213=ADVANCED_FACE('',(#93),#5901,.T.);
#6214=ADVANCED_FACE('',(#94),#5902,.T.);
#6215=ADVANCED_FACE('',(#95),#5903,.T.);
#6216=ADVANCED_FACE('',(#96),#5904,.T.);
#6217=ADVANCED_FACE('',(#97),#5905,.T.);
#6218=ADVANCED_FACE('',(#98),#5906,.T.);
#6219=ADVANCED_FACE('',(#99),#5907,.T.);
#6220=ADVANCED_FACE('',(#100),#5908,.T.);
#6221=ADVANCED_FACE('',(#101),#5909,.T.);
#6222=ADVANCED_FACE('',(#102),#5910,.T.);
#6223=ADVANCED_FACE('',(#103),#5911,.T.);
#6224=ADVANCED_FACE('',(#104),#5912,.T.);
#6225=ADVANCED_FACE('',(#105),#5913,.T.);
#6226=ADVANCED_FACE('',(#106),#5914,.T.);
#6227=ADVANCED_FACE('',(#107),#5915,.T.);
#6228=ADVANCED_FACE('',(#108),#5916,.T.);
#6229=ADVANCED_FACE('',(#109),#5917,.T.);
#6230=ADVANCED_FACE('',(#110),#5918,.T.);
#6231=ADVANCED_FACE('',(#111),#5919,.T.);
#6232=ADVANCED_FACE('',(#112),#5920,.T.);
#6233=ADVANCED_FACE('',(#113),#5921,.T.);
#6234=ADVANCED_FACE('',(#114),#5922,.T.);
#6235=ADVANCED_FACE('',(#115),#5923,.T.);
#6236=ADVANCED_FACE('',(#116),#5924,.T.);
#6237=ADVANCED_FACE('',(#117),#5925,.T.);
#6238=ADVANCED_FACE('',(#118),#5926,.T.);
#6239=ADVANCED_FACE('',(#119),#5927,.T.);
#6240=ADVANCED_FACE('',(#120),#5928,.T.);
#6241=ADVANCED_FACE('',(#121),#5929,.T.);
#6242=ADVANCED_FACE('',(#122),#5930,.T.);
#6243=ADVANCED_FACE('',(#123),#5931,.T.);
#6244=ADVANCED_FACE('',(#124),#5932,.T.);
#6245=ADVANCED_FACE('',(#125),#5933,.T.);
#6246=ADVANCED_FACE('',(#126),#5934,.T.);
#6247=ADVANCED_FACE('',(#127),#32,.T.);
#6248=ADVANCED_FACE('',(#128),#5935,.T.);
#6249=ADVANCED_FACE('',(#129),#5936,.T.);
#6250=ADVANCED_FACE('',(#130,#21,#22),#5937,.T.);
#6251=ADVANCED_FACE('',(#131,#23,#24),#5938,.F.);
#6252=ADVANCED_FACE('',(#132),#5939,.T.);
#6253=ADVANCED_FACE('',(#133),#5940,.T.);
#6254=ADVANCED_FACE('',(#134),#5941,.T.);
#6255=ADVANCED_FACE('',(#135),#5942,.T.);
#6256=ADVANCED_FACE('',(#136),#5943,.T.);
#6257=ADVANCED_FACE('',(#137),#5944,.T.);
#6258=ADVANCED_FACE('',(#138),#5945,.T.);
#6259=ADVANCED_FACE('',(#139),#5946,.T.);
#6260=ADVANCED_FACE('',(#140),#5947,.T.);
#6261=ADVANCED_FACE('',(#141),#5948,.T.);
#6262=ADVANCED_FACE('',(#142),#5949,.T.);
#6263=ADVANCED_FACE('',(#143),#5950,.T.);
#6264=ADVANCED_FACE('',(#144),#5951,.T.);
#6265=ADVANCED_FACE('',(#145),#5952,.T.);
#6266=ADVANCED_FACE('',(#146),#5953,.T.);
#6267=ADVANCED_FACE('',(#147),#5954,.T.);
#6268=ADVANCED_FACE('',(#148),#5955,.T.);
#6269=ADVANCED_FACE('',(#149),#5956,.T.);
#6270=ADVANCED_FACE('',(#150),#5957,.T.);
#6271=ADVANCED_FACE('',(#151),#5958,.F.);
#6272=ADVANCED_FACE('',(#152),#5959,.T.);
#6273=ADVANCED_FACE('',(#153),#5960,.T.);
#6274=ADVANCED_FACE('',(#154),#5961,.T.);
#6275=ADVANCED_FACE('',(#155),#5962,.T.);
#6276=ADVANCED_FACE('',(#156),#5963,.T.);
#6277=ADVANCED_FACE('',(#157),#5964,.T.);
#6278=ADVANCED_FACE('',(#158),#5965,.T.);
#6279=ADVANCED_FACE('',(#159),#5966,.T.);
#6280=ADVANCED_FACE('',(#160),#5967,.T.);
#6281=ADVANCED_FACE('',(#161),#5968,.T.);
#6282=ADVANCED_FACE('',(#162),#5969,.T.);
#6283=ADVANCED_FACE('',(#163),#5970,.T.);
#6284=ADVANCED_FACE('',(#164),#5971,.T.);
#6285=ADVANCED_FACE('',(#165),#5972,.T.);
#6286=ADVANCED_FACE('',(#166),#5973,.T.);
#6287=ADVANCED_FACE('',(#167),#5974,.T.);
#6288=ADVANCED_FACE('',(#168),#5975,.T.);
#6289=ADVANCED_FACE('',(#169),#5976,.T.);
#6290=ADVANCED_FACE('',(#170),#5977,.T.);
#6291=ADVANCED_FACE('',(#171),#5978,.T.);
#6292=ADVANCED_FACE('',(#172),#5979,.T.);
#6293=ADVANCED_FACE('',(#173),#5980,.T.);
#6294=ADVANCED_FACE('',(#174),#5981,.T.);
#6295=ADVANCED_FACE('',(#175),#5982,.T.);
#6296=ADVANCED_FACE('',(#176),#5983,.T.);
#6297=ADVANCED_FACE('',(#177),#5984,.T.);
#6298=ADVANCED_FACE('',(#178),#5985,.T.);
#6299=ADVANCED_FACE('',(#179),#5986,.T.);
#6300=ADVANCED_FACE('',(#180),#5987,.T.);
#6301=ADVANCED_FACE('',(#181),#5988,.T.);
#6302=ADVANCED_FACE('',(#182),#5989,.T.);
#6303=ADVANCED_FACE('',(#183),#5990,.T.);
#6304=ADVANCED_FACE('',(#184),#5991,.T.);
#6305=ADVANCED_FACE('',(#185),#5992,.T.);
#6306=ADVANCED_FACE('',(#186),#5993,.T.);
#6307=ADVANCED_FACE('',(#187),#5994,.T.);
#6308=ADVANCED_FACE('',(#188),#5995,.T.);
#6309=ADVANCED_FACE('',(#189),#5996,.T.);
#6310=ADVANCED_FACE('',(#190),#5997,.T.);
#6311=ADVANCED_FACE('',(#191),#5998,.T.);
#6312=ADVANCED_FACE('',(#192),#5999,.T.);
#6313=ADVANCED_FACE('',(#193),#6000,.T.);
#6314=ADVANCED_FACE('',(#194),#6001,.T.);
#6315=ADVANCED_FACE('',(#195),#6002,.T.);
#6316=ADVANCED_FACE('',(#196),#6003,.T.);
#6317=ADVANCED_FACE('',(#197),#6004,.T.);
#6318=ADVANCED_FACE('',(#198),#6005,.T.);
#6319=ADVANCED_FACE('',(#199),#6006,.T.);
#6320=ADVANCED_FACE('',(#200),#6007,.T.);
#6321=ADVANCED_FACE('',(#201),#6008,.T.);
#6322=ADVANCED_FACE('',(#202),#6009,.T.);
#6323=ADVANCED_FACE('',(#203),#6010,.T.);
#6324=ADVANCED_FACE('',(#204),#6011,.T.);
#6325=ADVANCED_FACE('',(#205),#6012,.T.);
#6326=ADVANCED_FACE('',(#206),#6013,.T.);
#6327=ADVANCED_FACE('',(#207),#6014,.T.);
#6328=ADVANCED_FACE('',(#208),#6015,.T.);
#6329=ADVANCED_FACE('',(#209),#6016,.T.);
#6330=ADVANCED_FACE('',(#210),#6017,.T.);
#6331=ADVANCED_FACE('',(#211),#6018,.T.);
#6332=ADVANCED_FACE('',(#212),#6019,.T.);
#6333=ADVANCED_FACE('',(#213),#6020,.T.);
#6334=ADVANCED_FACE('',(#214),#6021,.T.);
#6335=ADVANCED_FACE('',(#215),#6022,.T.);
#6336=ADVANCED_FACE('',(#216),#6023,.T.);
#6337=ADVANCED_FACE('',(#217),#6024,.T.);
#6338=ADVANCED_FACE('',(#218),#6025,.T.);
#6339=ADVANCED_FACE('',(#219),#6026,.T.);
#6340=ADVANCED_FACE('',(#220),#6027,.T.);
#6341=ADVANCED_FACE('',(#221),#6028,.T.);
#6342=ADVANCED_FACE('',(#222),#6029,.T.);
#6343=ADVANCED_FACE('',(#223),#6030,.T.);
#6344=ADVANCED_FACE('',(#224),#6031,.T.);
#6345=ADVANCED_FACE('',(#225),#6032,.T.);
#6346=ADVANCED_FACE('',(#226),#6033,.T.);
#6347=ADVANCED_FACE('',(#227),#6034,.T.);
#6348=ADVANCED_FACE('',(#228),#6035,.T.);
#6349=ADVANCED_FACE('',(#229),#6036,.T.);
#6350=ADVANCED_FACE('',(#230),#6037,.T.);
#6351=ADVANCED_FACE('',(#231),#6038,.T.);
#6352=ADVANCED_FACE('',(#232),#6039,.T.);
#6353=ADVANCED_FACE('',(#233),#6040,.T.);
#6354=ADVANCED_FACE('',(#234),#6041,.T.);
#6355=ADVANCED_FACE('',(#235),#6042,.T.);
#6356=ADVANCED_FACE('',(#236),#6043,.T.);
#6357=ADVANCED_FACE('',(#237),#6044,.T.);
#6358=ADVANCED_FACE('',(#238),#6045,.T.);
#6359=ADVANCED_FACE('',(#239),#6046,.T.);
#6360=ADVANCED_FACE('',(#240),#6047,.T.);
#6361=ADVANCED_FACE('',(#241),#6048,.T.);
#6362=ADVANCED_FACE('',(#242),#6049,.T.);
#6363=ADVANCED_FACE('',(#243),#6050,.T.);
#6364=ADVANCED_FACE('',(#244),#6051,.T.);
#6365=ADVANCED_FACE('',(#245),#6052,.T.);
#6366=ADVANCED_FACE('',(#246),#6053,.T.);
#6367=ADVANCED_FACE('',(#247),#6054,.T.);
#6368=ADVANCED_FACE('',(#248),#6055,.T.);
#6369=ADVANCED_FACE('',(#249),#6056,.T.);
#6370=ADVANCED_FACE('',(#250),#6057,.T.);
#6371=ADVANCED_FACE('',(#251),#6058,.T.);
#6372=ADVANCED_FACE('',(#252),#6059,.T.);
#6373=ADVANCED_FACE('',(#253),#6060,.T.);
#6374=ADVANCED_FACE('',(#254),#6061,.T.);
#6375=ADVANCED_FACE('',(#255),#6062,.T.);
#6376=ADVANCED_FACE('',(#256),#6063,.T.);
#6377=ADVANCED_FACE('',(#257),#6064,.T.);
#6378=ADVANCED_FACE('',(#258),#6065,.T.);
#6379=ADVANCED_FACE('',(#259),#6066,.T.);
#6380=ADVANCED_FACE('',(#260),#6067,.T.);
#6381=ADVANCED_FACE('',(#261),#6068,.T.);
#6382=ADVANCED_FACE('',(#262),#6069,.T.);
#6383=ADVANCED_FACE('',(#263),#6070,.T.);
#6384=ADVANCED_FACE('',(#264),#6071,.T.);
#6385=ADVANCED_FACE('',(#265),#6072,.T.);
#6386=ADVANCED_FACE('',(#266),#6073,.T.);
#6387=ADVANCED_FACE('',(#267),#6074,.T.);
#6388=ADVANCED_FACE('',(#268),#6075,.T.);
#6389=ADVANCED_FACE('',(#269),#6076,.T.);
#6390=ADVANCED_FACE('',(#270),#6077,.T.);
#6391=ADVANCED_FACE('',(#271),#6078,.T.);
#6392=ADVANCED_FACE('',(#272),#6079,.T.);
#6393=ADVANCED_FACE('',(#273),#6080,.T.);
#6394=ADVANCED_FACE('',(#274),#6081,.T.);
#6395=ADVANCED_FACE('',(#275),#6082,.T.);
#6396=ADVANCED_FACE('',(#276),#6083,.T.);
#6397=ADVANCED_FACE('',(#277),#6084,.T.);
#6398=ADVANCED_FACE('',(#278),#6085,.T.);
#6399=ADVANCED_FACE('',(#279),#6086,.T.);
#6400=ADVANCED_FACE('',(#280),#6087,.T.);
#6401=ADVANCED_FACE('',(#281),#6088,.T.);
#6402=ADVANCED_FACE('',(#282),#6089,.T.);
#6403=ADVANCED_FACE('',(#283),#6090,.T.);
#6404=ADVANCED_FACE('',(#284),#6091,.T.);
#6405=ADVANCED_FACE('',(#285),#6092,.T.);
#6406=ADVANCED_FACE('',(#286),#6093,.T.);
#6407=ADVANCED_FACE('',(#287),#6094,.T.);
#6408=ADVANCED_FACE('',(#288),#6095,.T.);
#6409=ADVANCED_FACE('',(#289),#6096,.T.);
#6410=ADVANCED_FACE('',(#290),#6097,.T.);
#6411=ADVANCED_FACE('',(#291),#6098,.T.);
#6412=ADVANCED_FACE('',(#292),#6099,.T.);
#6413=ADVANCED_FACE('',(#293),#6100,.T.);
#6414=ADVANCED_FACE('',(#294),#6101,.T.);
#6415=ADVANCED_FACE('',(#295),#6102,.T.);
#6416=ADVANCED_FACE('',(#296),#6103,.T.);
#6417=ADVANCED_FACE('',(#297),#6104,.T.);
#6418=ADVANCED_FACE('',(#298),#6105,.T.);
#6419=ADVANCED_FACE('',(#299),#6106,.T.);
#6420=ADVANCED_FACE('',(#300),#6107,.T.);
#6421=ADVANCED_FACE('',(#301),#6108,.T.);
#6422=ADVANCED_FACE('',(#302),#6109,.T.);
#6423=ADVANCED_FACE('',(#303),#6110,.T.);
#6424=ADVANCED_FACE('',(#304),#6111,.T.);
#6425=ADVANCED_FACE('',(#305),#6112,.T.);
#6426=ADVANCED_FACE('',(#306),#6113,.T.);
#6427=ADVANCED_FACE('',(#307),#6114,.T.);
#6428=ADVANCED_FACE('',(#308),#6115,.T.);
#6429=ADVANCED_FACE('',(#309),#6116,.T.);
#6430=ADVANCED_FACE('',(#310),#6117,.T.);
#6431=ADVANCED_FACE('',(#311),#6118,.T.);
#6432=ADVANCED_FACE('',(#312),#6119,.T.);
#6433=ADVANCED_FACE('',(#313),#6120,.T.);
#6434=ADVANCED_FACE('',(#314),#6121,.T.);
#6435=ADVANCED_FACE('',(#315),#6122,.T.);
#6436=ADVANCED_FACE('',(#316,#25),#6123,.T.);
#6437=ADVANCED_FACE('',(#317,#26),#6124,.F.);
#6438=ADVANCED_FACE('',(#318),#6125,.T.);
#6439=ADVANCED_FACE('',(#319),#6126,.T.);
#6440=ADVANCED_FACE('',(#320),#6127,.T.);
#6441=ADVANCED_FACE('',(#321),#6128,.T.);
#6442=ADVANCED_FACE('',(#322),#6129,.T.);
#6443=ADVANCED_FACE('',(#323),#6130,.T.);
#6444=ADVANCED_FACE('',(#324),#6131,.T.);
#6445=ADVANCED_FACE('',(#325),#6132,.T.);
#6446=ADVANCED_FACE('',(#326),#6133,.T.);
#6447=ADVANCED_FACE('',(#327),#6134,.T.);
#6448=ADVANCED_FACE('',(#328),#6135,.T.);
#6449=ADVANCED_FACE('',(#329),#6136,.T.);
#6450=ADVANCED_FACE('',(#330),#6137,.T.);
#6451=ADVANCED_FACE('',(#331),#6138,.T.);
#6452=ADVANCED_FACE('',(#332),#6139,.T.);
#6453=ADVANCED_FACE('',(#333),#6140,.T.);
#6454=ADVANCED_FACE('',(#334),#6141,.T.);
#6455=ADVANCED_FACE('',(#335),#6142,.T.);
#6456=ADVANCED_FACE('',(#336),#6143,.T.);
#6457=ADVANCED_FACE('',(#337),#6144,.T.);
#6458=ADVANCED_FACE('',(#338),#6145,.T.);
#6459=ADVANCED_FACE('',(#339),#6146,.T.);
#6460=ADVANCED_FACE('',(#340),#6147,.T.);
#6461=ADVANCED_FACE('',(#341),#6148,.T.);
#6462=ADVANCED_FACE('',(#342),#6149,.T.);
#6463=ADVANCED_FACE('',(#343),#6150,.T.);
#6464=ADVANCED_FACE('',(#344),#6151,.T.);
#6465=ADVANCED_FACE('',(#345),#6152,.F.);
#6466=CLOSED_SHELL('',(#6153,#6154,#6155,#6156,#6157,#6158,#6159,#6160,
#6161,#6162,#6163,#6164,#6165,#6166,#6167,#6168,#6169,#6170,#6171,#6172,
#6173,#6174,#6175,#6176,#6177,#6178,#6179,#6180,#6181,#6182,#6183,#6184,
#6185,#6186,#6187,#6188,#6189,#6190,#6191,#6192,#6193,#6194,#6195,#6196,
#6197,#6198,#6199,#6200,#6201,#6202,#6203,#6204,#6205,#6206,#6207,#6208,
#6209,#6210,#6211,#6212,#6213,#6214,#6215,#6216,#6217,#6218,#6219,#6220,
#6221,#6222,#6223,#6224,#6225,#6226,#6227,#6228,#6229,#6230,#6231,#6232,
#6233,#6234,#6235,#6236,#6237,#6238,#6239,#6240,#6241,#6242,#6243,#6244,
#6245,#6246,#6247,#6248,#6249,#6250,#6251));
#6467=CLOSED_SHELL('',(#6252,#6253,#6254,#6255,#6256,#6257,#6258,#6259,
#6260,#6261,#6262,#6263,#6264,#6265,#6266,#6267,#6268,#6269,#6270,#6271));
#6468=CLOSED_SHELL('',(#6272,#6273,#6274,#6275,#6276,#6277,#6278,#6279,
#6280,#6281,#6282,#6283,#6284,#6285,#6286,#6287,#6288,#6289,#6290,#6291,
#6292,#6293,#6294,#6295,#6296,#6297,#6298,#6299,#6300,#6301,#6302,#6303,
#6304,#6305,#6306,#6307,#6308,#6309,#6310,#6311,#6312,#6313,#6314,#6315,
#6316,#6317,#6318,#6319,#6320,#6321,#6322,#6323,#6324,#6325,#6326,#6327,
#6328,#6329,#6330,#6331,#6332,#6333,#6334,#6335,#6336,#6337,#6338,#6339,
#6340,#6341,#6342,#6343,#6344,#6345,#6346,#6347,#6348,#6349,#6350,#6351,
#6352,#6353,#6354,#6355,#6356,#6357,#6358,#6359,#6360,#6361,#6362,#6363,
#6364,#6365,#6366,#6367,#6368,#6369,#6370,#6371,#6372,#6373,#6374,#6375,
#6376,#6377,#6378,#6379,#6380,#6381,#6382,#6383,#6384,#6385,#6386,#6387,
#6388,#6389,#6390,#6391,#6392,#6393,#6394,#6395,#6396,#6397,#6398,#6399,
#6400,#6401,#6402,#6403,#6404,#6405,#6406,#6407,#6408,#6409,#6410,#6411,
#6412,#6413,#6414,#6415,#6416,#6417,#6418,#6419,#6420,#6421,#6422,#6423,
#6424,#6425,#6426,#6427,#6428,#6429,#6430,#6431,#6432,#6433,#6434,#6435,
#6436,#6437));
#6469=CLOSED_SHELL('',(#6438,#6439,#6440,#6441,#6442,#6443,#6444,#6445,
#6446,#6447,#6448,#6449,#6450,#6451,#6452,#6453,#6454,#6455,#6456,#6457,
#6458,#6459,#6460,#6461,#6462,#6463,#6464,#6465));
#6470=DERIVED_UNIT_ELEMENT(#6472,1.);
#6471=DERIVED_UNIT_ELEMENT(#10191,-3.);
#6472=(
MASS_UNIT()
NAMED_UNIT(*)
SI_UNIT(.KILO.,.GRAM.)
);
#6473=DERIVED_UNIT((#6470,#6471));
#6474=MEASURE_REPRESENTATION_ITEM('density measure',
POSITIVE_RATIO_MEASURE(7850.),#6473);
#6475=PROPERTY_DEFINITION_REPRESENTATION(#6480,#6477);
#6476=PROPERTY_DEFINITION_REPRESENTATION(#6481,#6478);
#6477=REPRESENTATION('material name',(#6479),#10188);
#6478=REPRESENTATION('density',(#6474),#10188);
#6479=DESCRIPTIVE_REPRESENTATION_ITEM('Steel','Steel');
#6480=PROPERTY_DEFINITION('material property','material name',#10198);
#6481=PROPERTY_DEFINITION('material property','density of part',#10198);
#6482=AXIS2_PLACEMENT_3D('',#8347,#6800,#6801);
#6483=AXIS2_PLACEMENT_3D('',#8348,#6802,#6803);
#6484=AXIS2_PLACEMENT_3D('',#8357,#6808,#6809);
#6485=AXIS2_PLACEMENT_3D('',#8363,#6813,#6814);
#6486=AXIS2_PLACEMENT_3D('',#8369,#6818,#6819);
#6487=AXIS2_PLACEMENT_3D('',#8375,#6823,#6824);
#6488=AXIS2_PLACEMENT_3D('',#8381,#6828,#6829);
#6489=AXIS2_PLACEMENT_3D('',#8387,#6833,#6834);
#6490=AXIS2_PLACEMENT_3D('',#8393,#6838,#6839);
#6491=AXIS2_PLACEMENT_3D('',#8399,#6843,#6844);
#6492=AXIS2_PLACEMENT_3D('',#8405,#6848,#6849);
#6493=AXIS2_PLACEMENT_3D('',#8411,#6853,#6854);
#6494=AXIS2_PLACEMENT_3D('',#8417,#6858,#6859);
#6495=AXIS2_PLACEMENT_3D('',#8423,#6863,#6864);
#6496=AXIS2_PLACEMENT_3D('',#8429,#6868,#6869);
#6497=AXIS2_PLACEMENT_3D('',#8435,#6873,#6874);
#6498=AXIS2_PLACEMENT_3D('',#8441,#6878,#6879);
#6499=AXIS2_PLACEMENT_3D('',#8447,#6883,#6884);
#6500=AXIS2_PLACEMENT_3D('',#8453,#6888,#6889);
#6501=AXIS2_PLACEMENT_3D('',#8459,#6893,#6894);
#6502=AXIS2_PLACEMENT_3D('',#8465,#6898,#6899);
#6503=AXIS2_PLACEMENT_3D('',#8471,#6903,#6904);
#6504=AXIS2_PLACEMENT_3D('',#8477,#6908,#6909);
#6505=AXIS2_PLACEMENT_3D('',#8483,#6913,#6914);
#6506=AXIS2_PLACEMENT_3D('',#8489,#6918,#6919);
#6507=AXIS2_PLACEMENT_3D('',#8495,#6923,#6924);
#6508=AXIS2_PLACEMENT_3D('',#8501,#6928,#6929);
#6509=AXIS2_PLACEMENT_3D('',#8504,#6932,#6933);
#6510=AXIS2_PLACEMENT_3D('',#8513,#6938,#6939);
#6511=AXIS2_PLACEMENT_3D('',#8519,#6943,#6944);
#6512=AXIS2_PLACEMENT_3D('',#8525,#6948,#6949);
#6513=AXIS2_PLACEMENT_3D('',#8528,#6952,#6953);
#6514=AXIS2_PLACEMENT_3D('',#8537,#6958,#6959);
#6515=AXIS2_PLACEMENT_3D('',#8543,#6963,#6964);
#6516=AXIS2_PLACEMENT_3D('',#8549,#6968,#6969);
#6517=AXIS2_PLACEMENT_3D('',#8555,#6973,#6974);
#6518=AXIS2_PLACEMENT_3D('',#8561,#6978,#6979);
#6519=AXIS2_PLACEMENT_3D('',#8567,#6983,#6984);
#6520=AXIS2_PLACEMENT_3D('',#8573,#6988,#6989);
#6521=AXIS2_PLACEMENT_3D('',#8579,#6993,#6994);
#6522=AXIS2_PLACEMENT_3D('',#8585,#6998,#6999);
#6523=AXIS2_PLACEMENT_3D('',#8591,#7003,#7004);
#6524=AXIS2_PLACEMENT_3D('',#8597,#7008,#7009);
#6525=AXIS2_PLACEMENT_3D('',#8603,#7013,#7014);
#6526=AXIS2_PLACEMENT_3D('',#8609,#7018,#7019);
#6527=AXIS2_PLACEMENT_3D('',#8615,#7023,#7024);
#6528=AXIS2_PLACEMENT_3D('',#8621,#7028,#7029);
#6529=AXIS2_PLACEMENT_3D('',#8627,#7033,#7034);
#6530=AXIS2_PLACEMENT_3D('',#8633,#7038,#7039);
#6531=AXIS2_PLACEMENT_3D('',#8639,#7043,#7044);
#6532=AXIS2_PLACEMENT_3D('',#8645,#7048,#7049);
#6533=AXIS2_PLACEMENT_3D('',#8651,#7053,#7054);
#6534=AXIS2_PLACEMENT_3D('',#8657,#7058,#7059);
#6535=AXIS2_PLACEMENT_3D('',#8663,#7063,#7064);
#6536=AXIS2_PLACEMENT_3D('',#8665,#7065,#7066);
#6537=AXIS2_PLACEMENT_3D('',#8667,#7067,#7068);
#6538=AXIS2_PLACEMENT_3D('',#8669,#7070,#7071);
#6539=AXIS2_PLACEMENT_3D('',#8675,#7075,#7076);
#6540=AXIS2_PLACEMENT_3D('',#8681,#7080,#7081);
#6541=AXIS2_PLACEMENT_3D('',#8687,#7085,#7086);
#6542=AXIS2_PLACEMENT_3D('',#8693,#7090,#7091);
#6543=AXIS2_PLACEMENT_3D('',#8699,#7095,#7096);
#6544=AXIS2_PLACEMENT_3D('',#8705,#7100,#7101);
#6545=AXIS2_PLACEMENT_3D('',#8711,#7105,#7106);
#6546=AXIS2_PLACEMENT_3D('',#8717,#7110,#7111);
#6547=AXIS2_PLACEMENT_3D('',#8723,#7115,#7116);
#6548=AXIS2_PLACEMENT_3D('',#8729,#7120,#7121);
#6549=AXIS2_PLACEMENT_3D('',#8735,#7125,#7126);
#6550=AXIS2_PLACEMENT_3D('',#8741,#7130,#7131);
#6551=AXIS2_PLACEMENT_3D('',#8747,#7135,#7136);
#6552=AXIS2_PLACEMENT_3D('',#8753,#7140,#7141);
#6553=AXIS2_PLACEMENT_3D('',#8759,#7145,#7146);
#6554=AXIS2_PLACEMENT_3D('',#8765,#7150,#7151);
#6555=AXIS2_PLACEMENT_3D('',#8771,#7155,#7156);
#6556=AXIS2_PLACEMENT_3D('',#8777,#7160,#7161);
#6557=AXIS2_PLACEMENT_3D('',#8783,#7165,#7166);
#6558=AXIS2_PLACEMENT_3D('',#8789,#7170,#7171);
#6559=AXIS2_PLACEMENT_3D('',#8795,#7175,#7176);
#6560=AXIS2_PLACEMENT_3D('',#8801,#7180,#7181);
#6561=AXIS2_PLACEMENT_3D('',#8807,#7185,#7186);
#6562=AXIS2_PLACEMENT_3D('',#8813,#7190,#7191);
#6563=AXIS2_PLACEMENT_3D('',#8819,#7195,#7196);
#6564=AXIS2_PLACEMENT_3D('',#8825,#7200,#7201);
#6565=AXIS2_PLACEMENT_3D('',#8831,#7205,#7206);
#6566=AXIS2_PLACEMENT_3D('',#8837,#7210,#7211);
#6567=AXIS2_PLACEMENT_3D('',#8843,#7215,#7216);
#6568=AXIS2_PLACEMENT_3D('',#8849,#7220,#7221);
#6569=AXIS2_PLACEMENT_3D('',#8855,#7225,#7226);
#6570=AXIS2_PLACEMENT_3D('',#8861,#7230,#7231);
#6571=AXIS2_PLACEMENT_3D('',#8867,#7235,#7236);
#6572=AXIS2_PLACEMENT_3D('',#8873,#7240,#7241);
#6573=AXIS2_PLACEMENT_3D('',#8879,#7245,#7246);
#6574=AXIS2_PLACEMENT_3D('',#8885,#7250,#7251);
#6575=AXIS2_PLACEMENT_3D('',#8891,#7255,#7256);
#6576=AXIS2_PLACEMENT_3D('',#8897,#7260,#7261);
#6577=AXIS2_PLACEMENT_3D('',#8903,#7265,#7266);
#6578=AXIS2_PLACEMENT_3D('',#8909,#7270,#7271);
#6579=AXIS2_PLACEMENT_3D('',#8915,#7275,#7276);
#6580=AXIS2_PLACEMENT_3D('',#8917,#7277,#7278);
#6581=AXIS2_PLACEMENT_3D('',#8919,#7279,#7280);
#6582=AXIS2_PLACEMENT_3D('',#8921,#7282,#7283);
#6583=AXIS2_PLACEMENT_3D('',#8927,#7287,#7288);
#6584=AXIS2_PLACEMENT_3D('',#8930,#7291,#7292);
#6585=AXIS2_PLACEMENT_3D('',#8931,#7293,#7294);
#6586=AXIS2_PLACEMENT_3D('',#8932,#7295,#7296);
#6587=AXIS2_PLACEMENT_3D('',#8941,#7301,#7302);
#6588=AXIS2_PLACEMENT_3D('',#8947,#7306,#7307);
#6589=AXIS2_PLACEMENT_3D('',#8953,#7311,#7312);
#6590=AXIS2_PLACEMENT_3D('',#8959,#7316,#7317);
#6591=AXIS2_PLACEMENT_3D('',#8965,#7321,#7322);
#6592=AXIS2_PLACEMENT_3D('',#8971,#7326,#7327);
#6593=AXIS2_PLACEMENT_3D('',#8977,#7331,#7332);
#6594=AXIS2_PLACEMENT_3D('',#8983,#7336,#7337);
#6595=AXIS2_PLACEMENT_3D('',#8989,#7341,#7342);
#6596=AXIS2_PLACEMENT_3D('',#8995,#7346,#7347);
#6597=AXIS2_PLACEMENT_3D('',#9001,#7351,#7352);
#6598=AXIS2_PLACEMENT_3D('',#9007,#7356,#7357);
#6599=AXIS2_PLACEMENT_3D('',#9013,#7361,#7362);
#6600=AXIS2_PLACEMENT_3D('',#9019,#7366,#7367);
#6601=AXIS2_PLACEMENT_3D('',#9025,#7371,#7372);
#6602=AXIS2_PLACEMENT_3D('',#9031,#7376,#7377);
#6603=AXIS2_PLACEMENT_3D('',#9037,#7381,#7382);
#6604=AXIS2_PLACEMENT_3D('',#9040,#7385,#7386);
#6605=AXIS2_PLACEMENT_3D('',#9041,#7387,#7388);
#6606=AXIS2_PLACEMENT_3D('',#9042,#7389,#7390);
#6607=AXIS2_PLACEMENT_3D('',#9051,#7395,#7396);
#6608=AXIS2_PLACEMENT_3D('',#9057,#7400,#7401);
#6609=AXIS2_PLACEMENT_3D('',#9063,#7405,#7406);
#6610=AXIS2_PLACEMENT_3D('',#9069,#7410,#7411);
#6611=AXIS2_PLACEMENT_3D('',#9075,#7415,#7416);
#6612=AXIS2_PLACEMENT_3D('',#9081,#7420,#7421);
#6613=AXIS2_PLACEMENT_3D('',#9087,#7425,#7426);
#6614=AXIS2_PLACEMENT_3D('',#9093,#7430,#7431);
#6615=AXIS2_PLACEMENT_3D('',#9099,#7435,#7436);
#6616=AXIS2_PLACEMENT_3D('',#9105,#7440,#7441);
#6617=AXIS2_PLACEMENT_3D('',#9111,#7445,#7446);
#6618=AXIS2_PLACEMENT_3D('',#9117,#7450,#7451);
#6619=AXIS2_PLACEMENT_3D('',#9123,#7455,#7456);
#6620=AXIS2_PLACEMENT_3D('',#9129,#7460,#7461);
#6621=AXIS2_PLACEMENT_3D('',#9135,#7465,#7466);
#6622=AXIS2_PLACEMENT_3D('',#9141,#7470,#7471);
#6623=AXIS2_PLACEMENT_3D('',#9147,#7475,#7476);
#6624=AXIS2_PLACEMENT_3D('',#9150,#7479,#7480);
#6625=AXIS2_PLACEMENT_3D('',#9159,#7485,#7486);
#6626=AXIS2_PLACEMENT_3D('',#9165,#7490,#7491);
#6627=AXIS2_PLACEMENT_3D('',#9171,#7495,#7496);
#6628=AXIS2_PLACEMENT_3D('',#9177,#7500,#7501);
#6629=AXIS2_PLACEMENT_3D('',#9183,#7505,#7506);
#6630=AXIS2_PLACEMENT_3D('',#9189,#7510,#7511);
#6631=AXIS2_PLACEMENT_3D('',#9195,#7515,#7516);
#6632=AXIS2_PLACEMENT_3D('',#9201,#7520,#7521);
#6633=AXIS2_PLACEMENT_3D('',#9207,#7525,#7526);
#6634=AXIS2_PLACEMENT_3D('',#9213,#7530,#7531);
#6635=AXIS2_PLACEMENT_3D('',#9219,#7535,#7536);
#6636=AXIS2_PLACEMENT_3D('',#9225,#7540,#7541);
#6637=AXIS2_PLACEMENT_3D('',#9231,#7545,#7546);
#6638=AXIS2_PLACEMENT_3D('',#9237,#7550,#7551);
#6639=AXIS2_PLACEMENT_3D('',#9243,#7555,#7556);
#6640=AXIS2_PLACEMENT_3D('',#9249,#7560,#7561);
#6641=AXIS2_PLACEMENT_3D('',#9255,#7565,#7566);
#6642=AXIS2_PLACEMENT_3D('',#9261,#7570,#7571);
#6643=AXIS2_PLACEMENT_3D('',#9267,#7575,#7576);
#6644=AXIS2_PLACEMENT_3D('',#9273,#7580,#7581);
#6645=AXIS2_PLACEMENT_3D('',#9279,#7585,#7586);
#6646=AXIS2_PLACEMENT_3D('',#9285,#7590,#7591);
#6647=AXIS2_PLACEMENT_3D('',#9291,#7595,#7596);
#6648=AXIS2_PLACEMENT_3D('',#9297,#7600,#7601);
#6649=AXIS2_PLACEMENT_3D('',#9303,#7605,#7606);
#6650=AXIS2_PLACEMENT_3D('',#9309,#7610,#7611);
#6651=AXIS2_PLACEMENT_3D('',#9315,#7615,#7616);
#6652=AXIS2_PLACEMENT_3D('',#9321,#7620,#7621);
#6653=AXIS2_PLACEMENT_3D('',#9327,#7625,#7626);
#6654=AXIS2_PLACEMENT_3D('',#9333,#7630,#7631);
#6655=AXIS2_PLACEMENT_3D('',#9339,#7635,#7636);
#6656=AXIS2_PLACEMENT_3D('',#9345,#7640,#7641);
#6657=AXIS2_PLACEMENT_3D('',#9351,#7645,#7646);
#6658=AXIS2_PLACEMENT_3D('',#9357,#7650,#7651);
#6659=AXIS2_PLACEMENT_3D('',#9363,#7655,#7656);
#6660=AXIS2_PLACEMENT_3D('',#9369,#7660,#7661);
#6661=AXIS2_PLACEMENT_3D('',#9375,#7665,#7666);
#6662=AXIS2_PLACEMENT_3D('',#9381,#7670,#7671);
#6663=AXIS2_PLACEMENT_3D('',#9387,#7675,#7676);
#6664=AXIS2_PLACEMENT_3D('',#9393,#7680,#7681);
#6665=AXIS2_PLACEMENT_3D('',#9399,#7685,#7686);
#6666=AXIS2_PLACEMENT_3D('',#9405,#7690,#7691);
#6667=AXIS2_PLACEMENT_3D('',#9411,#7695,#7696);
#6668=AXIS2_PLACEMENT_3D('',#9417,#7700,#7701);
#6669=AXIS2_PLACEMENT_3D('',#9423,#7705,#7706);
#6670=AXIS2_PLACEMENT_3D('',#9429,#7710,#7711);
#6671=AXIS2_PLACEMENT_3D('',#9435,#7715,#7716);
#6672=AXIS2_PLACEMENT_3D('',#9441,#7720,#7721);
#6673=AXIS2_PLACEMENT_3D('',#9447,#7725,#7726);
#6674=AXIS2_PLACEMENT_3D('',#9453,#7730,#7731);
#6675=AXIS2_PLACEMENT_3D('',#9459,#7735,#7736);
#6676=AXIS2_PLACEMENT_3D('',#9465,#7740,#7741);
#6677=AXIS2_PLACEMENT_3D('',#9471,#7745,#7746);
#6678=AXIS2_PLACEMENT_3D('',#9477,#7750,#7751);
#6679=AXIS2_PLACEMENT_3D('',#9483,#7755,#7756);
#6680=AXIS2_PLACEMENT_3D('',#9489,#7760,#7761);
#6681=AXIS2_PLACEMENT_3D('',#9495,#7765,#7766);
#6682=AXIS2_PLACEMENT_3D('',#9501,#7770,#7771);
#6683=AXIS2_PLACEMENT_3D('',#9507,#7775,#7776);
#6684=AXIS2_PLACEMENT_3D('',#9513,#7780,#7781);
#6685=AXIS2_PLACEMENT_3D('',#9519,#7785,#7786);
#6686=AXIS2_PLACEMENT_3D('',#9525,#7790,#7791);
#6687=AXIS2_PLACEMENT_3D('',#9531,#7795,#7796);
#6688=AXIS2_PLACEMENT_3D('',#9537,#7800,#7801);
#6689=AXIS2_PLACEMENT_3D('',#9543,#7805,#7806);
#6690=AXIS2_PLACEMENT_3D('',#9549,#7810,#7811);
#6691=AXIS2_PLACEMENT_3D('',#9555,#7815,#7816);
#6692=AXIS2_PLACEMENT_3D('',#9561,#7820,#7821);
#6693=AXIS2_PLACEMENT_3D('',#9567,#7825,#7826);
#6694=AXIS2_PLACEMENT_3D('',#9573,#7830,#7831);
#6695=AXIS2_PLACEMENT_3D('',#9579,#7835,#7836);
#6696=AXIS2_PLACEMENT_3D('',#9585,#7840,#7841);
#6697=AXIS2_PLACEMENT_3D('',#9591,#7845,#7846);
#6698=AXIS2_PLACEMENT_3D('',#9597,#7850,#7851);
#6699=AXIS2_PLACEMENT_3D('',#9603,#7855,#7856);
#6700=AXIS2_PLACEMENT_3D('',#9609,#7860,#7861);
#6701=AXIS2_PLACEMENT_3D('',#9615,#7865,#7866);
#6702=AXIS2_PLACEMENT_3D('',#9621,#7870,#7871);
#6703=AXIS2_PLACEMENT_3D('',#9627,#7875,#7876);
#6704=AXIS2_PLACEMENT_3D('',#9633,#7880,#7881);
#6705=AXIS2_PLACEMENT_3D('',#9639,#7885,#7886);
#6706=AXIS2_PLACEMENT_3D('',#9645,#7890,#7891);
#6707=AXIS2_PLACEMENT_3D('',#9651,#7895,#7896);
#6708=AXIS2_PLACEMENT_3D('',#9657,#7900,#7901);
#6709=AXIS2_PLACEMENT_3D('',#9663,#7905,#7906);
#6710=AXIS2_PLACEMENT_3D('',#9669,#7910,#7911);
#6711=AXIS2_PLACEMENT_3D('',#9675,#7915,#7916);
#6712=AXIS2_PLACEMENT_3D('',#9681,#7920,#7921);
#6713=AXIS2_PLACEMENT_3D('',#9687,#7925,#7926);
#6714=AXIS2_PLACEMENT_3D('',#9693,#7930,#7931);
#6715=AXIS2_PLACEMENT_3D('',#9699,#7935,#7936);
#6716=AXIS2_PLACEMENT_3D('',#9705,#7940,#7941);
#6717=AXIS2_PLACEMENT_3D('',#9711,#7945,#7946);
#6718=AXIS2_PLACEMENT_3D('',#9717,#7950,#7951);
#6719=AXIS2_PLACEMENT_3D('',#9723,#7955,#7956);
#6720=AXIS2_PLACEMENT_3D('',#9729,#7960,#7961);
#6721=AXIS2_PLACEMENT_3D('',#9735,#7965,#7966);
#6722=AXIS2_PLACEMENT_3D('',#9741,#7970,#7971);
#6723=AXIS2_PLACEMENT_3D('',#9747,#7975,#7976);
#6724=AXIS2_PLACEMENT_3D('',#9753,#7980,#7981);
#6725=AXIS2_PLACEMENT_3D('',#9759,#7985,#7986);
#6726=AXIS2_PLACEMENT_3D('',#9765,#7990,#7991);
#6727=AXIS2_PLACEMENT_3D('',#9771,#7995,#7996);
#6728=AXIS2_PLACEMENT_3D('',#9777,#8000,#8001);
#6729=AXIS2_PLACEMENT_3D('',#9783,#8005,#8006);
#6730=AXIS2_PLACEMENT_3D('',#9789,#8010,#8011);
#6731=AXIS2_PLACEMENT_3D('',#9795,#8015,#8016);
#6732=AXIS2_PLACEMENT_3D('',#9801,#8020,#8021);
#6733=AXIS2_PLACEMENT_3D('',#9807,#8025,#8026);
#6734=AXIS2_PLACEMENT_3D('',#9813,#8030,#8031);
#6735=AXIS2_PLACEMENT_3D('',#9819,#8035,#8036);
#6736=AXIS2_PLACEMENT_3D('',#9825,#8040,#8041);
#6737=AXIS2_PLACEMENT_3D('',#9831,#8045,#8046);
#6738=AXIS2_PLACEMENT_3D('',#9837,#8050,#8051);
#6739=AXIS2_PLACEMENT_3D('',#9843,#8055,#8056);
#6740=AXIS2_PLACEMENT_3D('',#9849,#8060,#8061);
#6741=AXIS2_PLACEMENT_3D('',#9855,#8065,#8066);
#6742=AXIS2_PLACEMENT_3D('',#9861,#8070,#8071);
#6743=AXIS2_PLACEMENT_3D('',#9867,#8075,#8076);
#6744=AXIS2_PLACEMENT_3D('',#9873,#8080,#8081);
#6745=AXIS2_PLACEMENT_3D('',#9879,#8085,#8086);
#6746=AXIS2_PLACEMENT_3D('',#9885,#8090,#8091);
#6747=AXIS2_PLACEMENT_3D('',#9891,#8095,#8096);
#6748=AXIS2_PLACEMENT_3D('',#9897,#8100,#8101);
#6749=AXIS2_PLACEMENT_3D('',#9903,#8105,#8106);
#6750=AXIS2_PLACEMENT_3D('',#9909,#8110,#8111);
#6751=AXIS2_PLACEMENT_3D('',#9915,#8115,#8116);
#6752=AXIS2_PLACEMENT_3D('',#9921,#8120,#8121);
#6753=AXIS2_PLACEMENT_3D('',#9927,#8125,#8126);
#6754=AXIS2_PLACEMENT_3D('',#9933,#8130,#8131);
#6755=AXIS2_PLACEMENT_3D('',#9939,#8135,#8136);
#6756=AXIS2_PLACEMENT_3D('',#9945,#8140,#8141);
#6757=AXIS2_PLACEMENT_3D('',#9951,#8145,#8146);
#6758=AXIS2_PLACEMENT_3D('',#9957,#8150,#8151);
#6759=AXIS2_PLACEMENT_3D('',#9963,#8155,#8156);
#6760=AXIS2_PLACEMENT_3D('',#9969,#8160,#8161);
#6761=AXIS2_PLACEMENT_3D('',#9975,#8165,#8166);
#6762=AXIS2_PLACEMENT_3D('',#9981,#8170,#8171);
#6763=AXIS2_PLACEMENT_3D('',#9987,#8175,#8176);
#6764=AXIS2_PLACEMENT_3D('',#9993,#8180,#8181);
#6765=AXIS2_PLACEMENT_3D('',#9999,#8185,#8186);
#6766=AXIS2_PLACEMENT_3D('',#10005,#8190,#8191);
#6767=AXIS2_PLACEMENT_3D('',#10011,#8195,#8196);
#6768=AXIS2_PLACEMENT_3D('',#10017,#8200,#8201);
#6769=AXIS2_PLACEMENT_3D('',#10023,#8205,#8206);
#6770=AXIS2_PLACEMENT_3D('',#10026,#8209,#8210);
#6771=AXIS2_PLACEMENT_3D('',#10027,#8211,#8212);
#6772=AXIS2_PLACEMENT_3D('',#10028,#8213,#8214);
#6773=AXIS2_PLACEMENT_3D('',#10037,#8219,#8220);
#6774=AXIS2_PLACEMENT_3D('',#10043,#8224,#8225);
#6775=AXIS2_PLACEMENT_3D('',#10049,#8229,#8230);
#6776=AXIS2_PLACEMENT_3D('',#10055,#8234,#8235);
#6777=AXIS2_PLACEMENT_3D('',#10061,#8239,#8240);
#6778=AXIS2_PLACEMENT_3D('',#10067,#8244,#8245);
#6779=AXIS2_PLACEMENT_3D('',#10073,#8249,#8250);
#6780=AXIS2_PLACEMENT_3D('',#10079,#8254,#8255);
#6781=AXIS2_PLACEMENT_3D('',#10085,#8259,#8260);
#6782=AXIS2_PLACEMENT_3D('',#10091,#8264,#8265);
#6783=AXIS2_PLACEMENT_3D('',#10097,#8269,#8270);
#6784=AXIS2_PLACEMENT_3D('',#10103,#8274,#8275);
#6785=AXIS2_PLACEMENT_3D('',#10109,#8279,#8280);
#6786=AXIS2_PLACEMENT_3D('',#10115,#8284,#8285);
#6787=AXIS2_PLACEMENT_3D('',#10121,#8289,#8290);
#6788=AXIS2_PLACEMENT_3D('',#10127,#8294,#8295);
#6789=AXIS2_PLACEMENT_3D('',#10133,#8299,#8300);
#6790=AXIS2_PLACEMENT_3D('',#10139,#8304,#8305);
#6791=AXIS2_PLACEMENT_3D('',#10145,#8309,#8310);
#6792=AXIS2_PLACEMENT_3D('',#10151,#8314,#8315);
#6793=AXIS2_PLACEMENT_3D('',#10157,#8319,#8320);
#6794=AXIS2_PLACEMENT_3D('',#10163,#8324,#8325);
#6795=AXIS2_PLACEMENT_3D('',#10169,#8329,#8330);
#6796=AXIS2_PLACEMENT_3D('',#10175,#8334,#8335);
#6797=AXIS2_PLACEMENT_3D('',#10181,#8339,#8340);
#6798=AXIS2_PLACEMENT_3D('',#10184,#8343,#8344);
#6799=AXIS2_PLACEMENT_3D('',#10185,#8345,#8346);
#6800=DIRECTION('axis',(0.,0.,1.));
#6801=DIRECTION('refdir',(1.,0.,0.));
#6802=DIRECTION('center_axis',(1.,0.,0.));
#6803=DIRECTION('ref_axis',(0.,1.,0.));
#6804=DIRECTION('',(0.,1.,0.));
#6805=DIRECTION('',(0.,0.,1.));
#6806=DIRECTION('',(0.,1.,0.));
#6807=DIRECTION('',(0.,0.,1.));
#6808=DIRECTION('center_axis',(0.70710678118655,0.707106781186546,0.));
#6809=DIRECTION('ref_axis',(-0.707106781186546,0.70710678118655,0.));
#6810=DIRECTION('',(-0.707106781186546,0.70710678118655,0.));
#6811=DIRECTION('',(-0.707106781186546,0.70710678118655,0.));
#6812=DIRECTION('',(0.,0.,1.));
#6813=DIRECTION('center_axis',(0.,1.,0.));
#6814=DIRECTION('ref_axis',(-1.,0.,0.));
#6815=DIRECTION('',(-1.,0.,0.));
#6816=DIRECTION('',(-1.,0.,0.));
#6817=DIRECTION('',(0.,0.,1.));
#6818=DIRECTION('center_axis',(0.707106781186549,0.707106781186546,0.));
#6819=DIRECTION('ref_axis',(-0.707106781186546,0.707106781186549,0.));
#6820=DIRECTION('',(-0.707106781186546,0.707106781186549,0.));
#6821=DIRECTION('',(-0.707106781186546,0.707106781186549,0.));
#6822=DIRECTION('',(0.,0.,1.));
#6823=DIRECTION('center_axis',(1.,0.,0.));
#6824=DIRECTION('ref_axis',(0.,1.,0.));
#6825=DIRECTION('',(0.,1.,0.));
#6826=DIRECTION('',(0.,1.,0.));
#6827=DIRECTION('',(0.,0.,1.));
#6828=DIRECTION('center_axis',(0.707106781186549,0.707106781186546,0.));
#6829=DIRECTION('ref_axis',(-0.707106781186546,0.707106781186549,0.));
#6830=DIRECTION('',(-0.707106781186546,0.707106781186549,0.));
#6831=DIRECTION('',(-0.707106781186546,0.707106781186549,0.));
#6832=DIRECTION('',(0.,0.,1.));
#6833=DIRECTION('center_axis',(1.,0.,0.));
#6834=DIRECTION('ref_axis',(0.,1.,0.));
#6835=DIRECTION('',(0.,1.,0.));
#6836=DIRECTION('',(0.,1.,0.));
#6837=DIRECTION('',(0.,0.,1.));
#6838=DIRECTION('center_axis',(0.707106781186547,0.707106781186548,0.));
#6839=DIRECTION('ref_axis',(-0.707106781186548,0.707106781186547,0.));
#6840=DIRECTION('',(-0.707106781186548,0.707106781186547,0.));
#6841=DIRECTION('',(-0.707106781186548,0.707106781186547,0.));
#6842=DIRECTION('',(0.,0.,1.));
#6843=DIRECTION('center_axis',(0.,1.,0.));
#6844=DIRECTION('ref_axis',(-1.,0.,0.));
#6845=DIRECTION('',(-1.,0.,0.));
#6846=DIRECTION('',(-1.,0.,0.));
#6847=DIRECTION('',(0.,0.,1.));
#6848=DIRECTION('center_axis',(-0.707106781186548,0.707106781186547,0.));
#6849=DIRECTION('ref_axis',(-0.707106781186547,-0.707106781186548,0.));
#6850=DIRECTION('',(-0.707106781186547,-0.707106781186548,0.));
#6851=DIRECTION('',(-0.707106781186547,-0.707106781186548,0.));
#6852=DIRECTION('',(0.,0.,1.));
#6853=DIRECTION('center_axis',(-1.,0.,0.));
#6854=DIRECTION('ref_axis',(0.,-1.,0.));
#6855=DIRECTION('',(0.,-1.,0.));
#6856=DIRECTION('',(0.,-1.,0.));
#6857=DIRECTION('',(0.,0.,1.));
#6858=DIRECTION('center_axis',(-0.707106781186547,0.707106781186549,0.));
#6859=DIRECTION('ref_axis',(-0.707106781186549,-0.707106781186546,0.));
#6860=DIRECTION('',(-0.707106781186549,-0.707106781186546,0.));
#6861=DIRECTION('',(-0.707106781186549,-0.707106781186546,0.));
#6862=DIRECTION('',(0.,0.,1.));
#6863=DIRECTION('center_axis',(-1.,0.,0.));
#6864=DIRECTION('ref_axis',(0.,-1.,0.));
#6865=DIRECTION('',(0.,-1.,0.));
#6866=DIRECTION('',(0.,-1.,0.));
#6867=DIRECTION('',(0.,0.,1.));
#6868=DIRECTION('center_axis',(-0.707106781186547,0.707106781186548,0.));
#6869=DIRECTION('ref_axis',(-0.707106781186548,-0.707106781186547,0.));
#6870=DIRECTION('',(-0.707106781186548,-0.707106781186547,0.));
#6871=DIRECTION('',(-0.707106781186548,-0.707106781186547,0.));
#6872=DIRECTION('',(0.,0.,1.));
#6873=DIRECTION('center_axis',(-1.,0.,0.));
#6874=DIRECTION('ref_axis',(0.,-1.,0.));
#6875=DIRECTION('',(0.,-1.,0.));
#6876=DIRECTION('',(0.,-1.,0.));
#6877=DIRECTION('',(0.,0.,1.));
#6878=DIRECTION('center_axis',(-0.707106781186548,-0.707106781186548,0.));
#6879=DIRECTION('ref_axis',(0.707106781186548,-0.707106781186548,0.));
#6880=DIRECTION('',(0.707106781186547,-0.707106781186547,0.));
#6881=DIRECTION('',(0.707106781186547,-0.707106781186547,0.));
#6882=DIRECTION('',(0.,0.,1.));
#6883=DIRECTION('center_axis',(0.,-1.,0.));
#6884=DIRECTION('ref_axis',(1.,0.,0.));
#6885=DIRECTION('',(1.,0.,0.));
#6886=DIRECTION('',(1.,0.,0.));
#6887=DIRECTION('',(0.,0.,1.));
#6888=DIRECTION('center_axis',(-0.707106781186548,-0.707106781186547,0.));
#6889=DIRECTION('ref_axis',(0.707106781186547,-0.707106781186548,0.));
#6890=DIRECTION('',(0.707106781186547,-0.707106781186548,0.));
#6891=DIRECTION('',(0.707106781186547,-0.707106781186548,0.));
#6892=DIRECTION('',(0.,0.,1.));
#6893=DIRECTION('center_axis',(-0.707106781186548,0.707106781186547,0.));
#6894=DIRECTION('ref_axis',(-0.707106781186547,-0.707106781186548,0.));
#6895=DIRECTION('',(-0.707106781186547,-0.707106781186548,0.));
#6896=DIRECTION('',(-0.707106781186547,-0.707106781186548,0.));
#6897=DIRECTION('',(0.,0.,1.));
#6898=DIRECTION('center_axis',(0.,1.,0.));
#6899=DIRECTION('ref_axis',(-1.,0.,0.));
#6900=DIRECTION('',(-1.,0.,0.));
#6901=DIRECTION('',(-1.,0.,0.));
#6902=DIRECTION('',(0.,0.,1.));
#6903=DIRECTION('center_axis',(-0.707106781186548,0.707106781186548,0.));
#6904=DIRECTION('ref_axis',(-0.707106781186548,-0.707106781186548,0.));
#6905=DIRECTION('',(-0.707106781186547,-0.707106781186547,0.));
#6906=DIRECTION('',(-0.707106781186547,-0.707106781186547,0.));
#6907=DIRECTION('',(0.,0.,1.));
#6908=DIRECTION('center_axis',(-0.707106781186548,-0.707106781186548,0.));
#6909=DIRECTION('ref_axis',(0.707106781186548,-0.707106781186548,0.));
#6910=DIRECTION('',(0.707106781186547,-0.707106781186547,0.));
#6911=DIRECTION('',(0.707106781186547,-0.707106781186547,0.));
#6912=DIRECTION('',(0.,0.,1.));
#6913=DIRECTION('center_axis',(0.,-1.,0.));
#6914=DIRECTION('ref_axis',(1.,0.,0.));
#6915=DIRECTION('',(1.,0.,0.));
#6916=DIRECTION('',(1.,0.,0.));
#6917=DIRECTION('',(0.,0.,1.));
#6918=DIRECTION('center_axis',(-0.707106781186546,-0.707106781186549,0.));
#6919=DIRECTION('ref_axis',(0.707106781186549,-0.707106781186546,0.));
#6920=DIRECTION('',(0.707106781186549,-0.707106781186546,0.));
#6921=DIRECTION('',(0.707106781186549,-0.707106781186546,0.));
#6922=DIRECTION('',(0.,0.,1.));
#6923=DIRECTION('center_axis',(0.,-1.,0.));
#6924=DIRECTION('ref_axis',(1.,0.,0.));
#6925=DIRECTION('',(1.,0.,0.));
#6926=DIRECTION('',(1.,0.,0.));
#6927=DIRECTION('',(0.,0.,1.));
#6928=DIRECTION('center_axis',(0.707106781186549,-0.707106781186546,0.));
#6929=DIRECTION('ref_axis',(0.707106781186546,0.707106781186549,0.));
#6930=DIRECTION('',(0.707106781186546,0.707106781186549,0.));
#6931=DIRECTION('',(0.707106781186546,0.707106781186549,0.));
#6932=DIRECTION('center_axis',(0.707106781186548,0.707106781186548,0.));
#6933=DIRECTION('ref_axis',(-0.707106781186548,0.707106781186548,0.));
#6934=DIRECTION('',(-0.707106781186547,0.707106781186547,0.));
#6935=DIRECTION('',(0.,0.,1.));
#6936=DIRECTION('',(-0.707106781186547,0.707106781186547,0.));
#6937=DIRECTION('',(0.,0.,1.));
#6938=DIRECTION('center_axis',(-0.707106781186548,0.707106781186548,0.));
#6939=DIRECTION('ref_axis',(-0.707106781186548,-0.707106781186548,0.));
#6940=DIRECTION('',(-0.707106781186547,-0.707106781186547,0.));
#6941=DIRECTION('',(-0.707106781186547,-0.707106781186547,0.));
#6942=DIRECTION('',(0.,0.,1.));
#6943=DIRECTION('center_axis',(-0.707106781186548,-0.707106781186548,0.));
#6944=DIRECTION('ref_axis',(0.707106781186548,-0.707106781186548,0.));
#6945=DIRECTION('',(0.707106781186547,-0.707106781186547,0.));
#6946=DIRECTION('',(0.707106781186547,-0.707106781186547,0.));
#6947=DIRECTION('',(0.,0.,1.));
#6948=DIRECTION('center_axis',(0.707106781186548,-0.707106781186548,0.));
#6949=DIRECTION('ref_axis',(0.707106781186548,0.707106781186548,0.));
#6950=DIRECTION('',(0.707106781186547,0.707106781186547,0.));
#6951=DIRECTION('',(0.707106781186547,0.707106781186547,0.));
#6952=DIRECTION('center_axis',(-0.957846433159332,-0.287280717215662,0.));
#6953=DIRECTION('ref_axis',(0.287280717215662,-0.957846433159332,0.));
#6954=DIRECTION('',(-0.287280717215662,0.957846433159332,0.));
#6955=DIRECTION('',(0.,0.,1.));
#6956=DIRECTION('',(0.287280717215662,-0.957846433159332,0.));
#6957=DIRECTION('',(0.,0.,1.));
#6958=DIRECTION('center_axis',(-0.961545333195,-0.274646267425788,0.));
#6959=DIRECTION('ref_axis',(0.274646267425788,-0.961545333194999,0.));
#6960=DIRECTION('',(0.274646267425788,-0.961545333194999,0.));
#6961=DIRECTION('',(0.274646267425788,-0.961545333194999,0.));
#6962=DIRECTION('',(0.,0.,1.));
#6963=DIRECTION('center_axis',(-0.964749409674393,-0.263170242491265,0.));
#6964=DIRECTION('ref_axis',(0.263170242491265,-0.964749409674393,0.));
#6965=DIRECTION('',(-0.263170242491265,0.964749409674393,0.));
#6966=DIRECTION('',(0.263170242491265,-0.964749409674393,0.));
#6967=DIRECTION('',(0.,0.,1.));
#6968=DIRECTION('center_axis',(-0.970159620205926,-0.24246713451908,0.));
#6969=DIRECTION('ref_axis',(0.24246713451908,-0.970159620205926,0.));
#6970=DIRECTION('',(0.24246713451908,-0.970159620205926,0.));
#6971=DIRECTION('',(0.24246713451908,-0.970159620205926,0.));
#6972=DIRECTION('',(0.,0.,1.));
#6973=DIRECTION('center_axis',(-0.975452711778143,-0.220209007728266,0.));
#6974=DIRECTION('ref_axis',(0.220209007728266,-0.975452711778143,0.));
#6975=DIRECTION('',(-0.220209007728266,0.975452711778143,0.));
#6976=DIRECTION('',(0.220209007728266,-0.975452711778143,0.));
#6977=DIRECTION('',(0.,0.,1.));
#6978=DIRECTION('center_axis',(-0.977815496309788,-0.209468029007872,0.));
#6979=DIRECTION('ref_axis',(0.209468029007872,-0.977815496309788,0.));
#6980=DIRECTION('',(0.209468029007872,-0.977815496309788,0.));
#6981=DIRECTION('',(0.209468029007872,-0.977815496309788,0.));
#6982=DIRECTION('',(0.,0.,1.));
#6983=DIRECTION('center_axis',(-0.981788736723235,-0.189975989123349,0.));
#6984=DIRECTION('ref_axis',(0.189975989123349,-0.981788736723235,0.));
#6985=DIRECTION('',(-0.189975989123349,0.981788736723235,0.));
#6986=DIRECTION('',(0.189975989123349,-0.981788736723235,0.));
#6987=DIRECTION('',(0.,0.,1.));
#6988=DIRECTION('center_axis',(-0.984436972218668,-0.175738008777104,0.));
#6989=DIRECTION('ref_axis',(0.175738008777104,-0.984436972218668,0.));
#6990=DIRECTION('',(0.175738008777104,-0.984436972218668,0.));
#6991=DIRECTION('',(0.175738008777104,-0.984436972218668,0.));
#6992=DIRECTION('',(0.,0.,1.));
#6993=DIRECTION('center_axis',(-0.98724746512281,-0.159193098495464,0.));
#6994=DIRECTION('ref_axis',(0.159193098495464,-0.98724746512281,0.));
#6995=DIRECTION('',(-0.159193098495464,0.98724746512281,0.));
#6996=DIRECTION('',(0.159193098495464,-0.98724746512281,0.));
#6997=DIRECTION('',(0.,0.,1.));
#6998=DIRECTION('center_axis',(-0.989955678043041,-0.141378058801013,0.));
#6999=DIRECTION('ref_axis',(0.141378058801013,-0.989955678043041,0.));
#7000=DIRECTION('',(0.141378058801013,-0.989955678043041,0.));
#7001=DIRECTION('',(0.141378058801013,-0.989955678043041,0.));
#7002=DIRECTION('',(0.,0.,1.));
#7003=DIRECTION('center_axis',(-0.991782021176026,-0.127939135810728,0.));
#7004=DIRECTION('ref_axis',(0.127939135810728,-0.991782021176026,0.));
#7005=DIRECTION('',(-0.127939135810728,0.991782021176026,0.));
#7006=DIRECTION('',(0.127939135810728,-0.991782021176026,0.));
#7007=DIRECTION('',(0.,0.,1.));
#7008=DIRECTION('center_axis',(-0.994312709873764,-0.106499929499939,0.));
#7009=DIRECTION('ref_axis',(0.106499929499939,-0.994312709873764,0.));
#7010=DIRECTION('',(0.106499929499939,-0.994312709873764,0.));
#7011=DIRECTION('',(0.106499929499939,-0.994312709873764,0.));
#7012=DIRECTION('',(0.,0.,1.));
#7013=DIRECTION('center_axis',(-0.995352392857463,-0.0962996055699235,0.));
#7014=DIRECTION('ref_axis',(0.0962996055699235,-0.995352392857463,0.));
#7015=DIRECTION('',(-0.0962996055699235,0.995352392857463,0.));
#7016=DIRECTION('',(0.0962996055699235,-0.995352392857463,0.));
#7017=DIRECTION('',(0.,0.,1.));
#7018=DIRECTION('center_axis',(-0.997460305431616,-0.0712245680103932,0.));
#7019=DIRECTION('ref_axis',(0.0712245680103932,-0.997460305431616,0.));
#7020=DIRECTION('',(0.0712245680103932,-0.997460305431616,0.));
#7021=DIRECTION('',(0.0712245680103932,-0.997460305431616,0.));
#7022=DIRECTION('',(0.,0.,1.));
#7023=DIRECTION('center_axis',(-0.997926380181457,-0.0643656720460057,0.));
#7024=DIRECTION('ref_axis',(0.0643656720460057,-0.997926380181457,0.));
#7025=DIRECTION('',(-0.0643656720460057,0.997926380181457,0.));
#7026=DIRECTION('',(0.0643656720460057,-0.997926380181457,0.));
#7027=DIRECTION('',(0.,0.,1.));
#7028=DIRECTION('center_axis',(-0.999363259591846,-0.0356801818655834,0.));
#7029=DIRECTION('ref_axis',(0.0356801818655834,-0.999363259591846,0.));
#7030=DIRECTION('',(0.0356801818655834,-0.999363259591846,0.));
#7031=DIRECTION('',(0.0356801818655834,-0.999363259591846,0.));
#7032=DIRECTION('',(0.,0.,1.));
#7033=DIRECTION('center_axis',(-0.999480384234829,-0.0322329261749187,0.));
#7034=DIRECTION('ref_axis',(0.0322329261749187,-0.999480384234829,0.));
#7035=DIRECTION('',(-0.0322329261749187,0.999480384234829,0.));
#7036=DIRECTION('',(0.0322329261749187,-0.999480384234829,0.));
#7037=DIRECTION('',(0.,0.,1.));
#7038=DIRECTION('center_axis',(-1.,0.,0.));
#7039=DIRECTION('ref_axis',(0.,-1.,0.));
#7040=DIRECTION('',(0.,-1.,0.));
#7041=DIRECTION('',(0.,-1.,0.));
#7042=DIRECTION('',(0.,0.,1.));
#7043=DIRECTION('center_axis',(-0.999480384234829,0.0322329261749187,0.));
#7044=DIRECTION('ref_axis',(-0.0322329261749187,-0.999480384234829,0.));
#7045=DIRECTION('',(0.0322329261749187,0.999480384234829,0.));
#7046=DIRECTION('',(-0.0322329261749187,-0.999480384234829,0.));
#7047=DIRECTION('',(0.,0.,1.));
#7048=DIRECTION('center_axis',(-0.999059421484082,0.0433621072353581,0.));
#7049=DIRECTION('ref_axis',(-0.0433621072353581,-0.999059421484082,0.));
#7050=DIRECTION('',(-0.043362107235358,-0.999059421484082,0.));
#7051=DIRECTION('',(-0.043362107235358,-0.999059421484082,0.));
#7052=DIRECTION('',(0.,0.,1.));
#7053=DIRECTION('center_axis',(-0.998380795291976,0.0568839836171918,0.));
#7054=DIRECTION('ref_axis',(-0.0568839836171918,-0.998380795291976,0.));
#7055=DIRECTION('',(0.0568839836171918,0.998380795291976,0.));
#7056=DIRECTION('',(-0.0568839836171918,-0.998380795291976,0.));
#7057=DIRECTION('',(0.,0.,1.));
#7058=DIRECTION('center_axis',(-0.998219346052257,0.0596501229420672,0.));
#7059=DIRECTION('ref_axis',(-0.0596501229420672,-0.998219346052257,0.));
#7060=DIRECTION('',(-0.0596501229420672,-0.998219346052257,0.));
#7061=DIRECTION('',(-0.0596501229420672,-0.998219346052257,0.));
#7062=DIRECTION('',(0.,0.,1.));
#7063=DIRECTION('center_axis',(0.,0.,1.));
#7064=DIRECTION('ref_axis',(1.,0.,0.));
#7065=DIRECTION('center_axis',(0.,0.,1.));
#7066=DIRECTION('ref_axis',(1.,0.,0.));
#7067=DIRECTION('center_axis',(0.,0.,1.));
#7068=DIRECTION('ref_axis',(1.,0.,0.));
#7069=DIRECTION('',(0.,0.,1.));
#7070=DIRECTION('center_axis',(0.678560332474012,-0.734544672019857,0.));
#7071=DIRECTION('ref_axis',(0.734544672019857,0.678560332474012,0.));
#7072=DIRECTION('',(0.734544672019857,0.678560332474012,0.));
#7073=DIRECTION('',(0.734544672019857,0.678560332474012,0.));
#7074=DIRECTION('',(0.,0.,1.));
#7075=DIRECTION('center_axis',(1.,0.,0.));
#7076=DIRECTION('ref_axis',(0.,1.,0.));
#7077=DIRECTION('',(0.,1.,0.));
#7078=DIRECTION('',(0.,1.,0.));
#7079=DIRECTION('',(0.,0.,1.));
#7080=DIRECTION('center_axis',(0.70710678118655,0.707106781186545,0.));
#7081=DIRECTION('ref_axis',(-0.707106781186545,0.70710678118655,0.));
#7082=DIRECTION('',(-0.707106781186545,0.70710678118655,0.));
#7083=DIRECTION('',(-0.707106781186545,0.70710678118655,0.));
#7084=DIRECTION('',(0.,0.,1.));
#7085=DIRECTION('center_axis',(1.,0.,0.));
#7086=DIRECTION('ref_axis',(0.,1.,0.));
#7087=DIRECTION('',(0.,1.,0.));
#7088=DIRECTION('',(0.,1.,0.));
#7089=DIRECTION('',(0.,0.,1.));
#7090=DIRECTION('center_axis',(0.707106781186549,-0.707106781186546,0.));
#7091=DIRECTION('ref_axis',(0.707106781186546,0.707106781186549,0.));
#7092=DIRECTION('',(0.707106781186546,0.707106781186549,0.));
#7093=DIRECTION('',(0.707106781186546,0.707106781186549,0.));
#7094=DIRECTION('',(0.,0.,1.));
#7095=DIRECTION('center_axis',(1.,0.,0.));
#7096=DIRECTION('ref_axis',(0.,1.,0.));
#7097=DIRECTION('',(0.,1.,0.));
#7098=DIRECTION('',(0.,1.,0.));
#7099=DIRECTION('',(0.,0.,1.));
#7100=DIRECTION('center_axis',(0.707106781186549,-0.707106781186546,0.));
#7101=DIRECTION('ref_axis',(0.707106781186546,0.707106781186549,0.));
#7102=DIRECTION('',(0.707106781186546,0.707106781186549,0.));
#7103=DIRECTION('',(0.707106781186546,0.707106781186549,0.));
#7104=DIRECTION('',(0.,0.,1.));
#7105=DIRECTION('center_axis',(1.,0.,0.));
#7106=DIRECTION('ref_axis',(0.,1.,0.));
#7107=DIRECTION('',(0.,1.,0.));
#7108=DIRECTION('',(0.,1.,0.));
#7109=DIRECTION('',(0.,0.,1.));
#7110=DIRECTION('center_axis',(0.707106781186548,0.707106781186548,0.));
#7111=DIRECTION('ref_axis',(-0.707106781186548,0.707106781186548,0.));
#7112=DIRECTION('',(-0.707106781186547,0.707106781186547,0.));
#7113=DIRECTION('',(-0.707106781186547,0.707106781186547,0.));
#7114=DIRECTION('',(0.,0.,1.));
#7115=DIRECTION('center_axis',(-0.707106781186548,0.707106781186547,0.));
#7116=DIRECTION('ref_axis',(-0.707106781186547,-0.707106781186548,0.));
#7117=DIRECTION('',(-0.707106781186547,-0.707106781186548,0.));
#7118=DIRECTION('',(-0.707106781186547,-0.707106781186548,0.));
#7119=DIRECTION('',(0.,0.,1.));
#7120=DIRECTION('center_axis',(-1.,0.,0.));
#7121=DIRECTION('ref_axis',(0.,-1.,0.));
#7122=DIRECTION('',(0.,-1.,0.));
#7123=DIRECTION('',(0.,-1.,0.));
#7124=DIRECTION('',(0.,0.,1.));
#7125=DIRECTION('center_axis',(-0.707106781186548,0.707106781186547,0.));
#7126=DIRECTION('ref_axis',(-0.707106781186547,-0.707106781186548,0.));
#7127=DIRECTION('',(-0.707106781186547,-0.707106781186548,0.));
#7128=DIRECTION('',(-0.707106781186547,-0.707106781186548,0.));
#7129=DIRECTION('',(0.,0.,1.));
#7130=DIRECTION('center_axis',(0.,1.,0.));
#7131=DIRECTION('ref_axis',(-1.,0.,0.));
#7132=DIRECTION('',(-1.,0.,0.));
#7133=DIRECTION('',(-1.,0.,0.));
#7134=DIRECTION('',(0.,0.,1.));
#7135=DIRECTION('center_axis',(0.707106781186547,0.707106781186548,0.));
#7136=DIRECTION('ref_axis',(-0.707106781186548,0.707106781186547,0.));
#7137=DIRECTION('',(-0.707106781186548,0.707106781186547,0.));
#7138=DIRECTION('',(-0.707106781186548,0.707106781186547,0.));
#7139=DIRECTION('',(0.,0.,1.));
#7140=DIRECTION('center_axis',(1.,0.,0.));
#7141=DIRECTION('ref_axis',(0.,1.,0.));
#7142=DIRECTION('',(0.,1.,0.));
#7143=DIRECTION('',(0.,1.,0.));
#7144=DIRECTION('',(0.,0.,1.));
#7145=DIRECTION('center_axis',(0.707106781186547,-0.707106781186548,0.));
#7146=DIRECTION('ref_axis',(0.707106781186548,0.707106781186547,0.));
#7147=DIRECTION('',(0.707106781186548,0.707106781186547,0.));
#7148=DIRECTION('',(0.707106781186548,0.707106781186547,0.));
#7149=DIRECTION('',(0.,0.,1.));
#7150=DIRECTION('center_axis',(0.,-1.,0.));
#7151=DIRECTION('ref_axis',(1.,0.,0.));
#7152=DIRECTION('',(1.,0.,0.));
#7153=DIRECTION('',(1.,0.,0.));
#7154=DIRECTION('',(0.,0.,1.));
#7155=DIRECTION('center_axis',(0.707106781186548,-0.707106781186547,0.));
#7156=DIRECTION('ref_axis',(0.707106781186547,0.707106781186548,0.));
#7157=DIRECTION('',(0.707106781186547,0.707106781186548,0.));
#7158=DIRECTION('',(0.707106781186547,0.707106781186548,0.));
#7159=DIRECTION('',(0.,0.,1.));
#7160=DIRECTION('center_axis',(0.,-1.,0.));
#7161=DIRECTION('ref_axis',(1.,0.,0.));
#7162=DIRECTION('',(1.,0.,0.));
#7163=DIRECTION('',(1.,0.,0.));
#7164=DIRECTION('',(0.,0.,1.));
#7165=DIRECTION('center_axis',(0.707106781186547,-0.707106781186548,0.));
#7166=DIRECTION('ref_axis',(0.707106781186548,0.707106781186547,0.));
#7167=DIRECTION('',(0.707106781186548,0.707106781186547,0.));
#7168=DIRECTION('',(0.707106781186548,0.707106781186547,0.));
#7169=DIRECTION('',(0.,0.,1.));
#7170=DIRECTION('center_axis',(0.,-1.,0.));
#7171=DIRECTION('ref_axis',(1.,0.,0.));
#7172=DIRECTION('',(1.,0.,0.));
#7173=DIRECTION('',(1.,0.,0.));
#7174=DIRECTION('',(0.,0.,1.));
#7175=DIRECTION('center_axis',(0.707106781186548,-0.707106781186547,0.));
#7176=DIRECTION('ref_axis',(0.707106781186547,0.707106781186548,0.));
#7177=DIRECTION('',(0.707106781186547,0.707106781186548,0.));
#7178=DIRECTION('',(0.707106781186547,0.707106781186548,0.));
#7179=DIRECTION('',(0.,0.,1.));
#7180=DIRECTION('center_axis',(0.,-1.,0.));
#7181=DIRECTION('ref_axis',(1.,0.,0.));
#7182=DIRECTION('',(1.,0.,0.));
#7183=DIRECTION('',(1.,0.,0.));
#7184=DIRECTION('',(0.,0.,1.));
#7185=DIRECTION('center_axis',(0.707106781186547,-0.707106781186548,0.));
#7186=DIRECTION('ref_axis',(0.707106781186548,0.707106781186547,0.));
#7187=DIRECTION('',(0.707106781186548,0.707106781186547,0.));
#7188=DIRECTION('',(0.707106781186548,0.707106781186547,0.));
#7189=DIRECTION('',(0.,0.,1.));
#7190=DIRECTION('center_axis',(0.,-1.,0.));
#7191=DIRECTION('ref_axis',(1.,0.,0.));
#7192=DIRECTION('',(1.,0.,0.));
#7193=DIRECTION('',(1.,0.,0.));
#7194=DIRECTION('',(0.,0.,1.));
#7195=DIRECTION('center_axis',(0.707106781186548,-0.707106781186548,0.));
#7196=DIRECTION('ref_axis',(0.707106781186548,0.707106781186548,0.));
#7197=DIRECTION('',(0.707106781186547,0.707106781186547,0.));
#7198=DIRECTION('',(0.707106781186547,0.707106781186547,0.));
#7199=DIRECTION('',(0.,0.,1.));
#7200=DIRECTION('center_axis',(0.707106781186548,0.707106781186547,0.));
#7201=DIRECTION('ref_axis',(-0.707106781186547,0.707106781186548,0.));
#7202=DIRECTION('',(-0.707106781186547,0.707106781186548,0.));
#7203=DIRECTION('',(-0.707106781186547,0.707106781186548,0.));
#7204=DIRECTION('',(0.,0.,1.));
#7205=DIRECTION('center_axis',(1.,0.,0.));
#7206=DIRECTION('ref_axis',(0.,1.,0.));
#7207=DIRECTION('',(0.,1.,0.));
#7208=DIRECTION('',(0.,1.,0.));
#7209=DIRECTION('',(0.,0.,1.));
#7210=DIRECTION('center_axis',(0.707106781186547,0.707106781186548,0.));
#7211=DIRECTION('ref_axis',(-0.707106781186548,0.707106781186547,0.));
#7212=DIRECTION('',(-0.707106781186548,0.707106781186547,0.));
#7213=DIRECTION('',(-0.707106781186548,0.707106781186547,0.));
#7214=DIRECTION('',(0.,0.,1.));
#7215=DIRECTION('center_axis',(1.,0.,0.));
#7216=DIRECTION('ref_axis',(0.,1.,0.));
#7217=DIRECTION('',(0.,1.,0.));
#7218=DIRECTION('',(0.,1.,0.));
#7219=DIRECTION('',(0.,0.,1.));
#7220=DIRECTION('center_axis',(0.707106781186548,-0.707106781186547,0.));
#7221=DIRECTION('ref_axis',(0.707106781186547,0.707106781186548,0.));
#7222=DIRECTION('',(0.707106781186547,0.707106781186548,0.));
#7223=DIRECTION('',(0.707106781186547,0.707106781186548,0.));
#7224=DIRECTION('',(0.,0.,1.));
#7225=DIRECTION('center_axis',(1.,0.,0.));
#7226=DIRECTION('ref_axis',(0.,1.,0.));
#7227=DIRECTION('',(0.,1.,0.));
#7228=DIRECTION('',(0.,1.,0.));
#7229=DIRECTION('',(0.,0.,1.));
#7230=DIRECTION('center_axis',(0.707106781186544,0.707106781186551,0.));
#7231=DIRECTION('ref_axis',(-0.707106781186551,0.707106781186544,0.));
#7232=DIRECTION('',(-0.707106781186551,0.707106781186544,0.));
#7233=DIRECTION('',(-0.707106781186551,0.707106781186544,0.));
#7234=DIRECTION('',(0.,0.,1.));
#7235=DIRECTION('center_axis',(0.,1.,0.));
#7236=DIRECTION('ref_axis',(-1.,0.,0.));
#7237=DIRECTION('',(-1.,0.,0.));
#7238=DIRECTION('',(-1.,0.,0.));
#7239=DIRECTION('',(0.,0.,1.));
#7240=DIRECTION('center_axis',(0.707106781186544,0.707106781186551,0.));
#7241=DIRECTION('ref_axis',(-0.707106781186551,0.707106781186544,0.));
#7242=DIRECTION('',(-0.707106781186551,0.707106781186544,0.));
#7243=DIRECTION('',(-0.707106781186551,0.707106781186544,0.));
#7244=DIRECTION('',(0.,0.,1.));
#7245=DIRECTION('center_axis',(0.,1.,0.));
#7246=DIRECTION('ref_axis',(-1.,0.,0.));
#7247=DIRECTION('',(-1.,0.,0.));
#7248=DIRECTION('',(-1.,0.,0.));
#7249=DIRECTION('',(0.,0.,1.));
#7250=DIRECTION('center_axis',(0.707106781186548,0.707106781186548,0.));
#7251=DIRECTION('ref_axis',(-0.707106781186548,0.707106781186548,0.));
#7252=DIRECTION('',(-0.707106781186548,0.707106781186548,0.));
#7253=DIRECTION('',(-0.707106781186548,0.707106781186548,0.));
#7254=DIRECTION('',(0.,0.,1.));
#7255=DIRECTION('center_axis',(0.,1.,0.));
#7256=DIRECTION('ref_axis',(-1.,0.,0.));
#7257=DIRECTION('',(-1.,0.,0.));
#7258=DIRECTION('',(-1.,0.,0.));
#7259=DIRECTION('',(0.,0.,1.));
#7260=DIRECTION('center_axis',(0.707106781186549,0.707106781186546,0.));
#7261=DIRECTION('ref_axis',(-0.707106781186546,0.707106781186549,0.));
#7262=DIRECTION('',(-0.707106781186546,0.707106781186549,0.));
#7263=DIRECTION('',(-0.707106781186546,0.707106781186549,0.));
#7264=DIRECTION('',(0.,0.,1.));
#7265=DIRECTION('center_axis',(1.,0.,0.));
#7266=DIRECTION('ref_axis',(0.,1.,0.));
#7267=DIRECTION('',(0.,1.,0.));
#7268=DIRECTION('',(0.,1.,0.));
#7269=DIRECTION('',(0.,0.,1.));
#7270=DIRECTION('center_axis',(0.10998026094695,0.993933771537139,0.));
#7271=DIRECTION('ref_axis',(-0.993933771537139,0.10998026094695,0.));
#7272=DIRECTION('',(-0.993933771537139,0.10998026094695,0.));
#7273=DIRECTION('',(-0.993933771537139,0.10998026094695,0.));
#7274=DIRECTION('',(0.,0.,1.));
#7275=DIRECTION('center_axis',(0.,0.,1.));
#7276=DIRECTION('ref_axis',(1.,0.,0.));
#7277=DIRECTION('center_axis',(0.,0.,1.));
#7278=DIRECTION('ref_axis',(1.,0.,0.));
#7279=DIRECTION('center_axis',(0.,0.,1.));
#7280=DIRECTION('ref_axis',(1.,0.,0.));
#7281=DIRECTION('',(0.,0.,1.));
#7282=DIRECTION('center_axis',(-0.950252281547744,-0.311481301867875,0.));
#7283=DIRECTION('ref_axis',(0.311481301867875,-0.950252281547744,0.));
#7284=DIRECTION('',(-0.311481301867875,0.950252281547744,0.));
#7285=DIRECTION('',(0.311481301867875,-0.950252281547744,0.));
#7286=DIRECTION('',(0.,0.,1.));
#7287=DIRECTION('center_axis',(-0.951959445684736,-0.30622412343186,0.));
#7288=DIRECTION('ref_axis',(0.30622412343186,-0.951959445684736,0.));
#7289=DIRECTION('',(0.30622412343186,-0.951959445684736,0.));
#7290=DIRECTION('',(0.30622412343186,-0.951959445684736,0.));
#7291=DIRECTION('center_axis',(0.,0.,1.));
#7292=DIRECTION('ref_axis',(1.,0.,0.));
#7293=DIRECTION('center_axis',(0.,0.,1.));
#7294=DIRECTION('ref_axis',(1.,0.,0.));
#7295=DIRECTION('center_axis',(1.,0.,0.));
#7296=DIRECTION('ref_axis',(0.,1.,0.));
#7297=DIRECTION('',(0.,1.,0.));
#7298=DIRECTION('',(0.,0.,1.));
#7299=DIRECTION('',(0.,1.,0.));
#7300=DIRECTION('',(0.,0.,1.));
#7301=DIRECTION('center_axis',(0.707106781186544,-0.707106781186551,0.));
#7302=DIRECTION('ref_axis',(0.707106781186551,0.707106781186544,0.));
#7303=DIRECTION('',(0.707106781186551,0.707106781186544,0.));
#7304=DIRECTION('',(0.707106781186551,0.707106781186544,0.));
#7305=DIRECTION('',(0.,0.,1.));
#7306=DIRECTION('center_axis',(0.,-1.,0.));
#7307=DIRECTION('ref_axis',(1.,0.,0.));
#7308=DIRECTION('',(1.,0.,0.));
#7309=DIRECTION('',(1.,0.,0.));
#7310=DIRECTION('',(0.,0.,1.));
#7311=DIRECTION('center_axis',(0.707106781186549,-0.707106781186546,0.));
#7312=DIRECTION('ref_axis',(0.707106781186546,0.707106781186549,0.));
#7313=DIRECTION('',(0.707106781186546,0.707106781186549,0.));
#7314=DIRECTION('',(0.707106781186546,0.707106781186549,0.));
#7315=DIRECTION('',(0.,0.,1.));
#7316=DIRECTION('center_axis',(0.,-1.,0.));
#7317=DIRECTION('ref_axis',(1.,0.,0.));
#7318=DIRECTION('',(1.,0.,0.));
#7319=DIRECTION('',(1.,0.,0.));
#7320=DIRECTION('',(0.,0.,1.));
#7321=DIRECTION('center_axis',(-0.707106781186548,-0.707106781186548,0.));
#7322=DIRECTION('ref_axis',(0.707106781186548,-0.707106781186548,0.));
#7323=DIRECTION('',(0.707106781186548,-0.707106781186548,0.));
#7324=DIRECTION('',(0.707106781186548,-0.707106781186548,0.));
#7325=DIRECTION('',(0.,0.,1.));
#7326=DIRECTION('center_axis',(-1.,0.,0.));
#7327=DIRECTION('ref_axis',(0.,-1.,0.));
#7328=DIRECTION('',(0.,-1.,0.));
#7329=DIRECTION('',(0.,-1.,0.));
#7330=DIRECTION('',(0.,0.,1.));
#7331=DIRECTION('center_axis',(-0.707106781186547,0.707106781186548,0.));
#7332=DIRECTION('ref_axis',(-0.707106781186548,-0.707106781186547,0.));
#7333=DIRECTION('',(-0.707106781186548,-0.707106781186547,0.));
#7334=DIRECTION('',(-0.707106781186548,-0.707106781186547,0.));
#7335=DIRECTION('',(0.,0.,1.));
#7336=DIRECTION('center_axis',(-1.,0.,0.));
#7337=DIRECTION('ref_axis',(0.,-1.,0.));
#7338=DIRECTION('',(0.,-1.,0.));
#7339=DIRECTION('',(0.,-1.,0.));
#7340=DIRECTION('',(0.,0.,1.));
#7341=DIRECTION('center_axis',(-0.707106781186547,0.707106781186548,0.));
#7342=DIRECTION('ref_axis',(-0.707106781186548,-0.707106781186547,0.));
#7343=DIRECTION('',(-0.707106781186548,-0.707106781186547,0.));
#7344=DIRECTION('',(-0.707106781186548,-0.707106781186547,0.));
#7345=DIRECTION('',(0.,0.,1.));
#7346=DIRECTION('center_axis',(-1.,0.,0.));
#7347=DIRECTION('ref_axis',(0.,-1.,0.));
#7348=DIRECTION('',(0.,-1.,0.));
#7349=DIRECTION('',(0.,-1.,0.));
#7350=DIRECTION('',(0.,0.,1.));
#7351=DIRECTION('center_axis',(-0.707106781186552,0.707106781186543,0.));
#7352=DIRECTION('ref_axis',(-0.707106781186543,-0.707106781186552,0.));
#7353=DIRECTION('',(-0.707106781186543,-0.707106781186552,0.));
#7354=DIRECTION('',(-0.707106781186543,-0.707106781186552,0.));
#7355=DIRECTION('',(0.,0.,1.));
#7356=DIRECTION('center_axis',(-1.,0.,0.));
#7357=DIRECTION('ref_axis',(0.,-1.,0.));
#7358=DIRECTION('',(0.,-1.,0.));
#7359=DIRECTION('',(0.,-1.,0.));
#7360=DIRECTION('',(0.,0.,1.));
#7361=DIRECTION('center_axis',(-0.707106781186545,0.70710678118655,0.));
#7362=DIRECTION('ref_axis',(-0.70710678118655,-0.707106781186545,0.));
#7363=DIRECTION('',(-0.70710678118655,-0.707106781186545,0.));
#7364=DIRECTION('',(-0.70710678118655,-0.707106781186545,0.));
#7365=DIRECTION('',(0.,0.,1.));
#7366=DIRECTION('center_axis',(0.,1.,0.));
#7367=DIRECTION('ref_axis',(-1.,0.,0.));
#7368=DIRECTION('',(-1.,0.,0.));
#7369=DIRECTION('',(-1.,0.,0.));
#7370=DIRECTION('',(0.,0.,1.));
#7371=DIRECTION('center_axis',(0.707106781186551,0.707106781186544,0.));
#7372=DIRECTION('ref_axis',(-0.707106781186544,0.707106781186551,0.));
#7373=DIRECTION('',(-0.707106781186544,0.707106781186551,0.));
#7374=DIRECTION('',(-0.707106781186544,0.707106781186551,0.));
#7375=DIRECTION('',(0.,0.,1.));
#7376=DIRECTION('center_axis',(1.,0.,0.));
#7377=DIRECTION('ref_axis',(0.,1.,0.));
#7378=DIRECTION('',(0.,1.,0.));
#7379=DIRECTION('',(0.,1.,0.));
#7380=DIRECTION('',(0.,0.,1.));
#7381=DIRECTION('center_axis',(0.70710678118655,-0.707106781186545,0.));
#7382=DIRECTION('ref_axis',(0.707106781186545,0.70710678118655,0.));
#7383=DIRECTION('',(0.707106781186545,0.70710678118655,0.));
#7384=DIRECTION('',(0.707106781186545,0.70710678118655,0.));
#7385=DIRECTION('center_axis',(0.,0.,1.));
#7386=DIRECTION('ref_axis',(1.,0.,0.));
#7387=DIRECTION('center_axis',(0.,0.,1.));
#7388=DIRECTION('ref_axis',(1.,0.,0.));
#7389=DIRECTION('center_axis',(-1.,0.,0.));
#7390=DIRECTION('ref_axis',(0.,-1.,0.));
#7391=DIRECTION('',(0.,-1.,0.));
#7392=DIRECTION('',(0.,0.,1.));
#7393=DIRECTION('',(0.,-1.,0.));
#7394=DIRECTION('',(0.,0.,1.));
#7395=DIRECTION('center_axis',(-0.707106781186551,-0.707106781186544,0.));
#7396=DIRECTION('ref_axis',(0.707106781186544,-0.707106781186551,0.));
#7397=DIRECTION('',(0.707106781186544,-0.707106781186551,0.));
#7398=DIRECTION('',(0.707106781186544,-0.707106781186551,0.));
#7399=DIRECTION('',(0.,0.,1.));
#7400=DIRECTION('center_axis',(0.,-1.,0.));
#7401=DIRECTION('ref_axis',(1.,0.,0.));
#7402=DIRECTION('',(1.,0.,0.));
#7403=DIRECTION('',(1.,0.,0.));
#7404=DIRECTION('',(0.,0.,1.));
#7405=DIRECTION('center_axis',(0.707106781186545,-0.70710678118655,0.));
#7406=DIRECTION('ref_axis',(0.70710678118655,0.707106781186545,0.));
#7407=DIRECTION('',(0.70710678118655,0.707106781186545,0.));
#7408=DIRECTION('',(0.70710678118655,0.707106781186545,0.));
#7409=DIRECTION('',(0.,0.,1.));
#7410=DIRECTION('center_axis',(1.,0.,0.));
#7411=DIRECTION('ref_axis',(0.,1.,0.));
#7412=DIRECTION('',(0.,1.,0.));
#7413=DIRECTION('',(0.,1.,0.));
#7414=DIRECTION('',(0.,0.,1.));
#7415=DIRECTION('center_axis',(0.707106781186552,-0.707106781186543,0.));
#7416=DIRECTION('ref_axis',(0.707106781186543,0.707106781186552,0.));
#7417=DIRECTION('',(0.707106781186543,0.707106781186552,0.));
#7418=DIRECTION('',(0.707106781186543,0.707106781186552,0.));
#7419=DIRECTION('',(0.,0.,1.));
#7420=DIRECTION('center_axis',(1.,0.,0.));
#7421=DIRECTION('ref_axis',(0.,1.,0.));
#7422=DIRECTION('',(0.,1.,0.));
#7423=DIRECTION('',(0.,1.,0.));
#7424=DIRECTION('',(0.,0.,1.));
#7425=DIRECTION('center_axis',(0.707106781186547,-0.707106781186548,0.));
#7426=DIRECTION('ref_axis',(0.707106781186548,0.707106781186547,0.));
#7427=DIRECTION('',(0.707106781186548,0.707106781186547,0.));
#7428=DIRECTION('',(0.707106781186548,0.707106781186547,0.));
#7429=DIRECTION('',(0.,0.,1.));
#7430=DIRECTION('center_axis',(1.,0.,0.));
#7431=DIRECTION('ref_axis',(0.,1.,0.));
#7432=DIRECTION('',(0.,1.,0.));
#7433=DIRECTION('',(0.,1.,0.));
#7434=DIRECTION('',(0.,0.,1.));
#7435=DIRECTION('center_axis',(0.707106781186547,-0.707106781186548,0.));
#7436=DIRECTION('ref_axis',(0.707106781186548,0.707106781186547,0.));
#7437=DIRECTION('',(0.707106781186548,0.707106781186547,0.));
#7438=DIRECTION('',(0.707106781186548,0.707106781186547,0.));
#7439=DIRECTION('',(0.,0.,1.));
#7440=DIRECTION('center_axis',(1.,0.,0.));
#7441=DIRECTION('ref_axis',(0.,1.,0.));
#7442=DIRECTION('',(0.,1.,0.));
#7443=DIRECTION('',(0.,1.,0.));
#7444=DIRECTION('',(0.,0.,1.));
#7445=DIRECTION('center_axis',(0.707106781186548,0.707106781186548,0.));
#7446=DIRECTION('ref_axis',(-0.707106781186548,0.707106781186548,0.));
#7447=DIRECTION('',(-0.707106781186548,0.707106781186548,0.));
#7448=DIRECTION('',(-0.707106781186548,0.707106781186548,0.));
#7449=DIRECTION('',(0.,0.,1.));
#7450=DIRECTION('center_axis',(0.,1.,0.));
#7451=DIRECTION('ref_axis',(-1.,0.,0.));
#7452=DIRECTION('',(-1.,0.,0.));
#7453=DIRECTION('',(-1.,0.,0.));
#7454=DIRECTION('',(0.,0.,1.));
#7455=DIRECTION('center_axis',(-0.707106781186549,0.707106781186546,0.));
#7456=DIRECTION('ref_axis',(-0.707106781186546,-0.707106781186549,0.));
#7457=DIRECTION('',(-0.707106781186546,-0.707106781186549,0.));
#7458=DIRECTION('',(-0.707106781186546,-0.707106781186549,0.));
#7459=DIRECTION('',(0.,0.,1.));
#7460=DIRECTION('center_axis',(0.,1.,0.));
#7461=DIRECTION('ref_axis',(-1.,0.,0.));
#7462=DIRECTION('',(-1.,0.,0.));
#7463=DIRECTION('',(-1.,0.,0.));
#7464=DIRECTION('',(0.,0.,1.));
#7465=DIRECTION('center_axis',(-0.707106781186544,0.707106781186551,0.));
#7466=DIRECTION('ref_axis',(-0.707106781186551,-0.707106781186544,0.));
#7467=DIRECTION('',(-0.707106781186551,-0.707106781186544,0.));
#7468=DIRECTION('',(-0.707106781186551,-0.707106781186544,0.));
#7469=DIRECTION('',(0.,0.,1.));
#7470=DIRECTION('center_axis',(-1.,0.,0.));
#7471=DIRECTION('ref_axis',(0.,-1.,0.));
#7472=DIRECTION('',(0.,-1.,0.));
#7473=DIRECTION('',(0.,-1.,0.));
#7474=DIRECTION('',(0.,0.,1.));
#7475=DIRECTION('center_axis',(-0.70710678118655,0.707106781186545,0.));
#7476=DIRECTION('ref_axis',(-0.707106781186545,-0.70710678118655,0.));
#7477=DIRECTION('',(-0.707106781186545,-0.70710678118655,0.));
#7478=DIRECTION('',(-0.707106781186545,-0.70710678118655,0.));
#7479=DIRECTION('center_axis',(0.781629865298287,-0.623742537970421,0.));
#7480=DIRECTION('ref_axis',(0.623742537970421,0.781629865298287,0.));
#7481=DIRECTION('',(-0.623742537970421,-0.781629865298287,0.));
#7482=DIRECTION('',(0.,0.,1.));
#7483=DIRECTION('',(0.623742537970421,0.781629865298287,0.));
#7484=DIRECTION('',(0.,0.,1.));
#7485=DIRECTION('center_axis',(0.767565112533545,-0.640970980639035,0.));
#7486=DIRECTION('ref_axis',(0.640970980639035,0.767565112533545,0.));
#7487=DIRECTION('',(-0.640970980639035,-0.767565112533545,0.));
#7488=DIRECTION('',(0.640970980639035,0.767565112533545,0.));
#7489=DIRECTION('',(0.,0.,1.));
#7490=DIRECTION('center_axis',(0.75306199166863,-0.657949570031075,0.));
#7491=DIRECTION('ref_axis',(0.657949570031075,0.75306199166863,0.));
#7492=DIRECTION('',(-0.657949570031075,-0.75306199166863,0.));
#7493=DIRECTION('',(0.657949570031075,0.75306199166863,0.));
#7494=DIRECTION('',(0.,0.,1.));
#7495=DIRECTION('center_axis',(0.7381379216871,-0.674649841449214,0.));
#7496=DIRECTION('ref_axis',(0.674649841449214,0.738137921687099,0.));
#7497=DIRECTION('',(-0.674649841449214,-0.738137921687099,0.));
#7498=DIRECTION('',(0.674649841449214,0.738137921687099,0.));
#7499=DIRECTION('',(0.,0.,1.));
#7500=DIRECTION('center_axis',(0.722812380151133,-0.691044327883714,0.));
#7501=DIRECTION('ref_axis',(0.691044327883714,0.722812380151133,0.));
#7502=DIRECTION('',(-0.691044327883714,-0.722812380151133,0.));
#7503=DIRECTION('',(0.691044327883714,0.722812380151133,0.));
#7504=DIRECTION('',(0.,0.,1.));
#7505=DIRECTION('center_axis',(0.707106781186548,-0.707106781186548,0.));
#7506=DIRECTION('ref_axis',(0.707106781186548,0.707106781186548,0.));
#7507=DIRECTION('',(-0.707106781186547,-0.707106781186547,0.));
#7508=DIRECTION('',(0.707106781186547,0.707106781186547,0.));
#7509=DIRECTION('',(0.,0.,1.));
#7510=DIRECTION('center_axis',(0.691044327883714,-0.722812380151133,0.));
#7511=DIRECTION('ref_axis',(0.722812380151133,0.691044327883714,0.));
#7512=DIRECTION('',(-0.722812380151133,-0.691044327883714,0.));
#7513=DIRECTION('',(0.722812380151133,0.691044327883714,0.));
#7514=DIRECTION('',(0.,0.,1.));
#7515=DIRECTION('center_axis',(0.674649841449214,-0.7381379216871,0.));
#7516=DIRECTION('ref_axis',(0.7381379216871,0.674649841449214,0.));
#7517=DIRECTION('',(-0.738137921687099,-0.674649841449214,0.));
#7518=DIRECTION('',(0.738137921687099,0.674649841449214,0.));
#7519=DIRECTION('',(0.,0.,1.));
#7520=DIRECTION('center_axis',(0.657949570031075,-0.75306199166863,0.));
#7521=DIRECTION('ref_axis',(0.75306199166863,0.657949570031075,0.));
#7522=DIRECTION('',(-0.75306199166863,-0.657949570031075,0.));
#7523=DIRECTION('',(0.75306199166863,0.657949570031075,0.));
#7524=DIRECTION('',(0.,0.,1.));
#7525=DIRECTION('center_axis',(0.640970980639035,-0.767565112533545,0.));
#7526=DIRECTION('ref_axis',(0.767565112533545,0.640970980639035,0.));
#7527=DIRECTION('',(-0.767565112533545,-0.640970980639035,0.));
#7528=DIRECTION('',(0.767565112533545,0.640970980639035,0.));
#7529=DIRECTION('',(0.,0.,1.));
#7530=DIRECTION('center_axis',(0.623742537970421,-0.781629865298287,0.));
#7531=DIRECTION('ref_axis',(0.781629865298287,0.623742537970421,0.));
#7532=DIRECTION('',(-0.781629865298287,-0.623742537970421,0.));
#7533=DIRECTION('',(0.781629865298287,0.623742537970421,0.));
#7534=DIRECTION('',(0.,0.,1.));
#7535=DIRECTION('center_axis',(0.604986021475952,-0.796236091758405,0.));
#7536=DIRECTION('ref_axis',(0.796236091758405,0.604986021475952,0.));
#7537=DIRECTION('',(-0.796236091758405,-0.604986021475952,0.));
#7538=DIRECTION('',(0.796236091758405,0.604986021475952,0.));
#7539=DIRECTION('',(0.,0.,1.));
#7540=DIRECTION('center_axis',(0.585799866692776,-0.81045574597428,0.));
#7541=DIRECTION('ref_axis',(0.81045574597428,0.585799866692776,0.));
#7542=DIRECTION('',(-0.81045574597428,-0.585799866692776,0.));
#7543=DIRECTION('',(0.81045574597428,0.585799866692776,0.));
#7544=DIRECTION('',(0.,0.,1.));
#7545=DIRECTION('center_axis',(0.567564859790813,-0.823328688878649,0.));
#7546=DIRECTION('ref_axis',(0.823328688878649,0.567564859790813,0.));
#7547=DIRECTION('',(-0.823328688878649,-0.567564859790813,0.));
#7548=DIRECTION('',(0.823328688878649,0.567564859790813,0.));
#7549=DIRECTION('',(0.,0.,1.));
#7550=DIRECTION('center_axis',(0.556539644427343,-0.830821054247355,0.));
#7551=DIRECTION('ref_axis',(0.830821054247355,0.556539644427343,0.));
#7552=DIRECTION('',(-0.830821054247355,-0.556539644427343,0.));
#7553=DIRECTION('',(0.830821054247355,0.556539644427343,0.));
#7554=DIRECTION('',(0.,0.,1.));
#7555=DIRECTION('center_axis',(0.552772683235791,-0.833332083066711,0.));
#7556=DIRECTION('ref_axis',(0.833332083066711,0.552772683235791,0.));
#7557=DIRECTION('',(-0.833332083066711,-0.552772683235791,0.));
#7558=DIRECTION('',(0.833332083066711,0.552772683235791,0.));
#7559=DIRECTION('',(0.,0.,1.));
#7560=DIRECTION('center_axis',(0.548817167524577,-0.835942412269111,0.));
#7561=DIRECTION('ref_axis',(0.835942412269111,0.548817167524576,0.));
#7562=DIRECTION('',(-0.835942412269111,-0.548817167524576,0.));
#7563=DIRECTION('',(0.835942412269111,0.548817167524576,0.));
#7564=DIRECTION('',(0.,0.,1.));
#7565=DIRECTION('center_axis',(0.544658925719145,-0.838657650435782,0.));
#7566=DIRECTION('ref_axis',(0.838657650435782,0.544658925719145,0.));
#7567=DIRECTION('',(-0.838657650435782,-0.544658925719145,0.));
#7568=DIRECTION('',(0.838657650435782,0.544658925719145,0.));
#7569=DIRECTION('',(0.,0.,1.));
#7570=DIRECTION('center_axis',(-0.10998026094695,-0.993933771537139,0.));
#7571=DIRECTION('ref_axis',(0.993933771537139,-0.10998026094695,0.));
#7572=DIRECTION('',(-0.993933771537139,0.10998026094695,0.));
#7573=DIRECTION('',(0.993933771537139,-0.10998026094695,0.));
#7574=DIRECTION('',(0.,0.,1.));
#7575=DIRECTION('center_axis',(-1.,0.,0.));
#7576=DIRECTION('ref_axis',(0.,-1.,0.));
#7577=DIRECTION('',(0.,1.,0.));
#7578=DIRECTION('',(0.,-1.,0.));
#7579=DIRECTION('',(0.,0.,1.));
#7580=DIRECTION('center_axis',(-0.707106781186549,-0.707106781186546,0.));
#7581=DIRECTION('ref_axis',(0.707106781186546,-0.707106781186549,0.));
#7582=DIRECTION('',(-0.707106781186546,0.707106781186549,0.));
#7583=DIRECTION('',(0.707106781186546,-0.707106781186549,0.));
#7584=DIRECTION('',(0.,0.,1.));
#7585=DIRECTION('center_axis',(0.,-1.,0.));
#7586=DIRECTION('ref_axis',(1.,0.,0.));
#7587=DIRECTION('',(-1.,0.,0.));
#7588=DIRECTION('',(1.,0.,0.));
#7589=DIRECTION('',(0.,0.,1.));
#7590=DIRECTION('center_axis',(-0.707106781186551,-0.707106781186544,0.));
#7591=DIRECTION('ref_axis',(0.707106781186544,-0.707106781186551,0.));
#7592=DIRECTION('',(-0.707106781186544,0.707106781186551,0.));
#7593=DIRECTION('',(0.707106781186544,-0.707106781186551,0.));
#7594=DIRECTION('',(0.,0.,1.));
#7595=DIRECTION('center_axis',(0.,-1.,0.));
#7596=DIRECTION('ref_axis',(1.,0.,0.));
#7597=DIRECTION('',(-1.,0.,0.));
#7598=DIRECTION('',(1.,0.,0.));
#7599=DIRECTION('',(0.,0.,1.));
#7600=DIRECTION('center_axis',(-0.70710678118655,-0.707106781186545,0.));
#7601=DIRECTION('ref_axis',(0.707106781186545,-0.70710678118655,0.));
#7602=DIRECTION('',(-0.707106781186545,0.70710678118655,0.));
#7603=DIRECTION('',(0.707106781186545,-0.70710678118655,0.));
#7604=DIRECTION('',(0.,0.,1.));
#7605=DIRECTION('center_axis',(0.,-1.,0.));
#7606=DIRECTION('ref_axis',(1.,0.,0.));
#7607=DIRECTION('',(-1.,0.,0.));
#7608=DIRECTION('',(1.,0.,0.));
#7609=DIRECTION('',(0.,0.,1.));
#7610=DIRECTION('center_axis',(-0.707106781186548,-0.707106781186547,0.));
#7611=DIRECTION('ref_axis',(0.707106781186547,-0.707106781186548,0.));
#7612=DIRECTION('',(-0.707106781186547,0.707106781186548,0.));
#7613=DIRECTION('',(0.707106781186547,-0.707106781186548,0.));
#7614=DIRECTION('',(0.,0.,1.));
#7615=DIRECTION('center_axis',(-1.,0.,0.));
#7616=DIRECTION('ref_axis',(0.,-1.,0.));
#7617=DIRECTION('',(0.,1.,0.));
#7618=DIRECTION('',(0.,-1.,0.));
#7619=DIRECTION('',(0.,0.,1.));
#7620=DIRECTION('center_axis',(-0.707106781186547,0.707106781186548,0.));
#7621=DIRECTION('ref_axis',(-0.707106781186548,-0.707106781186547,0.));
#7622=DIRECTION('',(0.707106781186548,0.707106781186547,0.));
#7623=DIRECTION('',(-0.707106781186548,-0.707106781186547,0.));
#7624=DIRECTION('',(0.,0.,1.));
#7625=DIRECTION('center_axis',(-1.,0.,0.));
#7626=DIRECTION('ref_axis',(0.,-1.,0.));
#7627=DIRECTION('',(0.,1.,0.));
#7628=DIRECTION('',(0.,-1.,0.));
#7629=DIRECTION('',(0.,0.,1.));
#7630=DIRECTION('center_axis',(-0.707106781186547,-0.707106781186548,0.));
#7631=DIRECTION('ref_axis',(0.707106781186548,-0.707106781186547,0.));
#7632=DIRECTION('',(-0.707106781186548,0.707106781186547,0.));
#7633=DIRECTION('',(0.707106781186548,-0.707106781186547,0.));
#7634=DIRECTION('',(0.,0.,1.));
#7635=DIRECTION('center_axis',(-1.,0.,0.));
#7636=DIRECTION('ref_axis',(0.,-1.,0.));
#7637=DIRECTION('',(0.,1.,0.));
#7638=DIRECTION('',(0.,-1.,0.));
#7639=DIRECTION('',(0.,0.,1.));
#7640=DIRECTION('center_axis',(-0.707106781186548,-0.707106781186548,0.));
#7641=DIRECTION('ref_axis',(0.707106781186548,-0.707106781186548,0.));
#7642=DIRECTION('',(-0.707106781186547,0.707106781186547,0.));
#7643=DIRECTION('',(0.707106781186547,-0.707106781186547,0.));
#7644=DIRECTION('',(0.,0.,1.));
#7645=DIRECTION('center_axis',(-0.707106781186548,0.707106781186548,0.));
#7646=DIRECTION('ref_axis',(-0.707106781186548,-0.707106781186548,0.));
#7647=DIRECTION('',(0.707106781186547,0.707106781186547,0.));
#7648=DIRECTION('',(-0.707106781186547,-0.707106781186547,0.));
#7649=DIRECTION('',(0.,0.,1.));
#7650=DIRECTION('center_axis',(0.,1.,0.));
#7651=DIRECTION('ref_axis',(-1.,0.,0.));
#7652=DIRECTION('',(1.,0.,0.));
#7653=DIRECTION('',(-1.,0.,0.));
#7654=DIRECTION('',(0.,0.,1.));
#7655=DIRECTION('center_axis',(-0.707106781186548,0.707106781186547,0.));
#7656=DIRECTION('ref_axis',(-0.707106781186547,-0.707106781186548,0.));
#7657=DIRECTION('',(0.707106781186547,0.707106781186548,0.));
#7658=DIRECTION('',(-0.707106781186547,-0.707106781186548,0.));
#7659=DIRECTION('',(0.,0.,1.));
#7660=DIRECTION('center_axis',(0.,1.,0.));
#7661=DIRECTION('ref_axis',(-1.,0.,0.));
#7662=DIRECTION('',(1.,0.,0.));
#7663=DIRECTION('',(-1.,0.,0.));
#7664=DIRECTION('',(0.,0.,1.));
#7665=DIRECTION('center_axis',(-0.70710678118655,0.707106781186546,0.));
#7666=DIRECTION('ref_axis',(-0.707106781186546,-0.70710678118655,0.));
#7667=DIRECTION('',(0.707106781186546,0.70710678118655,0.));
#7668=DIRECTION('',(-0.707106781186546,-0.70710678118655,0.));
#7669=DIRECTION('',(0.,0.,1.));
#7670=DIRECTION('center_axis',(0.,1.,0.));
#7671=DIRECTION('ref_axis',(-1.,0.,0.));
#7672=DIRECTION('',(1.,0.,0.));
#7673=DIRECTION('',(-1.,0.,0.));
#7674=DIRECTION('',(0.,0.,1.));
#7675=DIRECTION('center_axis',(-0.707106781186548,0.707106781186547,0.));
#7676=DIRECTION('ref_axis',(-0.707106781186547,-0.707106781186548,0.));
#7677=DIRECTION('',(0.707106781186547,0.707106781186548,0.));
#7678=DIRECTION('',(-0.707106781186547,-0.707106781186548,0.));
#7679=DIRECTION('',(0.,0.,1.));
#7680=DIRECTION('center_axis',(0.,1.,0.));
#7681=DIRECTION('ref_axis',(-1.,0.,0.));
#7682=DIRECTION('',(1.,0.,0.));
#7683=DIRECTION('',(-1.,0.,0.));
#7684=DIRECTION('',(0.,0.,1.));
#7685=DIRECTION('center_axis',(-0.707106781186548,0.707106781186548,0.));
#7686=DIRECTION('ref_axis',(-0.707106781186548,-0.707106781186548,0.));
#7687=DIRECTION('',(0.707106781186547,0.707106781186547,0.));
#7688=DIRECTION('',(-0.707106781186547,-0.707106781186547,0.));
#7689=DIRECTION('',(0.,0.,1.));
#7690=DIRECTION('center_axis',(0.,1.,0.));
#7691=DIRECTION('ref_axis',(-1.,0.,0.));
#7692=DIRECTION('',(1.,0.,0.));
#7693=DIRECTION('',(-1.,0.,0.));
#7694=DIRECTION('',(0.,0.,1.));
#7695=DIRECTION('center_axis',(-0.707106781186548,0.707106781186548,0.));
#7696=DIRECTION('ref_axis',(-0.707106781186548,-0.707106781186548,0.));
#7697=DIRECTION('',(0.707106781186548,0.707106781186548,0.));
#7698=DIRECTION('',(-0.707106781186548,-0.707106781186548,0.));
#7699=DIRECTION('',(0.,0.,1.));
#7700=DIRECTION('center_axis',(-1.,0.,0.));
#7701=DIRECTION('ref_axis',(0.,-1.,0.));
#7702=DIRECTION('',(0.,1.,0.));
#7703=DIRECTION('',(0.,-1.,0.));
#7704=DIRECTION('',(0.,0.,1.));
#7705=DIRECTION('center_axis',(-0.707106781186549,-0.707106781186546,0.));
#7706=DIRECTION('ref_axis',(0.707106781186546,-0.707106781186549,0.));
#7707=DIRECTION('',(-0.707106781186546,0.707106781186549,0.));
#7708=DIRECTION('',(0.707106781186546,-0.707106781186549,0.));
#7709=DIRECTION('',(0.,0.,1.));
#7710=DIRECTION('center_axis',(0.,-1.,0.));
#7711=DIRECTION('ref_axis',(1.,0.,0.));
#7712=DIRECTION('',(-1.,0.,0.));
#7713=DIRECTION('',(1.,0.,0.));
#7714=DIRECTION('',(0.,0.,1.));
#7715=DIRECTION('center_axis',(0.707106781186547,-0.707106781186548,0.));
#7716=DIRECTION('ref_axis',(0.707106781186548,0.707106781186547,0.));
#7717=DIRECTION('',(-0.707106781186548,-0.707106781186547,0.));
#7718=DIRECTION('',(0.707106781186548,0.707106781186547,0.));
#7719=DIRECTION('',(0.,0.,1.));
#7720=DIRECTION('center_axis',(1.,0.,0.));
#7721=DIRECTION('ref_axis',(0.,1.,0.));
#7722=DIRECTION('',(0.,-1.,0.));
#7723=DIRECTION('',(0.,1.,0.));
#7724=DIRECTION('',(0.,0.,1.));
#7725=DIRECTION('center_axis',(0.707106781186548,-0.707106781186548,0.));
#7726=DIRECTION('ref_axis',(0.707106781186548,0.707106781186548,0.));
#7727=DIRECTION('',(-0.707106781186547,-0.707106781186547,0.));
#7728=DIRECTION('',(0.707106781186547,0.707106781186547,0.));
#7729=DIRECTION('',(0.,0.,1.));
#7730=DIRECTION('center_axis',(-0.707106781186548,-0.707106781186548,0.));
#7731=DIRECTION('ref_axis',(0.707106781186548,-0.707106781186548,0.));
#7732=DIRECTION('',(-0.707106781186547,0.707106781186547,0.));
#7733=DIRECTION('',(0.707106781186547,-0.707106781186547,0.));
#7734=DIRECTION('',(0.,0.,1.));
#7735=DIRECTION('center_axis',(-1.,0.,0.));
#7736=DIRECTION('ref_axis',(0.,-1.,0.));
#7737=DIRECTION('',(0.,1.,0.));
#7738=DIRECTION('',(0.,-1.,0.));
#7739=DIRECTION('',(0.,0.,1.));
#7740=DIRECTION('center_axis',(-0.707106781186546,0.707106781186549,0.));
#7741=DIRECTION('ref_axis',(-0.707106781186549,-0.707106781186546,0.));
#7742=DIRECTION('',(0.707106781186549,0.707106781186546,0.));
#7743=DIRECTION('',(-0.707106781186549,-0.707106781186546,0.));
#7744=DIRECTION('',(0.,0.,1.));
#7745=DIRECTION('center_axis',(-1.,0.,0.));
#7746=DIRECTION('ref_axis',(0.,-1.,0.));
#7747=DIRECTION('',(0.,1.,0.));
#7748=DIRECTION('',(0.,-1.,0.));
#7749=DIRECTION('',(0.,0.,1.));
#7750=DIRECTION('center_axis',(-0.707106781186547,0.707106781186548,0.));
#7751=DIRECTION('ref_axis',(-0.707106781186548,-0.707106781186547,0.));
#7752=DIRECTION('',(0.707106781186548,0.707106781186547,0.));
#7753=DIRECTION('',(-0.707106781186548,-0.707106781186547,0.));
#7754=DIRECTION('',(0.,0.,1.));
#7755=DIRECTION('center_axis',(-1.,0.,0.));
#7756=DIRECTION('ref_axis',(0.,-1.,0.));
#7757=DIRECTION('',(0.,1.,0.));
#7758=DIRECTION('',(0.,-1.,0.));
#7759=DIRECTION('',(0.,0.,1.));
#7760=DIRECTION('center_axis',(-0.707106781186546,-0.707106781186549,0.));
#7761=DIRECTION('ref_axis',(0.707106781186549,-0.707106781186546,0.));
#7762=DIRECTION('',(-0.707106781186549,0.707106781186546,0.));
#7763=DIRECTION('',(0.707106781186549,-0.707106781186546,0.));
#7764=DIRECTION('',(0.,0.,1.));
#7765=DIRECTION('center_axis',(-1.,0.,0.));
#7766=DIRECTION('ref_axis',(0.,-1.,0.));
#7767=DIRECTION('',(0.,1.,0.));
#7768=DIRECTION('',(0.,-1.,0.));
#7769=DIRECTION('',(0.,0.,1.));
#7770=DIRECTION('center_axis',(-0.678560332474012,0.734544672019857,0.));
#7771=DIRECTION('ref_axis',(-0.734544672019857,-0.678560332474012,0.));
#7772=DIRECTION('',(0.734544672019857,0.678560332474012,0.));
#7773=DIRECTION('',(-0.734544672019857,-0.678560332474012,0.));
#7774=DIRECTION('',(0.,0.,1.));
#7775=DIRECTION('center_axis',(0.0617511131631982,0.998091578976151,0.));
#7776=DIRECTION('ref_axis',(-0.998091578976151,0.0617511131631982,0.));
#7777=DIRECTION('',(0.998091578976151,-0.0617511131631982,0.));
#7778=DIRECTION('',(-0.998091578976151,0.0617511131631982,0.));
#7779=DIRECTION('',(0.,0.,1.));
#7780=DIRECTION('center_axis',(0.0729107643824348,0.997338468343204,0.));
#7781=DIRECTION('ref_axis',(-0.997338468343204,0.0729107643824348,0.));
#7782=DIRECTION('',(0.997338468343204,-0.0729107643824348,0.));
#7783=DIRECTION('',(-0.997338468343204,0.0729107643824348,0.));
#7784=DIRECTION('',(0.,0.,1.));
#7785=DIRECTION('center_axis',(0.0962996055699235,0.995352392857463,0.));
#7786=DIRECTION('ref_axis',(-0.995352392857463,0.0962996055699235,0.));
#7787=DIRECTION('',(0.995352392857463,-0.0962996055699235,0.));
#7788=DIRECTION('',(-0.995352392857463,0.0962996055699235,0.));
#7789=DIRECTION('',(0.,0.,1.));
#7790=DIRECTION('center_axis',(0.127939135810728,0.991782021176026,0.));
#7791=DIRECTION('ref_axis',(-0.991782021176026,0.127939135810728,0.));
#7792=DIRECTION('',(0.991782021176026,-0.127939135810728,0.));
#7793=DIRECTION('',(-0.991782021176026,0.127939135810728,0.));
#7794=DIRECTION('',(0.,0.,1.));
#7795=DIRECTION('center_axis',(0.159193098495464,0.98724746512281,0.));
#7796=DIRECTION('ref_axis',(-0.98724746512281,0.159193098495464,0.));
#7797=DIRECTION('',(0.98724746512281,-0.159193098495464,0.));
#7798=DIRECTION('',(-0.98724746512281,0.159193098495464,0.));
#7799=DIRECTION('',(0.,0.,1.));
#7800=DIRECTION('center_axis',(0.189975989123349,0.981788736723235,0.));
#7801=DIRECTION('ref_axis',(-0.981788736723235,0.189975989123349,0.));
#7802=DIRECTION('',(0.981788736723235,-0.189975989123349,0.));
#7803=DIRECTION('',(-0.981788736723235,0.189975989123349,0.));
#7804=DIRECTION('',(0.,0.,1.));
#7805=DIRECTION('center_axis',(0.220209007728266,0.975452711778143,0.));
#7806=DIRECTION('ref_axis',(-0.975452711778143,0.220209007728266,0.));
#7807=DIRECTION('',(0.975452711778143,-0.220209007728266,0.));
#7808=DIRECTION('',(-0.975452711778143,0.220209007728266,0.));
#7809=DIRECTION('',(0.,0.,1.));
#7810=DIRECTION('center_axis',(0.244443198667671,0.969663613128345,0.));
#7811=DIRECTION('ref_axis',(-0.969663613128345,0.244443198667671,0.));
#7812=DIRECTION('',(0.969663613128345,-0.244443198667671,0.));
#7813=DIRECTION('',(-0.969663613128345,0.244443198667671,0.));
#7814=DIRECTION('',(0.,0.,1.));
#7815=DIRECTION('center_axis',(0.263170242491265,0.964749409674393,0.));
#7816=DIRECTION('ref_axis',(-0.964749409674393,0.263170242491265,0.));
#7817=DIRECTION('',(0.964749409674393,-0.263170242491265,0.));
#7818=DIRECTION('',(-0.964749409674393,0.263170242491265,0.));
#7819=DIRECTION('',(0.,0.,1.));
#7820=DIRECTION('center_axis',(0.287280717215662,0.957846433159332,0.));
#7821=DIRECTION('ref_axis',(-0.957846433159332,0.287280717215662,0.));
#7822=DIRECTION('',(0.957846433159332,-0.287280717215662,0.));
#7823=DIRECTION('',(-0.957846433159332,0.287280717215662,0.));
#7824=DIRECTION('',(0.,0.,1.));
#7825=DIRECTION('center_axis',(0.316156628108458,0.948707007723191,0.));
#7826=DIRECTION('ref_axis',(-0.948707007723191,0.316156628108458,0.));
#7827=DIRECTION('',(0.948707007723191,-0.316156628108458,0.));
#7828=DIRECTION('',(-0.948707007723191,0.316156628108458,0.));
#7829=DIRECTION('',(0.,0.,1.));
#7830=DIRECTION('center_axis',(0.339883836378428,0.940467425150219,0.));
#7831=DIRECTION('ref_axis',(-0.940467425150219,0.339883836378428,0.));
#7832=DIRECTION('',(0.940467425150219,-0.339883836378428,0.));
#7833=DIRECTION('',(-0.940467425150219,0.339883836378428,0.));
#7834=DIRECTION('',(0.,0.,1.));
#7835=DIRECTION('center_axis',(0.359023162752872,0.933328649837197,0.));
#7836=DIRECTION('ref_axis',(-0.933328649837197,0.359023162752872,0.));
#7837=DIRECTION('',(0.933328649837197,-0.359023162752872,0.));
#7838=DIRECTION('',(-0.933328649837197,0.359023162752872,0.));
#7839=DIRECTION('',(0.,0.,1.));
#7840=DIRECTION('center_axis',(0.382268949551598,0.924051108006867,0.));
#7841=DIRECTION('ref_axis',(-0.924051108006867,0.382268949551598,0.));
#7842=DIRECTION('',(0.924051108006867,-0.382268949551598,0.));
#7843=DIRECTION('',(-0.924051108006867,0.382268949551598,0.));
#7844=DIRECTION('',(0.,0.,1.));
#7845=DIRECTION('center_axis',(0.405439565980723,0.914121850924352,0.));
#7846=DIRECTION('ref_axis',(-0.914121850924352,0.405439565980723,0.));
#7847=DIRECTION('',(0.914121850924352,-0.405439565980723,0.));
#7848=DIRECTION('',(-0.914121850924352,0.405439565980723,0.));
#7849=DIRECTION('',(0.,0.,1.));
#7850=DIRECTION('center_axis',(0.424676292763118,0.905345263623207,0.));
#7851=DIRECTION('ref_axis',(-0.905345263623207,0.424676292763118,0.));
#7852=DIRECTION('',(0.905345263623207,-0.424676292763118,0.));
#7853=DIRECTION('',(-0.905345263623207,0.424676292763118,0.));
#7854=DIRECTION('',(0.,0.,1.));
#7855=DIRECTION('center_axis',(0.447122339060573,0.894472813400722,0.));
#7856=DIRECTION('ref_axis',(-0.894472813400722,0.447122339060573,0.));
#7857=DIRECTION('',(0.894472813400722,-0.447122339060573,0.));
#7858=DIRECTION('',(-0.894472813400722,0.447122339060573,0.));
#7859=DIRECTION('',(0.,0.,1.));
#7860=DIRECTION('center_axis',(0.46938034983261,0.882996085603451,0.));
#7861=DIRECTION('ref_axis',(-0.882996085603451,0.46938034983261,0.));
#7862=DIRECTION('',(0.882996085603451,-0.46938034983261,0.));
#7863=DIRECTION('',(-0.882996085603451,0.46938034983261,0.));
#7864=DIRECTION('',(0.,0.,1.));
#7865=DIRECTION('center_axis',(0.488388814239403,0.872626131929264,0.));
#7866=DIRECTION('ref_axis',(-0.872626131929264,0.488388814239403,0.));
#7867=DIRECTION('',(0.872626131929264,-0.488388814239403,0.));
#7868=DIRECTION('',(-0.872626131929264,0.488388814239403,0.));
#7869=DIRECTION('',(0.,0.,1.));
#7870=DIRECTION('center_axis',(0.50970663599217,0.860348269728919,0.));
#7871=DIRECTION('ref_axis',(-0.86034826972892,0.50970663599217,0.));
#7872=DIRECTION('',(0.86034826972892,-0.50970663599217,0.));
#7873=DIRECTION('',(-0.86034826972892,0.50970663599217,0.));
#7874=DIRECTION('',(0.,0.,1.));
#7875=DIRECTION('center_axis',(0.530733977878394,0.847538462092061,0.));
#7876=DIRECTION('ref_axis',(-0.847538462092061,0.530733977878394,0.));
#7877=DIRECTION('',(0.847538462092061,-0.530733977878394,0.));
#7878=DIRECTION('',(-0.847538462092061,0.530733977878394,0.));
#7879=DIRECTION('',(0.,0.,1.));
#7880=DIRECTION('center_axis',(0.549198890888298,0.835691676545282,0.));
#7881=DIRECTION('ref_axis',(-0.835691676545282,0.549198890888297,0.));
#7882=DIRECTION('',(0.835691676545282,-0.549198890888297,0.));
#7883=DIRECTION('',(-0.835691676545282,0.549198890888297,0.));
#7884=DIRECTION('',(0.,0.,1.));
#7885=DIRECTION('center_axis',(0.567564859790813,0.823328688878649,0.));
#7886=DIRECTION('ref_axis',(-0.823328688878649,0.567564859790813,0.));
#7887=DIRECTION('',(0.823328688878649,-0.567564859790813,0.));
#7888=DIRECTION('',(-0.823328688878649,0.567564859790813,0.));
#7889=DIRECTION('',(0.,0.,1.));
#7890=DIRECTION('center_axis',(0.585799866692776,0.81045574597428,0.));
#7891=DIRECTION('ref_axis',(-0.81045574597428,0.585799866692776,0.));
#7892=DIRECTION('',(0.81045574597428,-0.585799866692776,0.));
#7893=DIRECTION('',(-0.81045574597428,0.585799866692776,0.));
#7894=DIRECTION('',(0.,0.,1.));
#7895=DIRECTION('center_axis',(0.604986021475952,0.796236091758405,0.));
#7896=DIRECTION('ref_axis',(-0.796236091758405,0.604986021475952,0.));
#7897=DIRECTION('',(0.796236091758405,-0.604986021475952,0.));
#7898=DIRECTION('',(-0.796236091758405,0.604986021475952,0.));
#7899=DIRECTION('',(0.,0.,1.));
#7900=DIRECTION('center_axis',(0.623742537970421,0.781629865298287,0.));
#7901=DIRECTION('ref_axis',(-0.781629865298287,0.623742537970421,0.));
#7902=DIRECTION('',(0.781629865298287,-0.623742537970421,0.));
#7903=DIRECTION('',(-0.781629865298287,0.623742537970421,0.));
#7904=DIRECTION('',(0.,0.,1.));
#7905=DIRECTION('center_axis',(0.640970980639035,0.767565112533545,0.));
#7906=DIRECTION('ref_axis',(-0.767565112533545,0.640970980639035,0.));
#7907=DIRECTION('',(0.767565112533545,-0.640970980639035,0.));
#7908=DIRECTION('',(-0.767565112533545,0.640970980639035,0.));
#7909=DIRECTION('',(0.,0.,1.));
#7910=DIRECTION('center_axis',(0.657949570031075,0.75306199166863,0.));
#7911=DIRECTION('ref_axis',(-0.75306199166863,0.657949570031075,0.));
#7912=DIRECTION('',(0.75306199166863,-0.657949570031075,0.));
#7913=DIRECTION('',(-0.75306199166863,0.657949570031075,0.));
#7914=DIRECTION('',(0.,0.,1.));
#7915=DIRECTION('center_axis',(0.674649841449214,0.7381379216871,0.));
#7916=DIRECTION('ref_axis',(-0.7381379216871,0.674649841449214,0.));
#7917=DIRECTION('',(0.738137921687099,-0.674649841449214,0.));
#7918=DIRECTION('',(-0.738137921687099,0.674649841449214,0.));
#7919=DIRECTION('',(0.,0.,1.));
#7920=DIRECTION('center_axis',(0.691044327883714,0.722812380151133,0.));
#7921=DIRECTION('ref_axis',(-0.722812380151133,0.691044327883714,0.));
#7922=DIRECTION('',(0.722812380151133,-0.691044327883714,0.));
#7923=DIRECTION('',(-0.722812380151133,0.691044327883714,0.));
#7924=DIRECTION('',(0.,0.,1.));
#7925=DIRECTION('center_axis',(0.707106781186548,0.707106781186548,0.));
#7926=DIRECTION('ref_axis',(-0.707106781186548,0.707106781186548,0.));
#7927=DIRECTION('',(0.707106781186547,-0.707106781186547,0.));
#7928=DIRECTION('',(-0.707106781186547,0.707106781186547,0.));
#7929=DIRECTION('',(0.,0.,1.));
#7930=DIRECTION('center_axis',(0.722812380151133,0.691044327883714,0.));
#7931=DIRECTION('ref_axis',(-0.691044327883714,0.722812380151133,0.));
#7932=DIRECTION('',(0.691044327883714,-0.722812380151133,0.));
#7933=DIRECTION('',(-0.691044327883714,0.722812380151133,0.));
#7934=DIRECTION('',(0.,0.,1.));
#7935=DIRECTION('center_axis',(0.7381379216871,0.674649841449214,0.));
#7936=DIRECTION('ref_axis',(-0.674649841449214,0.738137921687099,0.));
#7937=DIRECTION('',(0.674649841449214,-0.738137921687099,0.));
#7938=DIRECTION('',(-0.674649841449214,0.738137921687099,0.));
#7939=DIRECTION('',(0.,0.,1.));
#7940=DIRECTION('center_axis',(0.75306199166863,0.657949570031075,0.));
#7941=DIRECTION('ref_axis',(-0.657949570031075,0.75306199166863,0.));
#7942=DIRECTION('',(0.657949570031075,-0.75306199166863,0.));
#7943=DIRECTION('',(-0.657949570031075,0.75306199166863,0.));
#7944=DIRECTION('',(0.,0.,1.));
#7945=DIRECTION('center_axis',(0.767565112533545,0.640970980639035,0.));
#7946=DIRECTION('ref_axis',(-0.640970980639035,0.767565112533545,0.));
#7947=DIRECTION('',(0.640970980639035,-0.767565112533545,0.));
#7948=DIRECTION('',(-0.640970980639035,0.767565112533545,0.));
#7949=DIRECTION('',(0.,0.,1.));
#7950=DIRECTION('center_axis',(0.781629865298287,0.623742537970421,0.));
#7951=DIRECTION('ref_axis',(-0.623742537970421,0.781629865298287,0.));
#7952=DIRECTION('',(0.623742537970421,-0.781629865298287,0.));
#7953=DIRECTION('',(-0.623742537970421,0.781629865298287,0.));
#7954=DIRECTION('',(0.,0.,1.));
#7955=DIRECTION('center_axis',(0.796236091758405,0.604986021475952,0.));
#7956=DIRECTION('ref_axis',(-0.604986021475952,0.796236091758405,0.));
#7957=DIRECTION('',(0.604986021475952,-0.796236091758405,0.));
#7958=DIRECTION('',(-0.604986021475952,0.796236091758405,0.));
#7959=DIRECTION('',(0.,0.,1.));
#7960=DIRECTION('center_axis',(0.81045574597428,0.585799866692776,0.));
#7961=DIRECTION('ref_axis',(-0.585799866692776,0.81045574597428,0.));
#7962=DIRECTION('',(0.585799866692776,-0.81045574597428,0.));
#7963=DIRECTION('',(-0.585799866692776,0.81045574597428,0.));
#7964=DIRECTION('',(0.,0.,1.));
#7965=DIRECTION('center_axis',(0.823328688878649,0.567564859790813,0.));
#7966=DIRECTION('ref_axis',(-0.567564859790813,0.823328688878649,0.));
#7967=DIRECTION('',(0.567564859790813,-0.823328688878649,0.));
#7968=DIRECTION('',(-0.567564859790813,0.823328688878649,0.));
#7969=DIRECTION('',(0.,0.,1.));
#7970=DIRECTION('center_axis',(0.835691676545282,0.549198890888298,0.));
#7971=DIRECTION('ref_axis',(-0.549198890888297,0.835691676545282,0.));
#7972=DIRECTION('',(0.549198890888297,-0.835691676545282,0.));
#7973=DIRECTION('',(-0.549198890888297,0.835691676545282,0.));
#7974=DIRECTION('',(0.,0.,1.));
#7975=DIRECTION('center_axis',(0.847538462092061,0.530733977878394,0.));
#7976=DIRECTION('ref_axis',(-0.530733977878394,0.847538462092061,0.));
#7977=DIRECTION('',(0.530733977878394,-0.847538462092061,0.));
#7978=DIRECTION('',(-0.530733977878394,0.847538462092061,0.));
#7979=DIRECTION('',(0.,0.,1.));
#7980=DIRECTION('center_axis',(0.860348269728919,0.50970663599217,0.));
#7981=DIRECTION('ref_axis',(-0.50970663599217,0.86034826972892,0.));
#7982=DIRECTION('',(0.50970663599217,-0.86034826972892,0.));
#7983=DIRECTION('',(-0.50970663599217,0.86034826972892,0.));
#7984=DIRECTION('',(0.,0.,1.));
#7985=DIRECTION('center_axis',(0.872626131929264,0.488388814239403,0.));
#7986=DIRECTION('ref_axis',(-0.488388814239403,0.872626131929264,0.));
#7987=DIRECTION('',(0.488388814239403,-0.872626131929264,0.));
#7988=DIRECTION('',(-0.488388814239403,0.872626131929264,0.));
#7989=DIRECTION('',(0.,0.,1.));
#7990=DIRECTION('center_axis',(0.882996085603451,0.46938034983261,0.));
#7991=DIRECTION('ref_axis',(-0.46938034983261,0.882996085603451,0.));
#7992=DIRECTION('',(0.46938034983261,-0.882996085603451,0.));
#7993=DIRECTION('',(-0.46938034983261,0.882996085603451,0.));
#7994=DIRECTION('',(0.,0.,1.));
#7995=DIRECTION('center_axis',(0.894472813400722,0.447122339060573,0.));
#7996=DIRECTION('ref_axis',(-0.447122339060573,0.894472813400722,0.));
#7997=DIRECTION('',(0.447122339060573,-0.894472813400722,0.));
#7998=DIRECTION('',(-0.447122339060573,0.894472813400722,0.));
#7999=DIRECTION('',(0.,0.,1.));
#8000=DIRECTION('center_axis',(0.905345263623207,0.424676292763118,0.));
#8001=DIRECTION('ref_axis',(-0.424676292763118,0.905345263623207,0.));
#8002=DIRECTION('',(0.424676292763118,-0.905345263623207,0.));
#8003=DIRECTION('',(-0.424676292763118,0.905345263623207,0.));
#8004=DIRECTION('',(0.,0.,1.));
#8005=DIRECTION('center_axis',(0.914121850924352,0.405439565980723,0.));
#8006=DIRECTION('ref_axis',(-0.405439565980723,0.914121850924352,0.));
#8007=DIRECTION('',(0.405439565980723,-0.914121850924352,0.));
#8008=DIRECTION('',(-0.405439565980723,0.914121850924352,0.));
#8009=DIRECTION('',(0.,0.,1.));
#8010=DIRECTION('center_axis',(0.924051108006867,0.382268949551598,0.));
#8011=DIRECTION('ref_axis',(-0.382268949551598,0.924051108006867,0.));
#8012=DIRECTION('',(0.382268949551598,-0.924051108006867,0.));
#8013=DIRECTION('',(-0.382268949551598,0.924051108006867,0.));
#8014=DIRECTION('',(0.,0.,1.));
#8015=DIRECTION('center_axis',(0.933328649837197,0.359023162752872,0.));
#8016=DIRECTION('ref_axis',(-0.359023162752872,0.933328649837197,0.));
#8017=DIRECTION('',(0.359023162752872,-0.933328649837197,0.));
#8018=DIRECTION('',(-0.359023162752872,0.933328649837197,0.));
#8019=DIRECTION('',(0.,0.,1.));
#8020=DIRECTION('center_axis',(0.940467425150219,0.339883836378428,0.));
#8021=DIRECTION('ref_axis',(-0.339883836378428,0.940467425150219,0.));
#8022=DIRECTION('',(0.339883836378428,-0.940467425150219,0.));
#8023=DIRECTION('',(-0.339883836378428,0.940467425150219,0.));
#8024=DIRECTION('',(0.,0.,1.));
#8025=DIRECTION('center_axis',(0.948707007723191,0.316156628108458,0.));
#8026=DIRECTION('ref_axis',(-0.316156628108458,0.948707007723191,0.));
#8027=DIRECTION('',(0.316156628108458,-0.948707007723191,0.));
#8028=DIRECTION('',(-0.316156628108458,0.948707007723191,0.));
#8029=DIRECTION('',(0.,0.,1.));
#8030=DIRECTION('center_axis',(0.957846433159332,0.287280717215662,0.));
#8031=DIRECTION('ref_axis',(-0.287280717215662,0.957846433159332,0.));
#8032=DIRECTION('',(0.287280717215662,-0.957846433159332,0.));
#8033=DIRECTION('',(-0.287280717215662,0.957846433159332,0.));
#8034=DIRECTION('',(0.,0.,1.));
#8035=DIRECTION('center_axis',(0.964749409674393,0.263170242491265,0.));
#8036=DIRECTION('ref_axis',(-0.263170242491265,0.964749409674393,0.));
#8037=DIRECTION('',(0.263170242491265,-0.964749409674393,0.));
#8038=DIRECTION('',(-0.263170242491265,0.964749409674393,0.));
#8039=DIRECTION('',(0.,0.,1.));
#8040=DIRECTION('center_axis',(0.969663613128345,0.244443198667671,0.));
#8041=DIRECTION('ref_axis',(-0.244443198667671,0.969663613128345,0.));
#8042=DIRECTION('',(0.244443198667671,-0.969663613128345,0.));
#8043=DIRECTION('',(-0.244443198667671,0.969663613128345,0.));
#8044=DIRECTION('',(0.,0.,1.));
#8045=DIRECTION('center_axis',(0.975452711778143,0.220209007728266,0.));
#8046=DIRECTION('ref_axis',(-0.220209007728266,0.975452711778143,0.));
#8047=DIRECTION('',(0.220209007728266,-0.975452711778143,0.));
#8048=DIRECTION('',(-0.220209007728266,0.975452711778143,0.));
#8049=DIRECTION('',(0.,0.,1.));
#8050=DIRECTION('center_axis',(0.981788736723235,0.189975989123349,0.));
#8051=DIRECTION('ref_axis',(-0.189975989123349,0.981788736723235,0.));
#8052=DIRECTION('',(0.189975989123349,-0.981788736723235,0.));
#8053=DIRECTION('',(-0.189975989123349,0.981788736723235,0.));
#8054=DIRECTION('',(0.,0.,1.));
#8055=DIRECTION('center_axis',(0.98724746512281,0.159193098495464,0.));
#8056=DIRECTION('ref_axis',(-0.159193098495464,0.98724746512281,0.));
#8057=DIRECTION('',(0.159193098495464,-0.98724746512281,0.));
#8058=DIRECTION('',(-0.159193098495464,0.98724746512281,0.));
#8059=DIRECTION('',(0.,0.,1.));
#8060=DIRECTION('center_axis',(0.991782021176026,0.127939135810728,0.));
#8061=DIRECTION('ref_axis',(-0.127939135810728,0.991782021176026,0.));
#8062=DIRECTION('',(0.127939135810728,-0.991782021176026,0.));
#8063=DIRECTION('',(-0.127939135810728,0.991782021176026,0.));
#8064=DIRECTION('',(0.,0.,1.));
#8065=DIRECTION('center_axis',(0.995352392857463,0.0962996055699235,0.));
#8066=DIRECTION('ref_axis',(-0.0962996055699235,0.995352392857463,0.));
#8067=DIRECTION('',(0.0962996055699235,-0.995352392857463,0.));
#8068=DIRECTION('',(-0.0962996055699235,0.995352392857463,0.));
#8069=DIRECTION('',(0.,0.,1.));
#8070=DIRECTION('center_axis',(0.997926380181457,0.0643656720460057,0.));
#8071=DIRECTION('ref_axis',(-0.0643656720460057,0.997926380181457,0.));
#8072=DIRECTION('',(0.0643656720460057,-0.997926380181457,0.));
#8073=DIRECTION('',(-0.0643656720460057,0.997926380181457,0.));
#8074=DIRECTION('',(0.,0.,1.));
#8075=DIRECTION('center_axis',(0.999480384234829,0.0322329261749187,0.));
#8076=DIRECTION('ref_axis',(-0.0322329261749187,0.999480384234829,0.));
#8077=DIRECTION('',(0.0322329261749187,-0.999480384234829,0.));
#8078=DIRECTION('',(-0.0322329261749187,0.999480384234829,0.));
#8079=DIRECTION('',(0.,0.,1.));
#8080=DIRECTION('center_axis',(1.,0.,0.));
#8081=DIRECTION('ref_axis',(0.,1.,0.));
#8082=DIRECTION('',(0.,-1.,0.));
#8083=DIRECTION('',(0.,1.,0.));
#8084=DIRECTION('',(0.,0.,1.));
#8085=DIRECTION('center_axis',(0.999480384234829,-0.0322329261749187,0.));
#8086=DIRECTION('ref_axis',(0.0322329261749187,0.999480384234829,0.));
#8087=DIRECTION('',(-0.0322329261749187,-0.999480384234829,0.));
#8088=DIRECTION('',(0.0322329261749187,0.999480384234829,0.));
#8089=DIRECTION('',(0.,0.,1.));
#8090=DIRECTION('center_axis',(0.997926380181457,-0.0643656720460057,0.));
#8091=DIRECTION('ref_axis',(0.0643656720460057,0.997926380181457,0.));
#8092=DIRECTION('',(-0.0643656720460057,-0.997926380181457,0.));
#8093=DIRECTION('',(0.0643656720460057,0.997926380181457,0.));
#8094=DIRECTION('',(0.,0.,1.));
#8095=DIRECTION('center_axis',(0.995352392857463,-0.0962996055699235,0.));
#8096=DIRECTION('ref_axis',(0.0962996055699235,0.995352392857463,0.));
#8097=DIRECTION('',(-0.0962996055699235,-0.995352392857463,0.));
#8098=DIRECTION('',(0.0962996055699235,0.995352392857463,0.));
#8099=DIRECTION('',(0.,0.,1.));
#8100=DIRECTION('center_axis',(0.991782021176026,-0.127939135810728,0.));
#8101=DIRECTION('ref_axis',(0.127939135810728,0.991782021176026,0.));
#8102=DIRECTION('',(-0.127939135810728,-0.991782021176026,0.));
#8103=DIRECTION('',(0.127939135810728,0.991782021176026,0.));
#8104=DIRECTION('',(0.,0.,1.));
#8105=DIRECTION('center_axis',(0.98724746512281,-0.159193098495464,0.));
#8106=DIRECTION('ref_axis',(0.159193098495464,0.98724746512281,0.));
#8107=DIRECTION('',(-0.159193098495464,-0.98724746512281,0.));
#8108=DIRECTION('',(0.159193098495464,0.98724746512281,0.));
#8109=DIRECTION('',(0.,0.,1.));
#8110=DIRECTION('center_axis',(0.981788736723235,-0.189975989123349,0.));
#8111=DIRECTION('ref_axis',(0.189975989123349,0.981788736723235,0.));
#8112=DIRECTION('',(-0.189975989123349,-0.981788736723235,0.));
#8113=DIRECTION('',(0.189975989123349,0.981788736723235,0.));
#8114=DIRECTION('',(0.,0.,1.));
#8115=DIRECTION('center_axis',(0.975452711778143,-0.220209007728266,0.));
#8116=DIRECTION('ref_axis',(0.220209007728266,0.975452711778143,0.));
#8117=DIRECTION('',(-0.220209007728266,-0.975452711778143,0.));
#8118=DIRECTION('',(0.220209007728266,0.975452711778143,0.));
#8119=DIRECTION('',(0.,0.,1.));
#8120=DIRECTION('center_axis',(0.969663613128345,-0.244443198667671,0.));
#8121=DIRECTION('ref_axis',(0.244443198667671,0.969663613128345,0.));
#8122=DIRECTION('',(-0.244443198667671,-0.969663613128345,0.));
#8123=DIRECTION('',(0.244443198667671,0.969663613128345,0.));
#8124=DIRECTION('',(0.,0.,1.));
#8125=DIRECTION('center_axis',(0.964749409674393,-0.263170242491265,0.));
#8126=DIRECTION('ref_axis',(0.263170242491265,0.964749409674393,0.));
#8127=DIRECTION('',(-0.263170242491265,-0.964749409674393,0.));
#8128=DIRECTION('',(0.263170242491265,0.964749409674393,0.));
#8129=DIRECTION('',(0.,0.,1.));
#8130=DIRECTION('center_axis',(0.957846433159332,-0.287280717215662,0.));
#8131=DIRECTION('ref_axis',(0.287280717215662,0.957846433159332,0.));
#8132=DIRECTION('',(-0.287280717215662,-0.957846433159332,0.));
#8133=DIRECTION('',(0.287280717215662,0.957846433159332,0.));
#8134=DIRECTION('',(0.,0.,1.));
#8135=DIRECTION('center_axis',(0.948707007723191,-0.316156628108458,0.));
#8136=DIRECTION('ref_axis',(0.316156628108458,0.948707007723191,0.));
#8137=DIRECTION('',(-0.316156628108458,-0.948707007723191,0.));
#8138=DIRECTION('',(0.316156628108458,0.948707007723191,0.));
#8139=DIRECTION('',(0.,0.,1.));
#8140=DIRECTION('center_axis',(0.940467425150219,-0.339883836378428,0.));
#8141=DIRECTION('ref_axis',(0.339883836378428,0.940467425150219,0.));
#8142=DIRECTION('',(-0.339883836378428,-0.940467425150219,0.));
#8143=DIRECTION('',(0.339883836378428,0.940467425150219,0.));
#8144=DIRECTION('',(0.,0.,1.));
#8145=DIRECTION('center_axis',(0.933328649837197,-0.359023162752872,0.));
#8146=DIRECTION('ref_axis',(0.359023162752872,0.933328649837197,0.));
#8147=DIRECTION('',(-0.359023162752872,-0.933328649837197,0.));
#8148=DIRECTION('',(0.359023162752872,0.933328649837197,0.));
#8149=DIRECTION('',(0.,0.,1.));
#8150=DIRECTION('center_axis',(0.924051108006867,-0.382268949551598,0.));
#8151=DIRECTION('ref_axis',(0.382268949551598,0.924051108006867,0.));
#8152=DIRECTION('',(-0.382268949551598,-0.924051108006867,0.));
#8153=DIRECTION('',(0.382268949551598,0.924051108006867,0.));
#8154=DIRECTION('',(0.,0.,1.));
#8155=DIRECTION('center_axis',(0.914121850924352,-0.405439565980723,0.));
#8156=DIRECTION('ref_axis',(0.405439565980723,0.914121850924352,0.));
#8157=DIRECTION('',(-0.405439565980723,-0.914121850924352,0.));
#8158=DIRECTION('',(0.405439565980723,0.914121850924352,0.));
#8159=DIRECTION('',(0.,0.,1.));
#8160=DIRECTION('center_axis',(0.905345263623207,-0.424676292763118,0.));
#8161=DIRECTION('ref_axis',(0.424676292763118,0.905345263623207,0.));
#8162=DIRECTION('',(-0.424676292763118,-0.905345263623207,0.));
#8163=DIRECTION('',(0.424676292763118,0.905345263623207,0.));
#8164=DIRECTION('',(0.,0.,1.));
#8165=DIRECTION('center_axis',(0.894472813400722,-0.447122339060573,0.));
#8166=DIRECTION('ref_axis',(0.447122339060573,0.894472813400722,0.));
#8167=DIRECTION('',(-0.447122339060573,-0.894472813400722,0.));
#8168=DIRECTION('',(0.447122339060573,0.894472813400722,0.));
#8169=DIRECTION('',(0.,0.,1.));
#8170=DIRECTION('center_axis',(0.882996085603451,-0.46938034983261,0.));
#8171=DIRECTION('ref_axis',(0.46938034983261,0.882996085603451,0.));
#8172=DIRECTION('',(-0.46938034983261,-0.882996085603451,0.));
#8173=DIRECTION('',(0.46938034983261,0.882996085603451,0.));
#8174=DIRECTION('',(0.,0.,1.));
#8175=DIRECTION('center_axis',(0.872626131929264,-0.488388814239403,0.));
#8176=DIRECTION('ref_axis',(0.488388814239403,0.872626131929264,0.));
#8177=DIRECTION('',(-0.488388814239403,-0.872626131929264,0.));
#8178=DIRECTION('',(0.488388814239403,0.872626131929264,0.));
#8179=DIRECTION('',(0.,0.,1.));
#8180=DIRECTION('center_axis',(0.860348269728919,-0.50970663599217,0.));
#8181=DIRECTION('ref_axis',(0.50970663599217,0.86034826972892,0.));
#8182=DIRECTION('',(-0.50970663599217,-0.86034826972892,0.));
#8183=DIRECTION('',(0.50970663599217,0.86034826972892,0.));
#8184=DIRECTION('',(0.,0.,1.));
#8185=DIRECTION('center_axis',(0.847538462092061,-0.530733977878394,0.));
#8186=DIRECTION('ref_axis',(0.530733977878394,0.847538462092061,0.));
#8187=DIRECTION('',(-0.530733977878394,-0.847538462092061,0.));
#8188=DIRECTION('',(0.530733977878394,0.847538462092061,0.));
#8189=DIRECTION('',(0.,0.,1.));
#8190=DIRECTION('center_axis',(0.835691676545282,-0.549198890888298,0.));
#8191=DIRECTION('ref_axis',(0.549198890888297,0.835691676545282,0.));
#8192=DIRECTION('',(-0.549198890888297,-0.835691676545282,0.));
#8193=DIRECTION('',(0.549198890888297,0.835691676545282,0.));
#8194=DIRECTION('',(0.,0.,1.));
#8195=DIRECTION('center_axis',(0.823328688878649,-0.567564859790813,0.));
#8196=DIRECTION('ref_axis',(0.567564859790813,0.823328688878649,0.));
#8197=DIRECTION('',(-0.567564859790813,-0.823328688878649,0.));
#8198=DIRECTION('',(0.567564859790813,0.823328688878649,0.));
#8199=DIRECTION('',(0.,0.,1.));
#8200=DIRECTION('center_axis',(0.81045574597428,-0.585799866692776,0.));
#8201=DIRECTION('ref_axis',(0.585799866692776,0.81045574597428,0.));
#8202=DIRECTION('',(-0.585799866692776,-0.81045574597428,0.));
#8203=DIRECTION('',(0.585799866692776,0.81045574597428,0.));
#8204=DIRECTION('',(0.,0.,1.));
#8205=DIRECTION('center_axis',(0.796236091758405,-0.604986021475952,0.));
#8206=DIRECTION('ref_axis',(0.604986021475952,0.796236091758405,0.));
#8207=DIRECTION('',(-0.604986021475952,-0.796236091758405,0.));
#8208=DIRECTION('',(0.604986021475952,0.796236091758405,0.));
#8209=DIRECTION('center_axis',(0.,0.,1.));
#8210=DIRECTION('ref_axis',(1.,0.,0.));
#8211=DIRECTION('center_axis',(0.,0.,1.));
#8212=DIRECTION('ref_axis',(1.,0.,0.));
#8213=DIRECTION('center_axis',(0.,1.,0.));
#8214=DIRECTION('ref_axis',(-1.,0.,0.));
#8215=DIRECTION('',(1.,0.,0.));
#8216=DIRECTION('',(0.,0.,1.));
#8217=DIRECTION('',(-1.,0.,0.));
#8218=DIRECTION('',(0.,0.,1.));
#8219=DIRECTION('center_axis',(0.707106781186546,0.707106781186549,0.));
#8220=DIRECTION('ref_axis',(-0.707106781186549,0.707106781186546,0.));
#8221=DIRECTION('',(0.707106781186549,-0.707106781186546,0.));
#8222=DIRECTION('',(-0.707106781186549,0.707106781186546,0.));
#8223=DIRECTION('',(0.,0.,1.));
#8224=DIRECTION('center_axis',(0.,1.,0.));
#8225=DIRECTION('ref_axis',(-1.,0.,0.));
#8226=DIRECTION('',(1.,0.,0.));
#8227=DIRECTION('',(-1.,0.,0.));
#8228=DIRECTION('',(0.,0.,1.));
#8229=DIRECTION('center_axis',(0.707106781186548,0.707106781186548,0.));
#8230=DIRECTION('ref_axis',(-0.707106781186548,0.707106781186548,0.));
#8231=DIRECTION('',(0.707106781186547,-0.707106781186547,0.));
#8232=DIRECTION('',(-0.707106781186547,0.707106781186547,0.));
#8233=DIRECTION('',(0.,0.,1.));
#8234=DIRECTION('center_axis',(0.707106781186548,-0.707106781186548,0.));
#8235=DIRECTION('ref_axis',(0.707106781186548,0.707106781186548,0.));
#8236=DIRECTION('',(-0.707106781186547,-0.707106781186547,0.));
#8237=DIRECTION('',(0.707106781186547,0.707106781186547,0.));
#8238=DIRECTION('',(0.,0.,1.));
#8239=DIRECTION('center_axis',(0.,-1.,0.));
#8240=DIRECTION('ref_axis',(1.,0.,0.));
#8241=DIRECTION('',(-1.,0.,0.));
#8242=DIRECTION('',(1.,0.,0.));
#8243=DIRECTION('',(0.,0.,1.));
#8244=DIRECTION('center_axis',(0.707106781186548,-0.707106781186547,0.));
#8245=DIRECTION('ref_axis',(0.707106781186547,0.707106781186548,0.));
#8246=DIRECTION('',(-0.707106781186547,-0.707106781186548,0.));
#8247=DIRECTION('',(0.707106781186547,0.707106781186548,0.));
#8248=DIRECTION('',(0.,0.,1.));
#8249=DIRECTION('center_axis',(0.707106781186548,0.707106781186547,0.));
#8250=DIRECTION('ref_axis',(-0.707106781186547,0.707106781186548,0.));
#8251=DIRECTION('',(0.707106781186547,-0.707106781186548,0.));
#8252=DIRECTION('',(-0.707106781186547,0.707106781186548,0.));
#8253=DIRECTION('',(0.,0.,1.));
#8254=DIRECTION('center_axis',(0.,1.,0.));
#8255=DIRECTION('ref_axis',(-1.,0.,0.));
#8256=DIRECTION('',(1.,0.,0.));
#8257=DIRECTION('',(-1.,0.,0.));
#8258=DIRECTION('',(0.,0.,1.));
#8259=DIRECTION('center_axis',(0.707106781186548,0.707106781186548,0.));
#8260=DIRECTION('ref_axis',(-0.707106781186548,0.707106781186548,0.));
#8261=DIRECTION('',(0.707106781186547,-0.707106781186547,0.));
#8262=DIRECTION('',(-0.707106781186547,0.707106781186547,0.));
#8263=DIRECTION('',(0.,0.,1.));
#8264=DIRECTION('center_axis',(1.,0.,0.));
#8265=DIRECTION('ref_axis',(0.,1.,0.));
#8266=DIRECTION('',(0.,-1.,0.));
#8267=DIRECTION('',(0.,1.,0.));
#8268=DIRECTION('',(0.,0.,1.));
#8269=DIRECTION('center_axis',(0.707106781186547,-0.707106781186548,0.));
#8270=DIRECTION('ref_axis',(0.707106781186548,0.707106781186547,0.));
#8271=DIRECTION('',(-0.707106781186548,-0.707106781186547,0.));
#8272=DIRECTION('',(0.707106781186548,0.707106781186547,0.));
#8273=DIRECTION('',(0.,0.,1.));
#8274=DIRECTION('center_axis',(1.,0.,0.));
#8275=DIRECTION('ref_axis',(0.,1.,0.));
#8276=DIRECTION('',(0.,-1.,0.));
#8277=DIRECTION('',(0.,1.,0.));
#8278=DIRECTION('',(0.,0.,1.));
#8279=DIRECTION('center_axis',(0.707106781186547,-0.707106781186549,0.));
#8280=DIRECTION('ref_axis',(0.707106781186549,0.707106781186546,0.));
#8281=DIRECTION('',(-0.707106781186549,-0.707106781186546,0.));
#8282=DIRECTION('',(0.707106781186549,0.707106781186546,0.));
#8283=DIRECTION('',(0.,0.,1.));
#8284=DIRECTION('center_axis',(1.,0.,0.));
#8285=DIRECTION('ref_axis',(0.,1.,0.));
#8286=DIRECTION('',(0.,-1.,0.));
#8287=DIRECTION('',(0.,1.,0.));
#8288=DIRECTION('',(0.,0.,1.));
#8289=DIRECTION('center_axis',(0.707106781186548,-0.707106781186547,0.));
#8290=DIRECTION('ref_axis',(0.707106781186547,0.707106781186548,0.));
#8291=DIRECTION('',(-0.707106781186547,-0.707106781186548,0.));
#8292=DIRECTION('',(0.707106781186547,0.707106781186548,0.));
#8293=DIRECTION('',(0.,0.,1.));
#8294=DIRECTION('center_axis',(0.,-1.,0.));
#8295=DIRECTION('ref_axis',(1.,0.,0.));
#8296=DIRECTION('',(-1.,0.,0.));
#8297=DIRECTION('',(1.,0.,0.));
#8298=DIRECTION('',(0.,0.,1.));
#8299=DIRECTION('center_axis',(-0.707106781186547,-0.707106781186548,0.));
#8300=DIRECTION('ref_axis',(0.707106781186548,-0.707106781186547,0.));
#8301=DIRECTION('',(-0.707106781186548,0.707106781186547,0.));
#8302=DIRECTION('',(0.707106781186548,-0.707106781186547,0.));
#8303=DIRECTION('',(0.,0.,1.));
#8304=DIRECTION('center_axis',(-1.,0.,0.));
#8305=DIRECTION('ref_axis',(0.,-1.,0.));
#8306=DIRECTION('',(0.,1.,0.));
#8307=DIRECTION('',(0.,-1.,0.));
#8308=DIRECTION('',(0.,0.,1.));
#8309=DIRECTION('center_axis',(-0.707106781186549,-0.707106781186546,0.));
#8310=DIRECTION('ref_axis',(0.707106781186546,-0.707106781186549,0.));
#8311=DIRECTION('',(-0.707106781186546,0.707106781186549,0.));
#8312=DIRECTION('',(0.707106781186546,-0.707106781186549,0.));
#8313=DIRECTION('',(0.,0.,1.));
#8314=DIRECTION('center_axis',(-1.,0.,0.));
#8315=DIRECTION('ref_axis',(0.,-1.,0.));
#8316=DIRECTION('',(0.,1.,0.));
#8317=DIRECTION('',(0.,-1.,0.));
#8318=DIRECTION('',(0.,0.,1.));
#8319=DIRECTION('center_axis',(-0.707106781186549,-0.707106781186546,0.));
#8320=DIRECTION('ref_axis',(0.707106781186546,-0.707106781186549,0.));
#8321=DIRECTION('',(-0.707106781186546,0.707106781186549,0.));
#8322=DIRECTION('',(0.707106781186546,-0.707106781186549,0.));
#8323=DIRECTION('',(0.,0.,1.));
#8324=DIRECTION('center_axis',(0.,-1.,0.));
#8325=DIRECTION('ref_axis',(1.,0.,0.));
#8326=DIRECTION('',(-1.,0.,0.));
#8327=DIRECTION('',(1.,0.,0.));
#8328=DIRECTION('',(0.,0.,1.));
#8329=DIRECTION('center_axis',(-0.70710678118655,-0.707106781186546,0.));
#8330=DIRECTION('ref_axis',(0.707106781186546,-0.70710678118655,0.));
#8331=DIRECTION('',(-0.707106781186546,0.70710678118655,0.));
#8332=DIRECTION('',(0.707106781186546,-0.70710678118655,0.));
#8333=DIRECTION('',(0.,0.,1.));
#8334=DIRECTION('center_axis',(-1.,0.,0.));
#8335=DIRECTION('ref_axis',(0.,-1.,0.));
#8336=DIRECTION('',(0.,1.,0.));
#8337=DIRECTION('',(0.,-1.,0.));
#8338=DIRECTION('',(0.,0.,1.));
#8339=DIRECTION('center_axis',(-0.707106781186549,0.707106781186546,0.));
#8340=DIRECTION('ref_axis',(-0.707106781186546,-0.707106781186549,0.));
#8341=DIRECTION('',(0.707106781186546,0.707106781186549,0.));
#8342=DIRECTION('',(-0.707106781186546,-0.707106781186549,0.));
#8343=DIRECTION('center_axis',(0.,0.,1.));
#8344=DIRECTION('ref_axis',(1.,0.,0.));
#8345=DIRECTION('center_axis',(0.,0.,1.));
#8346=DIRECTION('ref_axis',(1.,0.,0.));
#8347=CARTESIAN_POINT('',(0.,0.,0.));
#8348=CARTESIAN_POINT('Origin',(-14.2857142857143,-2.23214285714286,10.));
#8349=CARTESIAN_POINT('',(-14.2857142857143,-2.23214285714286,10.));
#8350=CARTESIAN_POINT('',(-14.2857142857143,-0.446428571428572,10.));
#8351=CARTESIAN_POINT('',(-14.2857142857143,-1.33928571428571,10.));
#8352=CARTESIAN_POINT('',(-14.2857142857143,-0.446428571428572,12.));
#8353=CARTESIAN_POINT('',(-14.2857142857143,-0.446428571428572,10.));
#8354=CARTESIAN_POINT('',(-14.2857142857143,-2.23214285714286,12.));
#8355=CARTESIAN_POINT('',(-14.2857142857143,-1.33928571428571,12.));
#8356=CARTESIAN_POINT('',(-14.2857142857143,-2.23214285714286,10.));
#8357=CARTESIAN_POINT('Origin',(-12.9464285714286,-3.57142857142857,10.));
#8358=CARTESIAN_POINT('',(-12.9464285714286,-3.57142857142857,10.));
#8359=CARTESIAN_POINT('',(-13.8392857142857,-2.67857142857143,10.));
#8360=CARTESIAN_POINT('',(-12.9464285714286,-3.57142857142857,12.));
#8361=CARTESIAN_POINT('',(-13.8392857142857,-2.67857142857143,12.));
#8362=CARTESIAN_POINT('',(-12.9464285714286,-3.57142857142857,10.));
#8363=CARTESIAN_POINT('Origin',(-11.1607142857143,-3.57142857142857,10.));
#8364=CARTESIAN_POINT('',(-11.1607142857143,-3.57142857142857,10.));
#8365=CARTESIAN_POINT('',(-12.0535714285714,-3.57142857142857,10.));
#8366=CARTESIAN_POINT('',(-11.1607142857143,-3.57142857142857,12.));
#8367=CARTESIAN_POINT('',(-12.0535714285714,-3.57142857142857,12.));
#8368=CARTESIAN_POINT('',(-11.1607142857143,-3.57142857142857,10.));
#8369=CARTESIAN_POINT('Origin',(-8.92857142857143,-5.80357142857143,10.));
#8370=CARTESIAN_POINT('',(-8.92857142857143,-5.80357142857143,10.));
#8371=CARTESIAN_POINT('',(-10.7142857142857,-4.01785714285714,10.));
#8372=CARTESIAN_POINT('',(-8.92857142857143,-5.80357142857143,12.));
#8373=CARTESIAN_POINT('',(-10.7142857142857,-4.01785714285714,12.));
#8374=CARTESIAN_POINT('',(-8.92857142857143,-5.80357142857143,10.));
#8375=CARTESIAN_POINT('Origin',(-8.92857142857143,-7.58928571428571,10.));
#8376=CARTESIAN_POINT('',(-8.92857142857143,-7.58928571428571,10.));
#8377=CARTESIAN_POINT('',(-8.92857142857143,-6.69642857142857,10.));
#8378=CARTESIAN_POINT('',(-8.92857142857143,-7.58928571428571,12.));
#8379=CARTESIAN_POINT('',(-8.92857142857143,-6.69642857142857,12.));
#8380=CARTESIAN_POINT('',(-8.92857142857143,-7.58928571428571,10.));
#8381=CARTESIAN_POINT('Origin',(-8.03571428571429,-8.48214285714286,10.));
#8382=CARTESIAN_POINT('',(-8.03571428571429,-8.48214285714286,10.));
#8383=CARTESIAN_POINT('',(-8.48214285714286,-8.03571428571429,10.));
#8384=CARTESIAN_POINT('',(-8.03571428571429,-8.48214285714286,12.));
#8385=CARTESIAN_POINT('',(-8.48214285714286,-8.03571428571429,12.));
#8386=CARTESIAN_POINT('',(-8.03571428571429,-8.48214285714286,10.));
#8387=CARTESIAN_POINT('Origin',(-8.03571428571429,-9.375,10.));
#8388=CARTESIAN_POINT('',(-8.03571428571429,-9.375,10.));
#8389=CARTESIAN_POINT('',(-8.03571428571429,-9.375,10.));
#8390=CARTESIAN_POINT('',(-8.03571428571429,-9.375,12.));
#8391=CARTESIAN_POINT('',(-8.03571428571429,-9.375,12.));
#8392=CARTESIAN_POINT('',(-8.03571428571429,-9.375,10.));
#8393=CARTESIAN_POINT('Origin',(-6.69642857142857,-10.7142857142857,10.));
#8394=CARTESIAN_POINT('',(-6.69642857142857,-10.7142857142857,10.));
#8395=CARTESIAN_POINT('',(-7.58928571428571,-9.82142857142857,10.));
#8396=CARTESIAN_POINT('',(-6.69642857142857,-10.7142857142857,12.));
#8397=CARTESIAN_POINT('',(-7.58928571428571,-9.82142857142857,12.));
#8398=CARTESIAN_POINT('',(-6.69642857142857,-10.7142857142857,10.));
#8399=CARTESIAN_POINT('Origin',(-4.91071428571429,-10.7142857142857,10.));
#8400=CARTESIAN_POINT('',(-4.91071428571429,-10.7142857142857,10.));
#8401=CARTESIAN_POINT('',(-5.80357142857143,-10.7142857142857,10.));
#8402=CARTESIAN_POINT('',(-4.91071428571429,-10.7142857142857,12.));
#8403=CARTESIAN_POINT('',(-5.80357142857143,-10.7142857142857,12.));
#8404=CARTESIAN_POINT('',(-4.91071428571429,-10.7142857142857,10.));
#8405=CARTESIAN_POINT('Origin',(-2.67857142857143,-8.48214285714286,10.));
#8406=CARTESIAN_POINT('',(-2.67857142857143,-8.48214285714286,10.));
#8407=CARTESIAN_POINT('',(-4.46428571428571,-10.2678571428571,10.));
#8408=CARTESIAN_POINT('',(-2.67857142857143,-8.48214285714286,12.));
#8409=CARTESIAN_POINT('',(-4.46428571428571,-10.2678571428571,12.));
#8410=CARTESIAN_POINT('',(-2.67857142857143,-8.48214285714286,10.));
#8411=CARTESIAN_POINT('Origin',(-2.67857142857143,-7.58928571428571,10.));
#8412=CARTESIAN_POINT('',(-2.67857142857143,-7.58928571428571,10.));
#8413=CARTESIAN_POINT('',(-2.67857142857143,-7.58928571428571,10.));
#8414=CARTESIAN_POINT('',(-2.67857142857143,-7.58928571428571,12.));
#8415=CARTESIAN_POINT('',(-2.67857142857143,-7.58928571428571,12.));
#8416=CARTESIAN_POINT('',(-2.67857142857143,-7.58928571428571,10.));
#8417=CARTESIAN_POINT('Origin',(-1.78571428571429,-6.69642857142857,10.));
#8418=CARTESIAN_POINT('',(-1.78571428571429,-6.69642857142857,10.));
#8419=CARTESIAN_POINT('',(-2.23214285714286,-7.14285714285714,10.));
#8420=CARTESIAN_POINT('',(-1.78571428571429,-6.69642857142857,12.));
#8421=CARTESIAN_POINT('',(-2.23214285714286,-7.14285714285714,12.));
#8422=CARTESIAN_POINT('',(-1.78571428571429,-6.69642857142857,10.));
#8423=CARTESIAN_POINT('Origin',(-1.78571428571429,-2.23214285714286,10.));
#8424=CARTESIAN_POINT('',(-1.78571428571429,-2.23214285714286,10.));
#8425=CARTESIAN_POINT('',(-1.78571428571429,-5.80357142857143,10.));
#8426=CARTESIAN_POINT('',(-1.78571428571429,-2.23214285714286,12.));
#8427=CARTESIAN_POINT('',(-1.78571428571429,-5.80357142857143,12.));
#8428=CARTESIAN_POINT('',(-1.78571428571429,-2.23214285714286,10.));
#8429=CARTESIAN_POINT('Origin',(-0.892857142857143,-1.33928571428571,10.));
#8430=CARTESIAN_POINT('',(-0.892857142857143,-1.33928571428571,10.));
#8431=CARTESIAN_POINT('',(-1.33928571428571,-1.78571428571429,10.));
#8432=CARTESIAN_POINT('',(-0.892857142857143,-1.33928571428571,12.));
#8433=CARTESIAN_POINT('',(-1.33928571428571,-1.78571428571429,12.));
#8434=CARTESIAN_POINT('',(-0.892857142857143,-1.33928571428571,10.));
#8435=CARTESIAN_POINT('Origin',(-0.892857142857143,-0.446428571428572,10.));
#8436=CARTESIAN_POINT('',(-0.892857142857143,-0.446428571428572,10.));
#8437=CARTESIAN_POINT('',(-0.892857142857143,-0.446428571428572,10.));
#8438=CARTESIAN_POINT('',(-0.892857142857143,-0.446428571428572,12.));
#8439=CARTESIAN_POINT('',(-0.892857142857143,-0.446428571428572,12.));
#8440=CARTESIAN_POINT('',(-0.892857142857143,-0.446428571428572,10.));
#8441=CARTESIAN_POINT('Origin',(-1.33928571428571,0.,10.));
#8442=CARTESIAN_POINT('',(-1.33928571428571,0.,10.));
#8443=CARTESIAN_POINT('',(-1.33928571428571,0.,10.));
#8444=CARTESIAN_POINT('',(-1.33928571428571,0.,12.));
#8445=CARTESIAN_POINT('',(-1.33928571428571,0.,12.));
#8446=CARTESIAN_POINT('',(-1.33928571428571,0.,10.));
#8447=CARTESIAN_POINT('Origin',(-4.01785714285714,0.,10.));
#8448=CARTESIAN_POINT('',(-4.01785714285714,0.,10.));
#8449=CARTESIAN_POINT('',(-2.23214285714286,0.,10.));
#8450=CARTESIAN_POINT('',(-4.01785714285714,0.,12.));
#8451=CARTESIAN_POINT('',(-2.23214285714286,0.,12.));
#8452=CARTESIAN_POINT('',(-4.01785714285714,0.,10.));
#8453=CARTESIAN_POINT('Origin',(-4.46428571428571,0.446428571428572,10.));
#8454=CARTESIAN_POINT('',(-4.46428571428571,0.446428571428572,10.));
#8455=CARTESIAN_POINT('',(-4.46428571428571,0.446428571428572,10.));
#8456=CARTESIAN_POINT('',(-4.46428571428571,0.446428571428572,12.));
#8457=CARTESIAN_POINT('',(-4.46428571428571,0.446428571428572,12.));
#8458=CARTESIAN_POINT('',(-4.46428571428571,0.446428571428572,10.));
#8459=CARTESIAN_POINT('Origin',(-4.01785714285714,0.892857142857143,10.));
#8460=CARTESIAN_POINT('',(-4.01785714285714,0.892857142857143,10.));
#8461=CARTESIAN_POINT('',(-4.01785714285714,0.892857142857143,10.));
#8462=CARTESIAN_POINT('',(-4.01785714285714,0.892857142857143,12.));
#8463=CARTESIAN_POINT('',(-4.01785714285714,0.892857142857143,12.));
#8464=CARTESIAN_POINT('',(-4.01785714285714,0.892857142857143,10.));
#8465=CARTESIAN_POINT('Origin',(-1.33928571428571,0.892857142857143,10.));
#8466=CARTESIAN_POINT('',(-1.33928571428571,0.892857142857143,10.));
#8467=CARTESIAN_POINT('',(-3.125,0.892857142857143,10.));
#8468=CARTESIAN_POINT('',(-1.33928571428571,0.892857142857143,12.));
#8469=CARTESIAN_POINT('',(-3.125,0.892857142857143,12.));
#8470=CARTESIAN_POINT('',(-1.33928571428571,0.892857142857143,10.));
#8471=CARTESIAN_POINT('Origin',(-0.892857142857143,1.33928571428571,10.));
#8472=CARTESIAN_POINT('',(-0.892857142857143,1.33928571428571,10.));
#8473=CARTESIAN_POINT('',(-0.892857142857143,1.33928571428571,10.));
#8474=CARTESIAN_POINT('',(-0.892857142857143,1.33928571428571,12.));
#8475=CARTESIAN_POINT('',(-0.892857142857143,1.33928571428571,12.));
#8476=CARTESIAN_POINT('',(-0.892857142857143,1.33928571428571,10.));
#8477=CARTESIAN_POINT('Origin',(-4.01785714285714,4.46428571428572,10.));
#8478=CARTESIAN_POINT('',(-4.01785714285714,4.46428571428571,10.));
#8479=CARTESIAN_POINT('',(-1.33928571428571,1.78571428571429,10.));
#8480=CARTESIAN_POINT('',(-4.01785714285714,4.46428571428571,12.));
#8481=CARTESIAN_POINT('',(-1.33928571428571,1.78571428571429,12.));
#8482=CARTESIAN_POINT('',(-4.01785714285714,4.46428571428571,10.));
#8483=CARTESIAN_POINT('Origin',(-4.91071428571429,4.46428571428571,10.));
#8484=CARTESIAN_POINT('',(-4.91071428571429,4.46428571428571,10.));
#8485=CARTESIAN_POINT('',(-4.91071428571429,4.46428571428571,10.));
#8486=CARTESIAN_POINT('',(-4.91071428571429,4.46428571428571,12.));
#8487=CARTESIAN_POINT('',(-4.91071428571429,4.46428571428571,12.));
#8488=CARTESIAN_POINT('',(-4.91071428571429,4.46428571428571,10.));
#8489=CARTESIAN_POINT('Origin',(-5.80357142857143,5.35714285714286,10.));
#8490=CARTESIAN_POINT('',(-5.80357142857143,5.35714285714286,10.));
#8491=CARTESIAN_POINT('',(-5.35714285714286,4.91071428571429,10.));
#8492=CARTESIAN_POINT('',(-5.80357142857143,5.35714285714286,12.));
#8493=CARTESIAN_POINT('',(-5.35714285714286,4.91071428571429,12.));
#8494=CARTESIAN_POINT('',(-5.80357142857143,5.35714285714286,10.));
#8495=CARTESIAN_POINT('Origin',(-8.48214285714286,5.35714285714286,10.));
#8496=CARTESIAN_POINT('',(-8.48214285714286,5.35714285714286,10.));
#8497=CARTESIAN_POINT('',(-6.69642857142857,5.35714285714286,10.));
#8498=CARTESIAN_POINT('',(-8.48214285714286,5.35714285714286,12.));
#8499=CARTESIAN_POINT('',(-6.69642857142857,5.35714285714286,12.));
#8500=CARTESIAN_POINT('',(-8.48214285714286,5.35714285714286,10.));
#8501=CARTESIAN_POINT('Origin',(-14.2857142857143,-0.446428571428585,10.));
#8502=CARTESIAN_POINT('',(-8.92857142857143,4.91071428571429,10.));
#8503=CARTESIAN_POINT('',(-8.92857142857143,4.91071428571429,12.));
#8504=CARTESIAN_POINT('Origin',(-0.446428571428572,0.,10.));
#8505=CARTESIAN_POINT('',(-0.446428571428572,0.,10.));
#8506=CARTESIAN_POINT('',(-0.892857142857143,0.446428571428572,10.));
#8507=CARTESIAN_POINT('',(-0.446428571428572,0.,10.));
#8508=CARTESIAN_POINT('',(-0.892857142857143,0.446428571428572,12.));
#8509=CARTESIAN_POINT('',(-0.892857142857143,0.446428571428572,10.));
#8510=CARTESIAN_POINT('',(-0.446428571428572,0.,12.));
#8511=CARTESIAN_POINT('',(-0.446428571428572,0.,12.));
#8512=CARTESIAN_POINT('',(-0.446428571428572,0.,10.));
#8513=CARTESIAN_POINT('Origin',(0.,0.446428571428572,10.));
#8514=CARTESIAN_POINT('',(0.,0.446428571428572,10.));
#8515=CARTESIAN_POINT('',(0.,0.446428571428572,10.));
#8516=CARTESIAN_POINT('',(0.,0.446428571428572,12.));
#8517=CARTESIAN_POINT('',(0.,0.446428571428572,12.));
#8518=CARTESIAN_POINT('',(0.,0.446428571428572,10.));
#8519=CARTESIAN_POINT('Origin',(-0.446428571428572,0.892857142857143,10.));
#8520=CARTESIAN_POINT('',(-0.446428571428572,0.892857142857143,10.));
#8521=CARTESIAN_POINT('',(-0.446428571428572,0.892857142857143,10.));
#8522=CARTESIAN_POINT('',(-0.446428571428572,0.892857142857143,12.));
#8523=CARTESIAN_POINT('',(-0.446428571428572,0.892857142857143,12.));
#8524=CARTESIAN_POINT('',(-0.446428571428572,0.892857142857143,10.));
#8525=CARTESIAN_POINT('Origin',(-0.892857142857143,0.446428571428572,10.));
#8526=CARTESIAN_POINT('',(-0.892857142857143,0.446428571428572,10.));
#8527=CARTESIAN_POINT('',(-0.892857142857143,0.446428571428572,12.));
#8528=CARTESIAN_POINT('Origin',(-23.9800622536347,-7.05881276172238,10.));
#8529=CARTESIAN_POINT('',(-23.834983824085,-7.54253076973688,10.));
#8530=CARTESIAN_POINT('',(-23.9800622536347,-7.05881276172238,10.));
#8531=CARTESIAN_POINT('',(-23.8335556337686,-7.54729261736005,10.));
#8532=CARTESIAN_POINT('',(-23.834983824085,-7.54253076973688,12.));
#8533=CARTESIAN_POINT('',(-23.834983824085,-7.54253076973688,10.));
#8534=CARTESIAN_POINT('',(-23.9800622536347,-7.05881276172238,12.));
#8535=CARTESIAN_POINT('',(-23.8335556337686,-7.54729261736005,12.));
#8536=CARTESIAN_POINT('',(-23.9800622536347,-7.05881276172238,10.));
#8537=CARTESIAN_POINT('Origin',(-24.1271633184048,-6.54380724694354,10.));
#8538=CARTESIAN_POINT('',(-24.1271633184048,-6.54380724694354,10.));
#8539=CARTESIAN_POINT('',(-24.1487012875811,-6.46840213060209,10.));
#8540=CARTESIAN_POINT('',(-24.1271633184048,-6.54380724694353,12.));
#8541=CARTESIAN_POINT('',(-24.1487012875811,-6.46840213060209,12.));
#8542=CARTESIAN_POINT('',(-24.1271633184048,-6.54380724694354,10.));
#8543=CARTESIAN_POINT('Origin',(-24.1592892400162,-6.42603761001014,10.));
#8544=CARTESIAN_POINT('',(-24.1592892400162,-6.42603761001014,10.));
#8545=CARTESIAN_POINT('',(-24.0531681578846,-6.81506431140064,10.));
#8546=CARTESIAN_POINT('',(-24.1592892400162,-6.42603761001014,12.));
#8547=CARTESIAN_POINT('',(-24.0531681578846,-6.81506431140064,12.));
#8548=CARTESIAN_POINT('',(-24.1592892400162,-6.42603761001014,10.));
#8549=CARTESIAN_POINT('Origin',(-24.326120624745,-5.75851178978737,10.));
#8550=CARTESIAN_POINT('',(-24.326120624745,-5.75851178978737,10.));
#8551=CARTESIAN_POINT('',(-24.3524300060838,-5.65324267998374,10.));
#8552=CARTESIAN_POINT('',(-24.326120624745,-5.75851178978737,12.));
#8553=CARTESIAN_POINT('',(-24.3524300060838,-5.65324267998374,12.));
#8554=CARTESIAN_POINT('',(-24.326120624745,-5.75851178978737,10.));
#8555=CARTESIAN_POINT('Origin',(-24.399710513169,-5.432533043672,10.));
#8556=CARTESIAN_POINT('',(-24.399710513169,-5.432533043672,10.));
#8557=CARTESIAN_POINT('',(-24.2989693511098,-5.87878290752657,10.));
#8558=CARTESIAN_POINT('',(-24.399710513169,-5.432533043672,12.));
#8559=CARTESIAN_POINT('',(-24.2989693511098,-5.87878290752657,12.));
#8560=CARTESIAN_POINT('',(-24.399710513169,-5.432533043672,10.));
#8561=CARTESIAN_POINT('Origin',(-24.5004590671603,-4.96222978168912,10.));
#8562=CARTESIAN_POINT('',(-24.5004590671603,-4.96222978168912,10.));
#8563=CARTESIAN_POINT('',(-24.5312205130272,-4.8186326007732,10.));
#8564=CARTESIAN_POINT('',(-24.5004590671603,-4.96222978168912,12.));
#8565=CARTESIAN_POINT('',(-24.5312205130272,-4.8186326007732,12.));
#8566=CARTESIAN_POINT('',(-24.5004590671603,-4.96222978168912,10.));
#8567=CARTESIAN_POINT('Origin',(-24.5666698737544,-4.62005483387876,10.));
#8568=CARTESIAN_POINT('',(-24.5666698737544,-4.62005483387876,10.));
#8569=CARTESIAN_POINT('',(-24.4679237431382,-5.1303711074322,10.));
#8570=CARTESIAN_POINT('',(-24.5666698737544,-4.62005483387876,12.));
#8571=CARTESIAN_POINT('',(-24.4679237431382,-5.1303711074322,12.));
#8572=CARTESIAN_POINT('',(-24.5666698737544,-4.62005483387876,10.));
#8573=CARTESIAN_POINT('Origin',(-24.65095162872,-4.14793115244574,10.));
#8574=CARTESIAN_POINT('',(-24.65095162872,-4.14793115244574,10.));
#8575=CARTESIAN_POINT('',(-24.6832592819175,-3.96695238459388,10.));
#8576=CARTESIAN_POINT('',(-24.65095162872,-4.14793115244574,12.));
#8577=CARTESIAN_POINT('',(-24.6832592819175,-3.96695238459388,12.));
#8578=CARTESIAN_POINT('',(-24.65095162872,-4.14793115244574,10.));
#8579=CARTESIAN_POINT('Origin',(-24.7074649965234,-3.79745943202117,10.));
#8580=CARTESIAN_POINT('',(-24.7074649965234,-3.79745943202117,10.));
#8581=CARTESIAN_POINT('',(-24.615581651166,-4.36728061552945,10.));
#8582=CARTESIAN_POINT('',(-24.7074649965234,-3.79745943202117,12.));
#8583=CARTESIAN_POINT('',(-24.615581651166,-4.36728061552945,12.));
#8584=CARTESIAN_POINT('',(-24.7074649965234,-3.79745943202117,10.));
#8585=CARTESIAN_POINT('Origin',(-24.776174007207,-3.31634605533574,10.));
#8586=CARTESIAN_POINT('',(-24.776174007207,-3.31634605533574,10.));
#8587=CARTESIAN_POINT('',(-24.8069469178417,-3.10086836473021,10.));
#8588=CARTESIAN_POINT('',(-24.776174007207,-3.31634605533574,12.));
#8589=CARTESIAN_POINT('',(-24.8069469178417,-3.10086836473021,12.));
#8590=CARTESIAN_POINT('',(-24.776174007207,-3.31634605533574,10.));
#8591=CARTESIAN_POINT('Origin',(-24.8215107633388,-2.96489628709181,10.));
#8592=CARTESIAN_POINT('',(-24.8215107633388,-2.96489628709181,10.));
#8593=CARTESIAN_POINT('',(-24.7406934184963,-3.5913909801043,10.));
#8594=CARTESIAN_POINT('',(-24.8215107633388,-2.96489628709181,12.));
#8595=CARTESIAN_POINT('',(-24.7406934184963,-3.5913909801043,12.));
#8596=CARTESIAN_POINT('',(-24.8215107633388,-2.96489628709181,10.));
#8597=CARTESIAN_POINT('Origin',(-24.8749045215393,-2.46639743684947,10.));
#8598=CARTESIAN_POINT('',(-24.8749045215393,-2.46639743684947,10.));
#8599=CARTESIAN_POINT('',(-24.9009426328615,-2.22329844936264,10.));
#8600=CARTESIAN_POINT('',(-24.8749045215393,-2.46639743684947,12.));
#8601=CARTESIAN_POINT('',(-24.9009426328615,-2.22329844936264,12.));
#8602=CARTESIAN_POINT('',(-24.8749045215393,-2.46639743684947,10.));
#8603=CARTESIAN_POINT('Origin',(-24.9080385117397,-2.12392462778944,10.));
#8604=CARTESIAN_POINT('',(-24.9080385117397,-2.12392462778944,10.));
#8605=CARTESIAN_POINT('',(-24.8421681060366,-2.80476091519767,10.));
#8606=CARTESIAN_POINT('',(-24.9080385117397,-2.12392462778944,12.));
#8607=CARTESIAN_POINT('',(-24.8421681060366,-2.80476091519767,12.));
#8608=CARTESIAN_POINT('',(-24.9080385117397,-2.12392462778944,10.));
#8609=CARTESIAN_POINT('Origin',(-24.9461561184319,-1.59010882973524,10.));
#8610=CARTESIAN_POINT('',(-24.9461561184319,-1.59010882973524,10.));
#8611=CARTESIAN_POINT('',(-24.9642033067522,-1.3373680342903,10.));
#8612=CARTESIAN_POINT('',(-24.9461561184319,-1.59010882973524,12.));
#8613=CARTESIAN_POINT('',(-24.9642033067522,-1.3373680342903,12.));
#8614=CARTESIAN_POINT('',(-24.9461561184319,-1.59010882973524,10.));
#8615=CARTESIAN_POINT('Origin',(-24.9663675055303,-1.27675116990715,10.));
#8616=CARTESIAN_POINT('',(-24.9663675055303,-1.27675116990715,10.));
#8617=CARTESIAN_POINT('',(-24.9190988752961,-2.00960474800775,10.));
#8618=CARTESIAN_POINT('',(-24.9663675055303,-1.27675116990715,12.));
#8619=CARTESIAN_POINT('',(-24.9190988752961,-2.00960474800775,12.));
#8620=CARTESIAN_POINT('',(-24.9663675055303,-1.27675116990715,10.));
#8621=CARTESIAN_POINT('Origin',(-24.9892032248592,-0.637147397998001,10.));
#8622=CARTESIAN_POINT('',(-24.9892032248592,-0.637147397998001,10.));
#8623=CARTESIAN_POINT('',(-24.9960149836361,-0.446357410422074,10.));
#8624=CARTESIAN_POINT('',(-24.9892032248592,-0.637147397998001,12.));
#8625=CARTESIAN_POINT('',(-24.9960149836361,-0.446357410422074,12.));
#8626=CARTESIAN_POINT('',(-24.9892032248592,-0.637147397998001,10.));
#8627=CARTESIAN_POINT('Origin',(-24.9960149836361,-0.425927999464026,10.));
#8628=CARTESIAN_POINT('',(-24.9960149836361,-0.425927999464027,10.));
#8629=CARTESIAN_POINT('',(-24.97078490205,-1.20826378558306,10.));
#8630=CARTESIAN_POINT('',(-24.9960149836361,-0.425927999464027,12.));
#8631=CARTESIAN_POINT('',(-24.97078490205,-1.20826378558306,12.));
#8632=CARTESIAN_POINT('',(-24.9960149836361,-0.425927999464027,10.));
#8633=CARTESIAN_POINT('Origin',(-24.9960149836361,0.425927999464026,10.));
#8634=CARTESIAN_POINT('',(-24.9960149836361,0.425927999464026,10.));
#8635=CARTESIAN_POINT('',(-24.9960149836361,0.446357410422074,10.));
#8636=CARTESIAN_POINT('',(-24.9960149836361,0.425927999464026,12.));
#8637=CARTESIAN_POINT('',(-24.9960149836361,0.446357410422074,12.));
#8638=CARTESIAN_POINT('',(-24.9960149836361,0.425927999464026,10.));
#8639=CARTESIAN_POINT('Origin',(-24.9723836605826,1.15868939125678,10.));
#8640=CARTESIAN_POINT('',(-24.9723836605826,1.15868939125678,10.));
#8641=CARTESIAN_POINT('',(-24.9967488133031,0.403173367956502,10.));
#8642=CARTESIAN_POINT('',(-24.9723836605826,1.15868939125678,12.));
#8643=CARTESIAN_POINT('',(-24.9967488133031,0.403173367956502,12.));
#8644=CARTESIAN_POINT('',(-24.9723836605826,1.15868939125678,10.));
#8645=CARTESIAN_POINT('Origin',(-24.9684639465525,1.24899928348757,10.));
#8646=CARTESIAN_POINT('',(-24.9684639465525,1.24899928348757,10.));
#8647=CARTESIAN_POINT('',(-24.9666246235527,1.291377135701,10.));
#8648=CARTESIAN_POINT('',(-24.9684639465525,1.24899928348757,12.));
#8649=CARTESIAN_POINT('',(-24.9666246235527,1.291377135701,12.));
#8650=CARTESIAN_POINT('',(-24.9684639465525,1.24899928348757,10.));
#8651=CARTESIAN_POINT('Origin',(-24.9542617304228,1.49826487518615,10.));
#8652=CARTESIAN_POINT('',(-24.9542617304228,1.49826487518615,10.));
#8653=CARTESIAN_POINT('',(-24.97078490205,1.20826378558306,10.));
#8654=CARTESIAN_POINT('',(-24.9542617304228,1.49826487518615,12.));
#8655=CARTESIAN_POINT('',(-24.97078490205,1.20826378558306,12.));
#8656=CARTESIAN_POINT('',(-24.9542617304228,1.49826487518615,10.));
#8657=CARTESIAN_POINT('Origin',(-24.9427425529419,1.69103339341979,10.));
#8658=CARTESIAN_POINT('',(-24.9427425529419,1.69103339341979,10.));
#8659=CARTESIAN_POINT('',(-24.9427425529419,1.69103339341979,10.));
#8660=CARTESIAN_POINT('',(-24.9427425529419,1.69103339341979,12.));
#8661=CARTESIAN_POINT('',(-24.9427425529419,1.69103339341979,12.));
#8662=CARTESIAN_POINT('',(-24.9427425529419,1.69103339341979,10.));
#8663=CARTESIAN_POINT('Origin',(0.,0.,10.));
#8664=CARTESIAN_POINT('',(1.3373680342903,24.9642033067522,10.));
#8665=CARTESIAN_POINT('Origin',(0.,0.,10.));
#8666=CARTESIAN_POINT('',(1.3373680342903,24.9642033067522,12.));
#8667=CARTESIAN_POINT('Origin',(0.,0.,12.));
#8668=CARTESIAN_POINT('',(1.3373680342903,24.9642033067522,10.));
#8669=CARTESIAN_POINT('Origin',(0.892857142857143,24.5535714285714,10.));
#8670=CARTESIAN_POINT('',(0.892857142857143,24.5535714285714,10.));
#8671=CARTESIAN_POINT('',(0.892857142857143,24.5535714285714,10.));
#8672=CARTESIAN_POINT('',(0.892857142857143,24.5535714285714,12.));
#8673=CARTESIAN_POINT('',(0.892857142857143,24.5535714285714,12.));
#8674=CARTESIAN_POINT('',(0.892857142857143,24.5535714285714,10.));
#8675=CARTESIAN_POINT('Origin',(0.892857142857143,16.5178571428571,10.));
#8676=CARTESIAN_POINT('',(0.892857142857143,16.5178571428571,10.));
#8677=CARTESIAN_POINT('',(0.892857142857143,16.5178571428571,10.));
#8678=CARTESIAN_POINT('',(0.892857142857143,16.5178571428571,12.));
#8679=CARTESIAN_POINT('',(0.892857142857143,16.5178571428571,12.));
#8680=CARTESIAN_POINT('',(0.892857142857143,16.5178571428571,10.));
#8681=CARTESIAN_POINT('Origin',(1.78571428571429,15.625,10.));
#8682=CARTESIAN_POINT('',(1.78571428571429,15.625,10.));
#8683=CARTESIAN_POINT('',(1.78571428571429,15.625,10.));
#8684=CARTESIAN_POINT('',(1.78571428571429,15.625,12.));
#8685=CARTESIAN_POINT('',(1.78571428571429,15.625,12.));
#8686=CARTESIAN_POINT('',(1.78571428571429,15.625,10.));
#8687=CARTESIAN_POINT('Origin',(1.78571428571429,8.48214285714286,10.));
#8688=CARTESIAN_POINT('',(1.78571428571429,8.48214285714286,10.));
#8689=CARTESIAN_POINT('',(1.78571428571429,8.48214285714286,10.));
#8690=CARTESIAN_POINT('',(1.78571428571429,8.48214285714286,12.));
#8691=CARTESIAN_POINT('',(1.78571428571429,8.48214285714286,12.));
#8692=CARTESIAN_POINT('',(1.78571428571429,8.48214285714286,10.));
#8693=CARTESIAN_POINT('Origin',(0.892857142857143,7.58928571428571,10.));
#8694=CARTESIAN_POINT('',(0.892857142857143,7.58928571428571,10.));
#8695=CARTESIAN_POINT('',(0.892857142857143,7.58928571428571,10.));
#8696=CARTESIAN_POINT('',(0.892857142857143,7.58928571428571,12.));
#8697=CARTESIAN_POINT('',(0.892857142857143,7.58928571428571,12.));
#8698=CARTESIAN_POINT('',(0.892857142857143,7.58928571428571,10.));
#8699=CARTESIAN_POINT('Origin',(0.892857142857143,5.80357142857143,10.));
#8700=CARTESIAN_POINT('',(0.892857142857143,5.80357142857143,10.));
#8701=CARTESIAN_POINT('',(0.892857142857143,5.80357142857143,10.));
#8702=CARTESIAN_POINT('',(0.892857142857143,5.80357142857143,12.));
#8703=CARTESIAN_POINT('',(0.892857142857143,5.80357142857143,12.));
#8704=CARTESIAN_POINT('',(0.892857142857143,5.80357142857143,10.));
#8705=CARTESIAN_POINT('Origin',(0.,4.91071428571429,10.));
#8706=CARTESIAN_POINT('',(0.,4.91071428571429,10.));
#8707=CARTESIAN_POINT('',(0.,4.91071428571429,10.));
#8708=CARTESIAN_POINT('',(0.,4.91071428571429,12.));
#8709=CARTESIAN_POINT('',(0.,4.91071428571429,12.));
#8710=CARTESIAN_POINT('',(0.,4.91071428571429,10.));
#8711=CARTESIAN_POINT('Origin',(0.,1.33928571428571,10.));
#8712=CARTESIAN_POINT('',(0.,1.33928571428571,10.));
#8713=CARTESIAN_POINT('',(0.,1.33928571428571,10.));
#8714=CARTESIAN_POINT('',(0.,1.33928571428571,12.));
#8715=CARTESIAN_POINT('',(0.,1.33928571428571,12.));
#8716=CARTESIAN_POINT('',(0.,1.33928571428571,10.));
#8717=CARTESIAN_POINT('Origin',(0.446428571428572,0.892857142857143,10.));
#8718=CARTESIAN_POINT('',(0.446428571428572,0.892857142857143,10.));
#8719=CARTESIAN_POINT('',(0.446428571428572,0.892857142857143,10.));
#8720=CARTESIAN_POINT('',(0.446428571428572,0.892857142857143,12.));
#8721=CARTESIAN_POINT('',(0.446428571428572,0.892857142857143,12.));
#8722=CARTESIAN_POINT('',(0.446428571428572,0.892857142857143,10.));
#8723=CARTESIAN_POINT('Origin',(4.46428571428571,4.91071428571429,10.));
#8724=CARTESIAN_POINT('',(4.46428571428571,4.91071428571429,10.));
#8725=CARTESIAN_POINT('',(4.46428571428571,4.91071428571429,10.));
#8726=CARTESIAN_POINT('',(4.46428571428572,4.91071428571429,12.));
#8727=CARTESIAN_POINT('',(4.46428571428571,4.91071428571429,12.));
#8728=CARTESIAN_POINT('',(4.46428571428571,4.91071428571429,10.));
#8729=CARTESIAN_POINT('Origin',(4.46428571428571,5.80357142857143,10.));
#8730=CARTESIAN_POINT('',(4.46428571428571,5.80357142857143,10.));
#8731=CARTESIAN_POINT('',(4.46428571428571,5.80357142857143,10.));
#8732=CARTESIAN_POINT('',(4.46428571428572,5.80357142857143,12.));
#8733=CARTESIAN_POINT('',(4.46428571428571,5.80357142857143,12.));
#8734=CARTESIAN_POINT('',(4.46428571428571,5.80357142857143,10.));
#8735=CARTESIAN_POINT('Origin',(8.48214285714286,9.82142857142857,10.));
#8736=CARTESIAN_POINT('',(8.48214285714286,9.82142857142857,10.));
#8737=CARTESIAN_POINT('',(8.48214285714286,9.82142857142857,10.));
#8738=CARTESIAN_POINT('',(8.48214285714286,9.82142857142857,12.));
#8739=CARTESIAN_POINT('',(8.48214285714286,9.82142857142857,12.));
#8740=CARTESIAN_POINT('',(8.48214285714286,9.82142857142857,10.));
#8741=CARTESIAN_POINT('Origin',(11.1607142857143,9.82142857142857,10.));
#8742=CARTESIAN_POINT('',(11.1607142857143,9.82142857142857,10.));
#8743=CARTESIAN_POINT('',(11.1607142857143,9.82142857142857,10.));
#8744=CARTESIAN_POINT('',(11.1607142857143,9.82142857142857,12.));
#8745=CARTESIAN_POINT('',(11.1607142857143,9.82142857142857,12.));
#8746=CARTESIAN_POINT('',(11.1607142857143,9.82142857142857,10.));
#8747=CARTESIAN_POINT('Origin',(12.5,8.48214285714286,10.));
#8748=CARTESIAN_POINT('',(12.5,8.48214285714286,10.));
#8749=CARTESIAN_POINT('',(12.5,8.48214285714286,10.));
#8750=CARTESIAN_POINT('',(12.5,8.48214285714286,12.));
#8751=CARTESIAN_POINT('',(12.5,8.48214285714286,12.));
#8752=CARTESIAN_POINT('',(12.5,8.48214285714286,10.));
#8753=CARTESIAN_POINT('Origin',(12.5,6.69642857142857,10.));
#8754=CARTESIAN_POINT('',(12.5,6.69642857142857,10.));
#8755=CARTESIAN_POINT('',(12.5,6.69642857142857,10.));
#8756=CARTESIAN_POINT('',(12.5,6.69642857142857,12.));
#8757=CARTESIAN_POINT('',(12.5,6.69642857142857,12.));
#8758=CARTESIAN_POINT('',(12.5,6.69642857142857,10.));
#8759=CARTESIAN_POINT('Origin',(10.2678571428571,4.46428571428571,10.));
#8760=CARTESIAN_POINT('',(10.2678571428571,4.46428571428571,10.));
#8761=CARTESIAN_POINT('',(10.2678571428571,4.46428571428571,10.));
#8762=CARTESIAN_POINT('',(10.2678571428571,4.46428571428571,12.));
#8763=CARTESIAN_POINT('',(10.2678571428571,4.46428571428571,12.));
#8764=CARTESIAN_POINT('',(10.2678571428571,4.46428571428571,10.));
#8765=CARTESIAN_POINT('Origin',(9.375,4.46428571428571,10.));
#8766=CARTESIAN_POINT('',(9.375,4.46428571428571,10.));
#8767=CARTESIAN_POINT('',(9.375,4.46428571428571,10.));
#8768=CARTESIAN_POINT('',(9.375,4.46428571428571,12.));
#8769=CARTESIAN_POINT('',(9.375,4.46428571428571,12.));
#8770=CARTESIAN_POINT('',(9.375,4.46428571428571,10.));
#8771=CARTESIAN_POINT('Origin',(8.48214285714286,3.57142857142857,10.));
#8772=CARTESIAN_POINT('',(8.48214285714286,3.57142857142857,10.));
#8773=CARTESIAN_POINT('',(8.48214285714286,3.57142857142857,10.));
#8774=CARTESIAN_POINT('',(8.48214285714286,3.57142857142857,12.));
#8775=CARTESIAN_POINT('',(8.48214285714286,3.57142857142857,12.));
#8776=CARTESIAN_POINT('',(8.48214285714286,3.57142857142857,10.));
#8777=CARTESIAN_POINT('Origin',(7.58928571428571,3.57142857142857,10.));
#8778=CARTESIAN_POINT('',(7.58928571428571,3.57142857142857,10.));
#8779=CARTESIAN_POINT('',(7.58928571428571,3.57142857142857,10.));
#8780=CARTESIAN_POINT('',(7.58928571428571,3.57142857142857,12.));
#8781=CARTESIAN_POINT('',(7.58928571428571,3.57142857142857,12.));
#8782=CARTESIAN_POINT('',(7.58928571428571,3.57142857142857,10.));
#8783=CARTESIAN_POINT('Origin',(6.69642857142857,2.67857142857143,10.));
#8784=CARTESIAN_POINT('',(6.69642857142857,2.67857142857143,10.));
#8785=CARTESIAN_POINT('',(6.69642857142857,2.67857142857143,10.));
#8786=CARTESIAN_POINT('',(6.69642857142857,2.67857142857143,12.));
#8787=CARTESIAN_POINT('',(6.69642857142857,2.67857142857143,12.));
#8788=CARTESIAN_POINT('',(6.69642857142857,2.67857142857143,10.));
#8789=CARTESIAN_POINT('Origin',(5.80357142857143,2.67857142857143,10.));
#8790=CARTESIAN_POINT('',(5.80357142857143,2.67857142857143,10.));
#8791=CARTESIAN_POINT('',(5.80357142857143,2.67857142857143,10.));
#8792=CARTESIAN_POINT('',(5.80357142857143,2.67857142857143,12.));
#8793=CARTESIAN_POINT('',(5.80357142857143,2.67857142857143,12.));
#8794=CARTESIAN_POINT('',(5.80357142857143,2.67857142857143,10.));
#8795=CARTESIAN_POINT('Origin',(4.01785714285714,0.892857142857143,10.));
#8796=CARTESIAN_POINT('',(4.01785714285714,0.892857142857143,10.));
#8797=CARTESIAN_POINT('',(4.01785714285714,0.892857142857143,10.));
#8798=CARTESIAN_POINT('',(4.01785714285714,0.892857142857143,12.));
#8799=CARTESIAN_POINT('',(4.01785714285714,0.892857142857143,12.));
#8800=CARTESIAN_POINT('',(4.01785714285714,0.892857142857143,10.));
#8801=CARTESIAN_POINT('Origin',(3.125,0.892857142857143,10.));
#8802=CARTESIAN_POINT('',(3.125,0.892857142857143,10.));
#8803=CARTESIAN_POINT('',(3.125,0.892857142857143,10.));
#8804=CARTESIAN_POINT('',(3.125,0.892857142857143,12.));
#8805=CARTESIAN_POINT('',(3.125,0.892857142857143,12.));
#8806=CARTESIAN_POINT('',(3.125,0.892857142857143,10.));
#8807=CARTESIAN_POINT('Origin',(2.23214285714286,0.,10.));
#8808=CARTESIAN_POINT('',(2.23214285714286,0.,10.));
#8809=CARTESIAN_POINT('',(2.23214285714286,0.,10.));
#8810=CARTESIAN_POINT('',(2.23214285714286,0.,12.));
#8811=CARTESIAN_POINT('',(2.23214285714286,0.,12.));
#8812=CARTESIAN_POINT('',(2.23214285714286,0.,10.));
#8813=CARTESIAN_POINT('Origin',(0.446428571428572,0.,10.));
#8814=CARTESIAN_POINT('',(0.446428571428572,0.,10.));
#8815=CARTESIAN_POINT('',(0.446428571428572,0.,10.));
#8816=CARTESIAN_POINT('',(0.446428571428572,0.,12.));
#8817=CARTESIAN_POINT('',(0.446428571428572,0.,12.));
#8818=CARTESIAN_POINT('',(0.446428571428572,0.,10.));
#8819=CARTESIAN_POINT('Origin',(0.,-0.446428571428572,10.));
#8820=CARTESIAN_POINT('',(0.,-0.446428571428572,10.));
#8821=CARTESIAN_POINT('',(0.,-0.446428571428572,10.));
#8822=CARTESIAN_POINT('',(0.,-0.446428571428572,12.));
#8823=CARTESIAN_POINT('',(0.,-0.446428571428572,12.));
#8824=CARTESIAN_POINT('',(0.,-0.446428571428572,10.));
#8825=CARTESIAN_POINT('Origin',(4.46428571428571,-4.91071428571429,10.));
#8826=CARTESIAN_POINT('',(4.46428571428571,-4.91071428571429,10.));
#8827=CARTESIAN_POINT('',(4.46428571428571,-4.91071428571429,10.));
#8828=CARTESIAN_POINT('',(4.46428571428572,-4.91071428571429,12.));
#8829=CARTESIAN_POINT('',(4.46428571428571,-4.91071428571429,12.));
#8830=CARTESIAN_POINT('',(4.46428571428571,-4.91071428571429,10.));
#8831=CARTESIAN_POINT('Origin',(4.46428571428571,-5.80357142857143,10.));
#8832=CARTESIAN_POINT('',(4.46428571428571,-5.80357142857143,10.));
#8833=CARTESIAN_POINT('',(4.46428571428571,-5.80357142857143,10.));
#8834=CARTESIAN_POINT('',(4.46428571428572,-5.80357142857143,12.));
#8835=CARTESIAN_POINT('',(4.46428571428571,-5.80357142857143,12.));
#8836=CARTESIAN_POINT('',(4.46428571428571,-5.80357142857143,10.));
#8837=CARTESIAN_POINT('Origin',(5.35714285714286,-6.69642857142857,10.));
#8838=CARTESIAN_POINT('',(5.35714285714286,-6.69642857142857,10.));
#8839=CARTESIAN_POINT('',(5.35714285714286,-6.69642857142857,10.));
#8840=CARTESIAN_POINT('',(5.35714285714286,-6.69642857142857,12.));
#8841=CARTESIAN_POINT('',(5.35714285714286,-6.69642857142857,12.));
#8842=CARTESIAN_POINT('',(5.35714285714286,-6.69642857142857,10.));
#8843=CARTESIAN_POINT('Origin',(5.35714285714286,-10.2678571428571,10.));
#8844=CARTESIAN_POINT('',(5.35714285714286,-10.2678571428571,10.));
#8845=CARTESIAN_POINT('',(5.35714285714286,-10.2678571428571,10.));
#8846=CARTESIAN_POINT('',(5.35714285714286,-10.2678571428571,12.));
#8847=CARTESIAN_POINT('',(5.35714285714286,-10.2678571428571,12.));
#8848=CARTESIAN_POINT('',(5.35714285714286,-10.2678571428571,10.));
#8849=CARTESIAN_POINT('Origin',(1.78571428571429,-13.8392857142857,10.));
#8850=CARTESIAN_POINT('',(1.78571428571429,-13.8392857142857,10.));
#8851=CARTESIAN_POINT('',(1.78571428571429,-13.8392857142857,10.));
#8852=CARTESIAN_POINT('',(1.78571428571429,-13.8392857142857,12.));
#8853=CARTESIAN_POINT('',(1.78571428571429,-13.8392857142857,12.));
#8854=CARTESIAN_POINT('',(1.78571428571429,-13.8392857142857,10.));
#8855=CARTESIAN_POINT('Origin',(1.78571428571429,-16.5178571428571,10.));
#8856=CARTESIAN_POINT('',(1.78571428571429,-16.5178571428571,10.));
#8857=CARTESIAN_POINT('',(1.78571428571429,-16.5178571428571,10.));
#8858=CARTESIAN_POINT('',(1.78571428571429,-16.5178571428571,12.));
#8859=CARTESIAN_POINT('',(1.78571428571429,-16.5178571428571,12.));
#8860=CARTESIAN_POINT('',(1.78571428571429,-16.5178571428571,10.));
#8861=CARTESIAN_POINT('Origin',(3.125,-17.8571428571429,10.));
#8862=CARTESIAN_POINT('',(3.125,-17.8571428571429,10.));
#8863=CARTESIAN_POINT('',(3.125,-17.8571428571429,10.));
#8864=CARTESIAN_POINT('',(3.125,-17.8571428571429,12.));
#8865=CARTESIAN_POINT('',(3.125,-17.8571428571429,12.));
#8866=CARTESIAN_POINT('',(3.125,-17.8571428571429,10.));
#8867=CARTESIAN_POINT('Origin',(4.01785714285714,-17.8571428571429,10.));
#8868=CARTESIAN_POINT('',(4.01785714285714,-17.8571428571429,10.));
#8869=CARTESIAN_POINT('',(4.01785714285714,-17.8571428571429,10.));
#8870=CARTESIAN_POINT('',(4.01785714285714,-17.8571428571429,12.));
#8871=CARTESIAN_POINT('',(4.01785714285714,-17.8571428571429,12.));
#8872=CARTESIAN_POINT('',(4.01785714285714,-17.8571428571429,10.));
#8873=CARTESIAN_POINT('Origin',(4.91071428571429,-18.75,10.));
#8874=CARTESIAN_POINT('',(4.91071428571429,-18.75,10.));
#8875=CARTESIAN_POINT('',(4.91071428571429,-18.75,10.));
#8876=CARTESIAN_POINT('',(4.91071428571429,-18.75,12.));
#8877=CARTESIAN_POINT('',(4.91071428571429,-18.75,12.));
#8878=CARTESIAN_POINT('',(4.91071428571429,-18.75,10.));
#8879=CARTESIAN_POINT('Origin',(11.1607142857143,-18.75,10.));
#8880=CARTESIAN_POINT('',(11.1607142857143,-18.75,10.));
#8881=CARTESIAN_POINT('',(11.1607142857143,-18.75,10.));
#8882=CARTESIAN_POINT('',(11.1607142857143,-18.75,12.));
#8883=CARTESIAN_POINT('',(11.1607142857143,-18.75,12.));
#8884=CARTESIAN_POINT('',(11.1607142857143,-18.75,10.));
#8885=CARTESIAN_POINT('Origin',(12.0535714285714,-19.6428571428571,10.));
#8886=CARTESIAN_POINT('',(12.0535714285714,-19.6428571428571,10.));
#8887=CARTESIAN_POINT('',(12.0535714285714,-19.6428571428571,10.));
#8888=CARTESIAN_POINT('',(12.0535714285714,-19.6428571428571,12.));
#8889=CARTESIAN_POINT('',(12.0535714285714,-19.6428571428571,12.));
#8890=CARTESIAN_POINT('',(12.0535714285714,-19.6428571428571,10.));
#8891=CARTESIAN_POINT('Origin',(12.9464285714286,-19.6428571428571,10.));
#8892=CARTESIAN_POINT('',(12.9464285714286,-19.6428571428571,10.));
#8893=CARTESIAN_POINT('',(12.9464285714286,-19.6428571428571,10.));
#8894=CARTESIAN_POINT('',(12.9464285714286,-19.6428571428571,12.));
#8895=CARTESIAN_POINT('',(12.9464285714286,-19.6428571428571,12.));
#8896=CARTESIAN_POINT('',(12.9464285714286,-19.6428571428571,10.));
#8897=CARTESIAN_POINT('Origin',(13.3928571428571,-20.0892857142857,10.));
#8898=CARTESIAN_POINT('',(13.3928571428571,-20.0892857142857,10.));
#8899=CARTESIAN_POINT('',(13.3928571428571,-20.0892857142857,10.));
#8900=CARTESIAN_POINT('',(13.3928571428571,-20.0892857142857,12.));
#8901=CARTESIAN_POINT('',(13.3928571428571,-20.0892857142857,12.));
#8902=CARTESIAN_POINT('',(13.3928571428571,-20.0892857142857,10.));
#8903=CARTESIAN_POINT('Origin',(13.3928571428571,-20.9821428571429,10.));
#8904=CARTESIAN_POINT('',(13.3928571428571,-20.9821428571429,10.));
#8905=CARTESIAN_POINT('',(13.3928571428571,-20.9821428571429,10.));
#8906=CARTESIAN_POINT('',(13.3928571428571,-20.9821428571429,12.));
#8907=CARTESIAN_POINT('',(13.3928571428571,-20.9821428571429,12.));
#8908=CARTESIAN_POINT('',(13.3928571428571,-20.9821428571429,10.));
#8909=CARTESIAN_POINT('Origin',(13.5631357868916,-21.0009844442193,10.));
#8910=CARTESIAN_POINT('',(13.5631357868916,-21.0009844442193,10.));
#8911=CARTESIAN_POINT('',(13.5631357868916,-21.0009844442193,10.));
#8912=CARTESIAN_POINT('',(13.5631357868916,-21.0009844442193,12.));
#8913=CARTESIAN_POINT('',(13.5631357868916,-21.0009844442193,12.));
#8914=CARTESIAN_POINT('',(13.5631357868916,-21.0009844442193,10.));
#8915=CARTESIAN_POINT('Origin',(0.,0.,10.));
#8916=CARTESIAN_POINT('',(-23.676646985395,-8.02598202894745,10.));
#8917=CARTESIAN_POINT('Origin',(0.,0.,10.));
#8918=CARTESIAN_POINT('',(-23.676646985395,-8.02598202894745,12.));
#8919=CARTESIAN_POINT('Origin',(0.,0.,12.));
#8920=CARTESIAN_POINT('',(-23.676646985395,-8.02598202894745,10.));
#8921=CARTESIAN_POINT('Origin',(-23.8279985471959,-7.56424591170818,10.));
#8922=CARTESIAN_POINT('',(-23.8279985471959,-7.56424591170818,10.));
#8923=CARTESIAN_POINT('',(-23.676646985395,-8.02598202894745,10.));
#8924=CARTESIAN_POINT('',(-23.8279985471959,-7.56424591170818,12.));
#8925=CARTESIAN_POINT('',(-23.676646985395,-8.02598202894745,12.));
#8926=CARTESIAN_POINT('',(-23.8279985471959,-7.56424591170818,10.));
#8927=CARTESIAN_POINT('Origin',(-23.834983824085,-7.54253076973688,10.));
#8928=CARTESIAN_POINT('',(-23.8395666283535,-7.52828419842743,10.));
#8929=CARTESIAN_POINT('',(-23.8395666283535,-7.52828419842743,12.));
#8930=CARTESIAN_POINT('Origin',(-5.71643959837225,0.,12.));
#8931=CARTESIAN_POINT('Origin',(-5.71643959837225,0.,10.));
#8932=CARTESIAN_POINT('Origin',(23.2142857142857,-7.58928571428571,10.));
#8933=CARTESIAN_POINT('',(23.2142857142857,-7.58928571428571,10.));
#8934=CARTESIAN_POINT('',(23.2142857142857,-6.69642857142857,10.));
#8935=CARTESIAN_POINT('',(23.2142857142857,-7.58928571428571,10.));
#8936=CARTESIAN_POINT('',(23.2142857142857,-6.69642857142857,12.));
#8937=CARTESIAN_POINT('',(23.2142857142857,-6.69642857142857,10.));
#8938=CARTESIAN_POINT('',(23.2142857142857,-7.58928571428571,12.));
#8939=CARTESIAN_POINT('',(23.2142857142857,-7.58928571428571,12.));
#8940=CARTESIAN_POINT('',(23.2142857142857,-7.58928571428571,10.));
#8941=CARTESIAN_POINT('Origin',(20.0892857142857,-10.7142857142857,10.));
#8942=CARTESIAN_POINT('',(20.0892857142857,-10.7142857142857,10.));
#8943=CARTESIAN_POINT('',(20.0892857142857,-10.7142857142857,10.));
#8944=CARTESIAN_POINT('',(20.0892857142857,-10.7142857142857,12.));
#8945=CARTESIAN_POINT('',(20.0892857142857,-10.7142857142857,12.));
#8946=CARTESIAN_POINT('',(20.0892857142857,-10.7142857142857,10.));
#8947=CARTESIAN_POINT('Origin',(19.1964285714286,-10.7142857142857,10.));
#8948=CARTESIAN_POINT('',(19.1964285714286,-10.7142857142857,10.));
#8949=CARTESIAN_POINT('',(19.1964285714286,-10.7142857142857,10.));
#8950=CARTESIAN_POINT('',(19.1964285714286,-10.7142857142857,12.));
#8951=CARTESIAN_POINT('',(19.1964285714286,-10.7142857142857,12.));
#8952=CARTESIAN_POINT('',(19.1964285714286,-10.7142857142857,10.));
#8953=CARTESIAN_POINT('Origin',(18.3035714285714,-11.6071428571429,10.));
#8954=CARTESIAN_POINT('',(18.3035714285714,-11.6071428571429,10.));
#8955=CARTESIAN_POINT('',(18.3035714285714,-11.6071428571429,10.));
#8956=CARTESIAN_POINT('',(18.3035714285714,-11.6071428571429,12.));
#8957=CARTESIAN_POINT('',(18.3035714285714,-11.6071428571429,12.));
#8958=CARTESIAN_POINT('',(18.3035714285714,-11.6071428571429,10.));
#8959=CARTESIAN_POINT('Origin',(17.4107142857143,-11.6071428571429,10.));
#8960=CARTESIAN_POINT('',(17.4107142857143,-11.6071428571429,10.));
#8961=CARTESIAN_POINT('',(17.4107142857143,-11.6071428571429,10.));
#8962=CARTESIAN_POINT('',(17.4107142857143,-11.6071428571429,12.));
#8963=CARTESIAN_POINT('',(17.4107142857143,-11.6071428571429,12.));
#8964=CARTESIAN_POINT('',(17.4107142857143,-11.6071428571429,10.));
#8965=CARTESIAN_POINT('Origin',(15.1785714285714,-9.375,10.));
#8966=CARTESIAN_POINT('',(15.1785714285714,-9.375,10.));
#8967=CARTESIAN_POINT('',(15.1785714285714,-9.375,10.));
#8968=CARTESIAN_POINT('',(15.1785714285714,-9.375,12.));
#8969=CARTESIAN_POINT('',(15.1785714285714,-9.375,12.));
#8970=CARTESIAN_POINT('',(15.1785714285714,-9.375,10.));
#8971=CARTESIAN_POINT('Origin',(15.1785714285714,-5.80357142857143,10.));
#8972=CARTESIAN_POINT('',(15.1785714285714,-5.80357142857143,10.));
#8973=CARTESIAN_POINT('',(15.1785714285714,-5.80357142857143,10.));
#8974=CARTESIAN_POINT('',(15.1785714285714,-5.80357142857143,12.));
#8975=CARTESIAN_POINT('',(15.1785714285714,-5.80357142857143,12.));
#8976=CARTESIAN_POINT('',(15.1785714285714,-5.80357142857143,10.));
#8977=CARTESIAN_POINT('Origin',(16.0714285714286,-4.91071428571429,10.));
#8978=CARTESIAN_POINT('',(16.0714285714286,-4.91071428571429,10.));
#8979=CARTESIAN_POINT('',(16.0714285714286,-4.91071428571429,10.));
#8980=CARTESIAN_POINT('',(16.0714285714286,-4.91071428571429,12.));
#8981=CARTESIAN_POINT('',(16.0714285714286,-4.91071428571429,12.));
#8982=CARTESIAN_POINT('',(16.0714285714286,-4.91071428571429,10.));
#8983=CARTESIAN_POINT('Origin',(16.0714285714286,-2.23214285714286,10.));
#8984=CARTESIAN_POINT('',(16.0714285714286,-2.23214285714286,10.));
#8985=CARTESIAN_POINT('',(16.0714285714286,-2.23214285714286,10.));
#8986=CARTESIAN_POINT('',(16.0714285714286,-2.23214285714286,12.));
#8987=CARTESIAN_POINT('',(16.0714285714286,-2.23214285714286,12.));
#8988=CARTESIAN_POINT('',(16.0714285714286,-2.23214285714286,10.));
#8989=CARTESIAN_POINT('Origin',(16.9642857142857,-1.33928571428571,10.));
#8990=CARTESIAN_POINT('',(16.9642857142857,-1.33928571428571,10.));
#8991=CARTESIAN_POINT('',(16.9642857142857,-1.33928571428571,10.));
#8992=CARTESIAN_POINT('',(16.9642857142857,-1.33928571428571,12.));
#8993=CARTESIAN_POINT('',(16.9642857142857,-1.33928571428571,12.));
#8994=CARTESIAN_POINT('',(16.9642857142857,-1.33928571428571,10.));
#8995=CARTESIAN_POINT('Origin',(16.9642857142857,1.33928571428571,10.));
#8996=CARTESIAN_POINT('',(16.9642857142857,1.33928571428571,10.));
#8997=CARTESIAN_POINT('',(16.9642857142857,1.33928571428571,10.));
#8998=CARTESIAN_POINT('',(16.9642857142857,1.33928571428571,12.));
#8999=CARTESIAN_POINT('',(16.9642857142857,1.33928571428571,12.));
#9000=CARTESIAN_POINT('',(16.9642857142857,1.33928571428571,10.));
#9001=CARTESIAN_POINT('Origin',(17.8571428571429,2.23214285714286,10.));
#9002=CARTESIAN_POINT('',(17.8571428571429,2.23214285714286,10.));
#9003=CARTESIAN_POINT('',(17.8571428571429,2.23214285714286,10.));
#9004=CARTESIAN_POINT('',(17.8571428571429,2.23214285714286,12.));
#9005=CARTESIAN_POINT('',(17.8571428571429,2.23214285714286,12.));
#9006=CARTESIAN_POINT('',(17.8571428571429,2.23214285714286,10.));
#9007=CARTESIAN_POINT('Origin',(17.8571428571429,3.125,10.));
#9008=CARTESIAN_POINT('',(17.8571428571429,3.125,10.));
#9009=CARTESIAN_POINT('',(17.8571428571429,3.125,10.));
#9010=CARTESIAN_POINT('',(17.8571428571429,3.125,12.));
#9011=CARTESIAN_POINT('',(17.8571428571429,3.125,12.));
#9012=CARTESIAN_POINT('',(17.8571428571429,3.125,10.));
#9013=CARTESIAN_POINT('Origin',(19.1964285714286,4.46428571428571,10.));
#9014=CARTESIAN_POINT('',(19.1964285714286,4.46428571428571,10.));
#9015=CARTESIAN_POINT('',(19.1964285714286,4.46428571428571,10.));
#9016=CARTESIAN_POINT('',(19.1964285714286,4.46428571428571,12.));
#9017=CARTESIAN_POINT('',(19.1964285714286,4.46428571428571,12.));
#9018=CARTESIAN_POINT('',(19.1964285714286,4.46428571428571,10.));
#9019=CARTESIAN_POINT('Origin',(22.7678571428571,4.46428571428571,10.));
#9020=CARTESIAN_POINT('',(22.7678571428571,4.46428571428571,10.));
#9021=CARTESIAN_POINT('',(22.7678571428571,4.46428571428571,10.));
#9022=CARTESIAN_POINT('',(22.7678571428571,4.46428571428571,12.));
#9023=CARTESIAN_POINT('',(22.7678571428571,4.46428571428571,12.));
#9024=CARTESIAN_POINT('',(22.7678571428571,4.46428571428571,10.));
#9025=CARTESIAN_POINT('Origin',(24.1071428571429,3.125,10.));
#9026=CARTESIAN_POINT('',(24.1071428571429,3.125,10.));
#9027=CARTESIAN_POINT('',(24.1071428571429,3.125,10.));
#9028=CARTESIAN_POINT('',(24.1071428571429,3.125,12.));
#9029=CARTESIAN_POINT('',(24.1071428571429,3.125,12.));
#9030=CARTESIAN_POINT('',(24.1071428571429,3.125,10.));
#9031=CARTESIAN_POINT('Origin',(24.1071428571429,-5.80357142857143,10.));
#9032=CARTESIAN_POINT('',(24.1071428571429,-5.80357142857143,10.));
#9033=CARTESIAN_POINT('',(24.1071428571429,-5.80357142857143,10.));
#9034=CARTESIAN_POINT('',(24.1071428571429,-5.80357142857143,12.));
#9035=CARTESIAN_POINT('',(24.1071428571429,-5.80357142857143,12.));
#9036=CARTESIAN_POINT('',(24.1071428571429,-5.80357142857143,10.));
#9037=CARTESIAN_POINT('Origin',(23.2142857142857,-6.69642857142857,10.));
#9038=CARTESIAN_POINT('',(23.6607142857143,-6.25,10.));
#9039=CARTESIAN_POINT('',(23.6607142857143,-6.25,12.));
#9040=CARTESIAN_POINT('Origin',(19.6428571428571,-3.57142857142857,12.));
#9041=CARTESIAN_POINT('Origin',(19.6428571428571,-3.57142857142857,10.));
#9042=CARTESIAN_POINT('Origin',(24.1071428571429,3.125,10.));
#9043=CARTESIAN_POINT('',(24.1071428571429,3.125,10.));
#9044=CARTESIAN_POINT('',(24.1071428571429,-5.80357142857143,10.));
#9045=CARTESIAN_POINT('',(24.1071428571429,-5.80357142857143,10.));
#9046=CARTESIAN_POINT('',(24.1071428571429,-5.80357142857143,12.));
#9047=CARTESIAN_POINT('',(24.1071428571429,-5.80357142857143,10.));
#9048=CARTESIAN_POINT('',(24.1071428571429,3.125,12.));
#9049=CARTESIAN_POINT('',(24.1071428571429,-5.80357142857143,12.));
#9050=CARTESIAN_POINT('',(24.1071428571429,3.125,10.));
#9051=CARTESIAN_POINT('Origin',(22.7678571428572,4.46428571428572,10.));
#9052=CARTESIAN_POINT('',(22.7678571428571,4.46428571428571,10.));
#9053=CARTESIAN_POINT('',(24.1071428571429,3.125,10.));
#9054=CARTESIAN_POINT('',(22.7678571428571,4.46428571428572,12.));
#9055=CARTESIAN_POINT('',(24.1071428571429,3.125,12.));
#9056=CARTESIAN_POINT('',(22.7678571428571,4.46428571428571,10.));
#9057=CARTESIAN_POINT('Origin',(19.1964285714286,4.46428571428571,10.));
#9058=CARTESIAN_POINT('',(19.1964285714286,4.46428571428571,10.));
#9059=CARTESIAN_POINT('',(22.7678571428571,4.46428571428571,10.));
#9060=CARTESIAN_POINT('',(19.1964285714286,4.46428571428572,12.));
#9061=CARTESIAN_POINT('',(22.7678571428571,4.46428571428571,12.));
#9062=CARTESIAN_POINT('',(19.1964285714286,4.46428571428571,10.));
#9063=CARTESIAN_POINT('Origin',(17.8571428571429,3.125,10.));
#9064=CARTESIAN_POINT('',(17.8571428571429,3.125,10.));
#9065=CARTESIAN_POINT('',(19.1964285714286,4.46428571428571,10.));
#9066=CARTESIAN_POINT('',(17.8571428571429,3.125,12.));
#9067=CARTESIAN_POINT('',(19.1964285714286,4.46428571428571,12.));
#9068=CARTESIAN_POINT('',(17.8571428571429,3.125,10.));
#9069=CARTESIAN_POINT('Origin',(17.8571428571429,2.23214285714286,10.));
#9070=CARTESIAN_POINT('',(17.8571428571429,2.23214285714286,10.));
#9071=CARTESIAN_POINT('',(17.8571428571429,3.125,10.));
#9072=CARTESIAN_POINT('',(17.8571428571429,2.23214285714286,12.));
#9073=CARTESIAN_POINT('',(17.8571428571429,3.125,12.));
#9074=CARTESIAN_POINT('',(17.8571428571429,2.23214285714286,10.));
#9075=CARTESIAN_POINT('Origin',(16.9642857142857,1.33928571428571,10.));
#9076=CARTESIAN_POINT('',(16.9642857142857,1.33928571428571,10.));
#9077=CARTESIAN_POINT('',(17.8571428571429,2.23214285714286,10.));
#9078=CARTESIAN_POINT('',(16.9642857142857,1.33928571428572,12.));
#9079=CARTESIAN_POINT('',(17.8571428571429,2.23214285714286,12.));
#9080=CARTESIAN_POINT('',(16.9642857142857,1.33928571428571,10.));
#9081=CARTESIAN_POINT('Origin',(16.9642857142857,-1.33928571428571,10.));
#9082=CARTESIAN_POINT('',(16.9642857142857,-1.33928571428571,10.));
#9083=CARTESIAN_POINT('',(16.9642857142857,1.33928571428571,10.));
#9084=CARTESIAN_POINT('',(16.9642857142857,-1.33928571428571,12.));
#9085=CARTESIAN_POINT('',(16.9642857142857,1.33928571428571,12.));
#9086=CARTESIAN_POINT('',(16.9642857142857,-1.33928571428571,10.));
#9087=CARTESIAN_POINT('Origin',(16.0714285714286,-2.23214285714286,10.));
#9088=CARTESIAN_POINT('',(16.0714285714286,-2.23214285714286,10.));
#9089=CARTESIAN_POINT('',(16.9642857142857,-1.33928571428571,10.));
#9090=CARTESIAN_POINT('',(16.0714285714286,-2.23214285714286,12.));
#9091=CARTESIAN_POINT('',(16.9642857142857,-1.33928571428571,12.));
#9092=CARTESIAN_POINT('',(16.0714285714286,-2.23214285714286,10.));
#9093=CARTESIAN_POINT('Origin',(16.0714285714286,-4.91071428571429,10.));
#9094=CARTESIAN_POINT('',(16.0714285714286,-4.91071428571429,10.));
#9095=CARTESIAN_POINT('',(16.0714285714286,-2.23214285714286,10.));
#9096=CARTESIAN_POINT('',(16.0714285714286,-4.91071428571429,12.));
#9097=CARTESIAN_POINT('',(16.0714285714286,-2.23214285714286,12.));
#9098=CARTESIAN_POINT('',(16.0714285714286,-4.91071428571429,10.));
#9099=CARTESIAN_POINT('Origin',(15.1785714285714,-5.80357142857143,10.));
#9100=CARTESIAN_POINT('',(15.1785714285714,-5.80357142857143,10.));
#9101=CARTESIAN_POINT('',(16.0714285714286,-4.91071428571429,10.));
#9102=CARTESIAN_POINT('',(15.1785714285714,-5.80357142857143,12.));
#9103=CARTESIAN_POINT('',(16.0714285714286,-4.91071428571429,12.));
#9104=CARTESIAN_POINT('',(15.1785714285714,-5.80357142857143,10.));
#9105=CARTESIAN_POINT('Origin',(15.1785714285714,-9.375,10.));
#9106=CARTESIAN_POINT('',(15.1785714285714,-9.375,10.));
#9107=CARTESIAN_POINT('',(15.1785714285714,-5.80357142857143,10.));
#9108=CARTESIAN_POINT('',(15.1785714285714,-9.375,12.));
#9109=CARTESIAN_POINT('',(15.1785714285714,-5.80357142857143,12.));
#9110=CARTESIAN_POINT('',(15.1785714285714,-9.375,10.));
#9111=CARTESIAN_POINT('Origin',(17.4107142857143,-11.6071428571429,10.));
#9112=CARTESIAN_POINT('',(17.4107142857143,-11.6071428571429,10.));
#9113=CARTESIAN_POINT('',(15.1785714285714,-9.375,10.));
#9114=CARTESIAN_POINT('',(17.4107142857143,-11.6071428571429,12.));
#9115=CARTESIAN_POINT('',(15.1785714285714,-9.375,12.));
#9116=CARTESIAN_POINT('',(17.4107142857143,-11.6071428571429,10.));
#9117=CARTESIAN_POINT('Origin',(18.3035714285714,-11.6071428571429,10.));
#9118=CARTESIAN_POINT('',(18.3035714285714,-11.6071428571429,10.));
#9119=CARTESIAN_POINT('',(17.4107142857143,-11.6071428571429,10.));
#9120=CARTESIAN_POINT('',(18.3035714285714,-11.6071428571429,12.));
#9121=CARTESIAN_POINT('',(17.4107142857143,-11.6071428571429,12.));
#9122=CARTESIAN_POINT('',(18.3035714285714,-11.6071428571429,10.));
#9123=CARTESIAN_POINT('Origin',(19.1964285714286,-10.7142857142857,10.));
#9124=CARTESIAN_POINT('',(19.1964285714286,-10.7142857142857,10.));
#9125=CARTESIAN_POINT('',(18.3035714285714,-11.6071428571429,10.));
#9126=CARTESIAN_POINT('',(19.1964285714286,-10.7142857142857,12.));
#9127=CARTESIAN_POINT('',(18.3035714285714,-11.6071428571429,12.));
#9128=CARTESIAN_POINT('',(19.1964285714286,-10.7142857142857,10.));
#9129=CARTESIAN_POINT('Origin',(20.0892857142857,-10.7142857142857,10.));
#9130=CARTESIAN_POINT('',(20.0892857142857,-10.7142857142857,10.));
#9131=CARTESIAN_POINT('',(19.1964285714286,-10.7142857142857,10.));
#9132=CARTESIAN_POINT('',(20.0892857142857,-10.7142857142857,12.));
#9133=CARTESIAN_POINT('',(19.1964285714286,-10.7142857142857,12.));
#9134=CARTESIAN_POINT('',(20.0892857142857,-10.7142857142857,10.));
#9135=CARTESIAN_POINT('Origin',(23.2142857142857,-7.58928571428573,10.));
#9136=CARTESIAN_POINT('',(23.2142857142857,-7.58928571428571,10.));
#9137=CARTESIAN_POINT('',(20.0892857142857,-10.7142857142857,10.));
#9138=CARTESIAN_POINT('',(23.2142857142857,-7.58928571428571,12.));
#9139=CARTESIAN_POINT('',(20.0892857142857,-10.7142857142857,12.));
#9140=CARTESIAN_POINT('',(23.2142857142857,-7.58928571428571,10.));
#9141=CARTESIAN_POINT('Origin',(23.2142857142857,-6.69642857142857,10.));
#9142=CARTESIAN_POINT('',(23.2142857142857,-6.69642857142857,10.));
#9143=CARTESIAN_POINT('',(23.2142857142857,-7.58928571428571,10.));
#9144=CARTESIAN_POINT('',(23.2142857142857,-6.69642857142857,12.));
#9145=CARTESIAN_POINT('',(23.2142857142857,-7.58928571428571,12.));
#9146=CARTESIAN_POINT('',(23.2142857142857,-6.69642857142857,10.));
#9147=CARTESIAN_POINT('Origin',(24.1071428571429,-5.80357142857143,10.));
#9148=CARTESIAN_POINT('',(23.6607142857143,-6.25,10.));
#9149=CARTESIAN_POINT('',(23.6607142857143,-6.25,12.));
#9150=CARTESIAN_POINT('Origin',(19.366530003563,-15.8094122478065,10.));
#9151=CARTESIAN_POINT('',(19.7125576504448,-15.3757949673469,10.));
#9152=CARTESIAN_POINT('',(19.366530003563,-15.8094122478065,10.));
#9153=CARTESIAN_POINT('',(19.7125576504448,-15.3757949673469,10.));
#9154=CARTESIAN_POINT('',(19.7125576504448,-15.3757949673469,12.));
#9155=CARTESIAN_POINT('',(19.7125576504448,-15.3757949673469,10.));
#9156=CARTESIAN_POINT('',(19.366530003563,-15.8094122478065,12.));
#9157=CARTESIAN_POINT('',(19.7125576504448,-15.3757949673469,12.));
#9158=CARTESIAN_POINT('',(19.366530003563,-15.8094122478065,10.));
#9159=CARTESIAN_POINT('Origin',(19.0093419548346,-16.2371462530879,10.));
#9160=CARTESIAN_POINT('',(19.0093419548346,-16.2371462530879,10.));
#9161=CARTESIAN_POINT('',(19.366530003563,-15.8094122478065,10.));
#9162=CARTESIAN_POINT('',(19.0093419548346,-16.2371462530879,12.));
#9163=CARTESIAN_POINT('',(19.366530003563,-15.8094122478065,12.));
#9164=CARTESIAN_POINT('',(19.0093419548346,-16.2371462530879,10.));
#9165=CARTESIAN_POINT('Origin',(18.6414025154295,-16.6582745882561,10.));
#9166=CARTESIAN_POINT('',(18.6414025154295,-16.6582745882561,10.));
#9167=CARTESIAN_POINT('',(19.0093419548346,-16.2371462530879,10.));
#9168=CARTESIAN_POINT('',(18.6414025154295,-16.6582745882561,12.));
#9169=CARTESIAN_POINT('',(19.0093419548346,-16.2371462530879,12.));
#9170=CARTESIAN_POINT('',(18.6414025154295,-16.6582745882561,10.));
#9171=CARTESIAN_POINT('Origin',(18.2631734831232,-17.0720969516151,10.));
#9172=CARTESIAN_POINT('',(18.2631734831232,-17.0720969516151,10.));
#9173=CARTESIAN_POINT('',(18.6414025154295,-16.6582745882561,10.));
#9174=CARTESIAN_POINT('',(18.2631734831232,-17.0720969516151,12.));
#9175=CARTESIAN_POINT('',(18.6414025154295,-16.6582745882561,12.));
#9176=CARTESIAN_POINT('',(18.2631734831232,-17.0720969516151,10.));
#9177=CARTESIAN_POINT('Origin',(17.8751667253264,-17.477940798097,10.));
#9178=CARTESIAN_POINT('',(17.8751667253264,-17.477940798097,10.));
#9179=CARTESIAN_POINT('',(18.2631734831232,-17.0720969516151,10.));
#9180=CARTESIAN_POINT('',(17.8751667253264,-17.477940798097,12.));
#9181=CARTESIAN_POINT('',(18.2631734831232,-17.0720969516151,12.));
#9182=CARTESIAN_POINT('',(17.8751667253264,-17.477940798097,10.));
#9183=CARTESIAN_POINT('Origin',(17.477940798097,-17.8751667253264,10.));
#9184=CARTESIAN_POINT('',(17.477940798097,-17.8751667253264,10.));
#9185=CARTESIAN_POINT('',(17.8751667253264,-17.477940798097,10.));
#9186=CARTESIAN_POINT('',(17.477940798097,-17.8751667253264,12.));
#9187=CARTESIAN_POINT('',(17.8751667253264,-17.477940798097,12.));
#9188=CARTESIAN_POINT('',(17.477940798097,-17.8751667253264,10.));
#9189=CARTESIAN_POINT('Origin',(17.0720969516151,-18.2631734831232,10.));
#9190=CARTESIAN_POINT('',(17.0720969516151,-18.2631734831232,10.));
#9191=CARTESIAN_POINT('',(17.477940798097,-17.8751667253264,10.));
#9192=CARTESIAN_POINT('',(17.0720969516151,-18.2631734831232,12.));
#9193=CARTESIAN_POINT('',(17.477940798097,-17.8751667253264,12.));
#9194=CARTESIAN_POINT('',(17.0720969516151,-18.2631734831232,10.));
#9195=CARTESIAN_POINT('Origin',(16.6582745882561,-18.6414025154295,10.));
#9196=CARTESIAN_POINT('',(16.6582745882561,-18.6414025154295,10.));
#9197=CARTESIAN_POINT('',(17.0720969516151,-18.2631734831232,10.));
#9198=CARTESIAN_POINT('',(16.6582745882561,-18.6414025154295,12.));
#9199=CARTESIAN_POINT('',(17.0720969516151,-18.2631734831232,12.));
#9200=CARTESIAN_POINT('',(16.6582745882561,-18.6414025154295,10.));
#9201=CARTESIAN_POINT('Origin',(16.2371462530879,-19.0093419548346,10.));
#9202=CARTESIAN_POINT('',(16.2371462530879,-19.0093419548346,10.));
#9203=CARTESIAN_POINT('',(16.6582745882561,-18.6414025154295,10.));
#9204=CARTESIAN_POINT('',(16.2371462530879,-19.0093419548346,12.));
#9205=CARTESIAN_POINT('',(16.6582745882561,-18.6414025154295,12.));
#9206=CARTESIAN_POINT('',(16.2371462530879,-19.0093419548346,10.));
#9207=CARTESIAN_POINT('Origin',(15.8094122478065,-19.366530003563,10.));
#9208=CARTESIAN_POINT('',(15.8094122478065,-19.366530003563,10.));
#9209=CARTESIAN_POINT('',(16.2371462530879,-19.0093419548346,10.));
#9210=CARTESIAN_POINT('',(15.8094122478065,-19.366530003563,12.));
#9211=CARTESIAN_POINT('',(16.2371462530879,-19.0093419548346,12.));
#9212=CARTESIAN_POINT('',(15.8094122478065,-19.366530003563,10.));
#9213=CARTESIAN_POINT('Origin',(15.3757949673469,-19.7125576504448,10.));
#9214=CARTESIAN_POINT('',(15.3757949673469,-19.7125576504448,10.));
#9215=CARTESIAN_POINT('',(15.8094122478065,-19.366530003563,10.));
#9216=CARTESIAN_POINT('',(15.3757949673469,-19.7125576504448,12.));
#9217=CARTESIAN_POINT('',(15.8094122478065,-19.366530003563,12.));
#9218=CARTESIAN_POINT('',(15.3757949673469,-19.7125576504448,10.));
#9219=CARTESIAN_POINT('Origin',(14.8710751352574,-20.0960474800775,10.));
#9220=CARTESIAN_POINT('',(14.8710751352574,-20.0960474800775,10.));
#9221=CARTESIAN_POINT('',(15.3757949673469,-19.7125576504448,10.));
#9222=CARTESIAN_POINT('',(14.8710751352574,-20.0960474800775,12.));
#9223=CARTESIAN_POINT('',(15.3757949673469,-19.7125576504448,12.));
#9224=CARTESIAN_POINT('',(14.8710751352574,-20.0960474800775,10.));
#9225=CARTESIAN_POINT('Origin',(14.4170799399664,-20.424196581619,10.));
#9226=CARTESIAN_POINT('',(14.4170799399664,-20.424196581619,10.));
#9227=CARTESIAN_POINT('',(14.8710751352574,-20.0960474800775,10.));
#9228=CARTESIAN_POINT('',(14.4170799399664,-20.424196581619,12.));
#9229=CARTESIAN_POINT('',(14.8710751352574,-20.0960474800775,12.));
#9230=CARTESIAN_POINT('',(14.4170799399664,-20.424196581619,10.));
#9231=CARTESIAN_POINT('Origin',(13.9594092147498,-20.7396936904854,10.));
#9232=CARTESIAN_POINT('',(13.9594092147498,-20.7396936904854,10.));
#9233=CARTESIAN_POINT('',(14.4170799399664,-20.424196581619,10.));
#9234=CARTESIAN_POINT('',(13.9594092147498,-20.7396936904854,12.));
#9235=CARTESIAN_POINT('',(14.4170799399664,-20.424196581619,12.));
#9236=CARTESIAN_POINT('',(13.9594092147498,-20.7396936904854,10.));
#9237=CARTESIAN_POINT('Origin',(13.8675049056307,-20.8012573584461,10.));
#9238=CARTESIAN_POINT('',(13.8675049056307,-20.8012573584461,10.));
#9239=CARTESIAN_POINT('',(13.9594092147498,-20.7396936904854,10.));
#9240=CARTESIAN_POINT('',(13.8675049056307,-20.8012573584461,12.));
#9241=CARTESIAN_POINT('',(13.9594092147498,-20.7396936904854,12.));
#9242=CARTESIAN_POINT('',(13.8675049056307,-20.8012573584461,10.));
#9243=CARTESIAN_POINT('Origin',(13.7710552082685,-20.8652351640431,10.));
#9244=CARTESIAN_POINT('',(13.7710552082685,-20.8652351640431,10.));
#9245=CARTESIAN_POINT('',(13.8675049056307,-20.8012573584461,10.));
#9246=CARTESIAN_POINT('',(13.7710552082685,-20.8652351640431,12.));
#9247=CARTESIAN_POINT('',(13.8675049056307,-20.8012573584461,12.));
#9248=CARTESIAN_POINT('',(13.7710552082685,-20.8652351640431,10.));
#9249=CARTESIAN_POINT('Origin',(13.6697225234682,-20.9317626140606,10.));
#9250=CARTESIAN_POINT('',(13.6697225234682,-20.9317626140606,10.));
#9251=CARTESIAN_POINT('',(13.7710552082685,-20.8652351640431,10.));
#9252=CARTESIAN_POINT('',(13.6697225234682,-20.9317626140606,12.));
#9253=CARTESIAN_POINT('',(13.7710552082685,-20.8652351640431,12.));
#9254=CARTESIAN_POINT('',(13.6697225234682,-20.9317626140606,10.));
#9255=CARTESIAN_POINT('Origin',(13.5631357868916,-21.0009844442193,10.));
#9256=CARTESIAN_POINT('',(13.5631357868916,-21.0009844442193,10.));
#9257=CARTESIAN_POINT('',(13.6697225234682,-20.9317626140606,10.));
#9258=CARTESIAN_POINT('',(13.5631357868916,-21.0009844442193,12.));
#9259=CARTESIAN_POINT('',(13.6697225234682,-20.9317626140606,12.));
#9260=CARTESIAN_POINT('',(13.5631357868916,-21.0009844442193,10.));
#9261=CARTESIAN_POINT('Origin',(13.3928571428571,-20.9821428571429,10.));
#9262=CARTESIAN_POINT('',(13.3928571428571,-20.9821428571429,10.));
#9263=CARTESIAN_POINT('',(13.5631357868916,-21.0009844442193,10.));
#9264=CARTESIAN_POINT('',(13.3928571428571,-20.9821428571429,12.));
#9265=CARTESIAN_POINT('',(13.5631357868916,-21.0009844442193,12.));
#9266=CARTESIAN_POINT('',(13.3928571428571,-20.9821428571429,10.));
#9267=CARTESIAN_POINT('Origin',(13.3928571428571,-20.0892857142857,10.));
#9268=CARTESIAN_POINT('',(13.3928571428571,-20.0892857142857,10.));
#9269=CARTESIAN_POINT('',(13.3928571428571,-20.9821428571429,10.));
#9270=CARTESIAN_POINT('',(13.3928571428571,-20.0892857142857,12.));
#9271=CARTESIAN_POINT('',(13.3928571428571,-20.9821428571429,12.));
#9272=CARTESIAN_POINT('',(13.3928571428571,-20.0892857142857,10.));
#9273=CARTESIAN_POINT('Origin',(12.9464285714286,-19.6428571428571,10.));
#9274=CARTESIAN_POINT('',(12.9464285714286,-19.6428571428571,10.));
#9275=CARTESIAN_POINT('',(13.3928571428571,-20.0892857142857,10.));
#9276=CARTESIAN_POINT('',(12.9464285714286,-19.6428571428571,12.));
#9277=CARTESIAN_POINT('',(13.3928571428571,-20.0892857142857,12.));
#9278=CARTESIAN_POINT('',(12.9464285714286,-19.6428571428571,10.));
#9279=CARTESIAN_POINT('Origin',(12.0535714285714,-19.6428571428571,10.));
#9280=CARTESIAN_POINT('',(12.0535714285714,-19.6428571428571,10.));
#9281=CARTESIAN_POINT('',(12.9464285714286,-19.6428571428571,10.));
#9282=CARTESIAN_POINT('',(12.0535714285714,-19.6428571428571,12.));
#9283=CARTESIAN_POINT('',(12.9464285714286,-19.6428571428571,12.));
#9284=CARTESIAN_POINT('',(12.0535714285714,-19.6428571428571,10.));
#9285=CARTESIAN_POINT('Origin',(11.1607142857143,-18.75,10.));
#9286=CARTESIAN_POINT('',(11.1607142857143,-18.75,10.));
#9287=CARTESIAN_POINT('',(11.6071428571429,-19.1964285714286,10.));
#9288=CARTESIAN_POINT('',(11.1607142857143,-18.75,12.));
#9289=CARTESIAN_POINT('',(11.6071428571429,-19.1964285714286,12.));
#9290=CARTESIAN_POINT('',(11.1607142857143,-18.75,10.));
#9291=CARTESIAN_POINT('Origin',(4.91071428571429,-18.75,10.));
#9292=CARTESIAN_POINT('',(4.91071428571429,-18.75,10.));
#9293=CARTESIAN_POINT('',(5.80357142857143,-18.75,10.));
#9294=CARTESIAN_POINT('',(4.91071428571429,-18.75,12.));
#9295=CARTESIAN_POINT('',(5.80357142857143,-18.75,12.));
#9296=CARTESIAN_POINT('',(4.91071428571429,-18.75,10.));
#9297=CARTESIAN_POINT('Origin',(4.01785714285714,-17.8571428571429,10.));
#9298=CARTESIAN_POINT('',(4.01785714285714,-17.8571428571429,10.));
#9299=CARTESIAN_POINT('',(4.46428571428571,-18.3035714285714,10.));
#9300=CARTESIAN_POINT('',(4.01785714285714,-17.8571428571429,12.));
#9301=CARTESIAN_POINT('',(4.46428571428571,-18.3035714285714,12.));
#9302=CARTESIAN_POINT('',(4.01785714285714,-17.8571428571429,10.));
#9303=CARTESIAN_POINT('Origin',(3.125,-17.8571428571429,10.));
#9304=CARTESIAN_POINT('',(3.125,-17.8571428571429,10.));
#9305=CARTESIAN_POINT('',(4.01785714285714,-17.8571428571429,10.));
#9306=CARTESIAN_POINT('',(3.125,-17.8571428571429,12.));
#9307=CARTESIAN_POINT('',(4.01785714285714,-17.8571428571429,12.));
#9308=CARTESIAN_POINT('',(3.125,-17.8571428571429,10.));
#9309=CARTESIAN_POINT('Origin',(1.78571428571429,-16.5178571428571,10.));
#9310=CARTESIAN_POINT('',(1.78571428571429,-16.5178571428571,10.));
#9311=CARTESIAN_POINT('',(2.23214285714286,-16.9642857142857,10.));
#9312=CARTESIAN_POINT('',(1.78571428571429,-16.5178571428571,12.));
#9313=CARTESIAN_POINT('',(2.23214285714286,-16.9642857142857,12.));
#9314=CARTESIAN_POINT('',(1.78571428571429,-16.5178571428571,10.));
#9315=CARTESIAN_POINT('Origin',(1.78571428571429,-13.8392857142857,10.));
#9316=CARTESIAN_POINT('',(1.78571428571429,-13.8392857142857,10.));
#9317=CARTESIAN_POINT('',(1.78571428571429,-14.7321428571429,10.));
#9318=CARTESIAN_POINT('',(1.78571428571429,-13.8392857142857,12.));
#9319=CARTESIAN_POINT('',(1.78571428571429,-14.7321428571429,12.));
#9320=CARTESIAN_POINT('',(1.78571428571429,-13.8392857142857,10.));
#9321=CARTESIAN_POINT('Origin',(5.35714285714286,-10.2678571428571,10.));
#9322=CARTESIAN_POINT('',(5.35714285714286,-10.2678571428571,10.));
#9323=CARTESIAN_POINT('',(4.91071428571429,-10.7142857142857,10.));
#9324=CARTESIAN_POINT('',(5.35714285714286,-10.2678571428571,12.));
#9325=CARTESIAN_POINT('',(4.91071428571429,-10.7142857142857,12.));
#9326=CARTESIAN_POINT('',(5.35714285714286,-10.2678571428571,10.));
#9327=CARTESIAN_POINT('Origin',(5.35714285714286,-6.69642857142857,10.));
#9328=CARTESIAN_POINT('',(5.35714285714286,-6.69642857142857,10.));
#9329=CARTESIAN_POINT('',(5.35714285714286,-7.58928571428571,10.));
#9330=CARTESIAN_POINT('',(5.35714285714286,-6.69642857142857,12.));
#9331=CARTESIAN_POINT('',(5.35714285714286,-7.58928571428571,12.));
#9332=CARTESIAN_POINT('',(5.35714285714286,-6.69642857142857,10.));
#9333=CARTESIAN_POINT('Origin',(4.46428571428571,-5.80357142857143,10.));
#9334=CARTESIAN_POINT('',(4.46428571428571,-5.80357142857143,10.));
#9335=CARTESIAN_POINT('',(4.91071428571429,-6.25,10.));
#9336=CARTESIAN_POINT('',(4.46428571428571,-5.80357142857143,12.));
#9337=CARTESIAN_POINT('',(4.91071428571429,-6.25,12.));
#9338=CARTESIAN_POINT('',(4.46428571428571,-5.80357142857143,10.));
#9339=CARTESIAN_POINT('Origin',(4.46428571428571,-4.91071428571429,10.));
#9340=CARTESIAN_POINT('',(4.46428571428571,-4.91071428571429,10.));
#9341=CARTESIAN_POINT('',(4.46428571428571,-5.80357142857143,10.));
#9342=CARTESIAN_POINT('',(4.46428571428571,-4.91071428571429,12.));
#9343=CARTESIAN_POINT('',(4.46428571428571,-5.80357142857143,12.));
#9344=CARTESIAN_POINT('',(4.46428571428571,-4.91071428571429,10.));
#9345=CARTESIAN_POINT('Origin',(0.,-0.446428571428572,10.));
#9346=CARTESIAN_POINT('',(0.,-0.446428571428572,10.));
#9347=CARTESIAN_POINT('',(0.446428571428572,-0.892857142857143,10.));
#9348=CARTESIAN_POINT('',(0.,-0.446428571428571,12.));
#9349=CARTESIAN_POINT('',(0.446428571428572,-0.892857142857143,12.));
#9350=CARTESIAN_POINT('',(0.,-0.446428571428572,10.));
#9351=CARTESIAN_POINT('Origin',(0.446428571428572,0.,10.));
#9352=CARTESIAN_POINT('',(0.446428571428572,0.,10.));
#9353=CARTESIAN_POINT('',(0.,-0.446428571428572,10.));
#9354=CARTESIAN_POINT('',(0.446428571428572,0.,12.));
#9355=CARTESIAN_POINT('',(0.,-0.446428571428572,12.));
#9356=CARTESIAN_POINT('',(0.446428571428572,0.,10.));
#9357=CARTESIAN_POINT('Origin',(2.23214285714286,0.,10.));
#9358=CARTESIAN_POINT('',(2.23214285714286,0.,10.));
#9359=CARTESIAN_POINT('',(1.33928571428571,0.,10.));
#9360=CARTESIAN_POINT('',(2.23214285714286,0.,12.));
#9361=CARTESIAN_POINT('',(1.33928571428571,0.,12.));
#9362=CARTESIAN_POINT('',(2.23214285714286,0.,10.));
#9363=CARTESIAN_POINT('Origin',(3.125,0.892857142857143,10.));
#9364=CARTESIAN_POINT('',(3.125,0.892857142857143,10.));
#9365=CARTESIAN_POINT('',(2.67857142857143,0.446428571428572,10.));
#9366=CARTESIAN_POINT('',(3.125,0.892857142857143,12.));
#9367=CARTESIAN_POINT('',(2.67857142857143,0.446428571428572,12.));
#9368=CARTESIAN_POINT('',(3.125,0.892857142857143,10.));
#9369=CARTESIAN_POINT('Origin',(4.01785714285714,0.892857142857143,10.));
#9370=CARTESIAN_POINT('',(4.01785714285714,0.892857142857143,10.));
#9371=CARTESIAN_POINT('',(3.125,0.892857142857143,10.));
#9372=CARTESIAN_POINT('',(4.01785714285714,0.892857142857143,12.));
#9373=CARTESIAN_POINT('',(3.125,0.892857142857143,12.));
#9374=CARTESIAN_POINT('',(4.01785714285714,0.892857142857143,10.));
#9375=CARTESIAN_POINT('Origin',(5.80357142857143,2.67857142857143,10.));
#9376=CARTESIAN_POINT('',(5.80357142857143,2.67857142857143,10.));
#9377=CARTESIAN_POINT('',(5.35714285714286,2.23214285714286,10.));
#9378=CARTESIAN_POINT('',(5.80357142857143,2.67857142857143,12.));
#9379=CARTESIAN_POINT('',(5.35714285714286,2.23214285714286,12.));
#9380=CARTESIAN_POINT('',(5.80357142857143,2.67857142857143,10.));
#9381=CARTESIAN_POINT('Origin',(6.69642857142857,2.67857142857143,10.));
#9382=CARTESIAN_POINT('',(6.69642857142857,2.67857142857143,10.));
#9383=CARTESIAN_POINT('',(5.80357142857143,2.67857142857143,10.));
#9384=CARTESIAN_POINT('',(6.69642857142857,2.67857142857143,12.));
#9385=CARTESIAN_POINT('',(5.80357142857143,2.67857142857143,12.));
#9386=CARTESIAN_POINT('',(6.69642857142857,2.67857142857143,10.));
#9387=CARTESIAN_POINT('Origin',(7.58928571428571,3.57142857142857,10.));
#9388=CARTESIAN_POINT('',(7.58928571428571,3.57142857142857,10.));
#9389=CARTESIAN_POINT('',(7.14285714285714,3.125,10.));
#9390=CARTESIAN_POINT('',(7.58928571428571,3.57142857142857,12.));
#9391=CARTESIAN_POINT('',(7.14285714285714,3.125,12.));
#9392=CARTESIAN_POINT('',(7.58928571428571,3.57142857142857,10.));
#9393=CARTESIAN_POINT('Origin',(8.48214285714286,3.57142857142857,10.));
#9394=CARTESIAN_POINT('',(8.48214285714286,3.57142857142857,10.));
#9395=CARTESIAN_POINT('',(7.58928571428571,3.57142857142857,10.));
#9396=CARTESIAN_POINT('',(8.48214285714286,3.57142857142857,12.));
#9397=CARTESIAN_POINT('',(7.58928571428571,3.57142857142857,12.));
#9398=CARTESIAN_POINT('',(8.48214285714286,3.57142857142857,10.));
#9399=CARTESIAN_POINT('Origin',(9.375,4.46428571428571,10.));
#9400=CARTESIAN_POINT('',(9.375,4.46428571428571,10.));
#9401=CARTESIAN_POINT('',(8.92857142857143,4.01785714285714,10.));
#9402=CARTESIAN_POINT('',(9.375,4.46428571428572,12.));
#9403=CARTESIAN_POINT('',(8.92857142857143,4.01785714285714,12.));
#9404=CARTESIAN_POINT('',(9.375,4.46428571428571,10.));
#9405=CARTESIAN_POINT('Origin',(10.2678571428571,4.46428571428571,10.));
#9406=CARTESIAN_POINT('',(10.2678571428571,4.46428571428571,10.));
#9407=CARTESIAN_POINT('',(9.375,4.46428571428571,10.));
#9408=CARTESIAN_POINT('',(10.2678571428571,4.46428571428572,12.));
#9409=CARTESIAN_POINT('',(9.375,4.46428571428571,12.));
#9410=CARTESIAN_POINT('',(10.2678571428571,4.46428571428571,10.));
#9411=CARTESIAN_POINT('Origin',(12.5,6.69642857142857,10.));
#9412=CARTESIAN_POINT('',(12.5,6.69642857142857,10.));
#9413=CARTESIAN_POINT('',(12.0535714285714,6.25,10.));
#9414=CARTESIAN_POINT('',(12.5,6.69642857142857,12.));
#9415=CARTESIAN_POINT('',(12.0535714285714,6.25,12.));
#9416=CARTESIAN_POINT('',(12.5,6.69642857142857,10.));
#9417=CARTESIAN_POINT('Origin',(12.5,8.48214285714286,10.));
#9418=CARTESIAN_POINT('',(12.5,8.48214285714286,10.));
#9419=CARTESIAN_POINT('',(12.5,7.58928571428571,10.));
#9420=CARTESIAN_POINT('',(12.5,8.48214285714286,12.));
#9421=CARTESIAN_POINT('',(12.5,7.58928571428571,12.));
#9422=CARTESIAN_POINT('',(12.5,8.48214285714286,10.));
#9423=CARTESIAN_POINT('Origin',(11.1607142857143,9.82142857142857,10.));
#9424=CARTESIAN_POINT('',(11.1607142857143,9.82142857142857,10.));
#9425=CARTESIAN_POINT('',(11.6071428571429,9.375,10.));
#9426=CARTESIAN_POINT('',(11.1607142857143,9.82142857142857,12.));
#9427=CARTESIAN_POINT('',(11.6071428571429,9.375,12.));
#9428=CARTESIAN_POINT('',(11.1607142857143,9.82142857142857,10.));
#9429=CARTESIAN_POINT('Origin',(8.48214285714286,9.82142857142857,10.));
#9430=CARTESIAN_POINT('',(8.48214285714286,9.82142857142857,10.));
#9431=CARTESIAN_POINT('',(9.375,9.82142857142857,10.));
#9432=CARTESIAN_POINT('',(8.48214285714286,9.82142857142857,12.));
#9433=CARTESIAN_POINT('',(9.375,9.82142857142857,12.));
#9434=CARTESIAN_POINT('',(8.48214285714286,9.82142857142857,10.));
#9435=CARTESIAN_POINT('Origin',(4.46428571428571,5.80357142857143,10.));
#9436=CARTESIAN_POINT('',(4.46428571428571,5.80357142857143,10.));
#9437=CARTESIAN_POINT('',(4.91071428571429,6.25,10.));
#9438=CARTESIAN_POINT('',(4.46428571428571,5.80357142857143,12.));
#9439=CARTESIAN_POINT('',(4.91071428571429,6.25,12.));
#9440=CARTESIAN_POINT('',(4.46428571428571,5.80357142857143,10.));
#9441=CARTESIAN_POINT('Origin',(4.46428571428571,4.91071428571429,10.));
#9442=CARTESIAN_POINT('',(4.46428571428571,4.91071428571429,10.));
#9443=CARTESIAN_POINT('',(4.46428571428571,5.80357142857143,10.));
#9444=CARTESIAN_POINT('',(4.46428571428571,4.91071428571429,12.));
#9445=CARTESIAN_POINT('',(4.46428571428571,5.80357142857143,12.));
#9446=CARTESIAN_POINT('',(4.46428571428571,4.91071428571429,10.));
#9447=CARTESIAN_POINT('Origin',(0.446428571428572,0.892857142857143,10.));
#9448=CARTESIAN_POINT('',(0.446428571428572,0.892857142857143,10.));
#9449=CARTESIAN_POINT('',(0.892857142857143,1.33928571428571,10.));
#9450=CARTESIAN_POINT('',(0.446428571428572,0.892857142857143,12.));
#9451=CARTESIAN_POINT('',(0.892857142857143,1.33928571428571,12.));
#9452=CARTESIAN_POINT('',(0.446428571428572,0.892857142857143,10.));
#9453=CARTESIAN_POINT('Origin',(0.,1.33928571428571,10.));
#9454=CARTESIAN_POINT('',(0.,1.33928571428571,10.));
#9455=CARTESIAN_POINT('',(0.446428571428572,0.892857142857143,10.));
#9456=CARTESIAN_POINT('',(0.,1.33928571428572,12.));
#9457=CARTESIAN_POINT('',(0.446428571428572,0.892857142857143,12.));
#9458=CARTESIAN_POINT('',(0.,1.33928571428571,10.));
#9459=CARTESIAN_POINT('Origin',(0.,4.91071428571429,10.));
#9460=CARTESIAN_POINT('',(0.,4.91071428571429,10.));
#9461=CARTESIAN_POINT('',(0.,4.01785714285714,10.));
#9462=CARTESIAN_POINT('',(0.,4.91071428571429,12.));
#9463=CARTESIAN_POINT('',(0.,4.01785714285714,12.));
#9464=CARTESIAN_POINT('',(0.,4.91071428571429,10.));
#9465=CARTESIAN_POINT('Origin',(0.892857142857143,5.80357142857143,10.));
#9466=CARTESIAN_POINT('',(0.892857142857143,5.80357142857143,10.));
#9467=CARTESIAN_POINT('',(0.446428571428572,5.35714285714286,10.));
#9468=CARTESIAN_POINT('',(0.892857142857144,5.80357142857143,12.));
#9469=CARTESIAN_POINT('',(0.446428571428572,5.35714285714286,12.));
#9470=CARTESIAN_POINT('',(0.892857142857143,5.80357142857143,10.));
#9471=CARTESIAN_POINT('Origin',(0.892857142857143,7.58928571428571,10.));
#9472=CARTESIAN_POINT('',(0.892857142857143,7.58928571428571,10.));
#9473=CARTESIAN_POINT('',(0.892857142857143,6.69642857142857,10.));
#9474=CARTESIAN_POINT('',(0.892857142857144,7.58928571428572,12.));
#9475=CARTESIAN_POINT('',(0.892857142857143,6.69642857142857,12.));
#9476=CARTESIAN_POINT('',(0.892857142857143,7.58928571428571,10.));
#9477=CARTESIAN_POINT('Origin',(1.78571428571429,8.48214285714286,10.));
#9478=CARTESIAN_POINT('',(1.78571428571429,8.48214285714286,10.));
#9479=CARTESIAN_POINT('',(1.33928571428571,8.03571428571429,10.));
#9480=CARTESIAN_POINT('',(1.78571428571429,8.48214285714286,12.));
#9481=CARTESIAN_POINT('',(1.33928571428571,8.03571428571429,12.));
#9482=CARTESIAN_POINT('',(1.78571428571429,8.48214285714286,10.));
#9483=CARTESIAN_POINT('Origin',(1.78571428571429,15.625,10.));
#9484=CARTESIAN_POINT('',(1.78571428571429,15.625,10.));
#9485=CARTESIAN_POINT('',(1.78571428571429,14.7321428571429,10.));
#9486=CARTESIAN_POINT('',(1.78571428571429,15.625,12.));
#9487=CARTESIAN_POINT('',(1.78571428571429,14.7321428571429,12.));
#9488=CARTESIAN_POINT('',(1.78571428571429,15.625,10.));
#9489=CARTESIAN_POINT('Origin',(0.892857142857143,16.5178571428571,10.));
#9490=CARTESIAN_POINT('',(0.892857142857143,16.5178571428571,10.));
#9491=CARTESIAN_POINT('',(1.33928571428571,16.0714285714286,10.));
#9492=CARTESIAN_POINT('',(0.892857142857144,16.5178571428571,12.));
#9493=CARTESIAN_POINT('',(1.33928571428571,16.0714285714286,12.));
#9494=CARTESIAN_POINT('',(0.892857142857143,16.5178571428571,10.));
#9495=CARTESIAN_POINT('Origin',(0.892857142857143,24.5535714285714,10.));
#9496=CARTESIAN_POINT('',(0.892857142857143,24.5535714285714,10.));
#9497=CARTESIAN_POINT('',(0.892857142857143,23.6607142857143,10.));
#9498=CARTESIAN_POINT('',(0.892857142857144,24.5535714285714,12.));
#9499=CARTESIAN_POINT('',(0.892857142857143,23.6607142857143,12.));
#9500=CARTESIAN_POINT('',(0.892857142857143,24.5535714285714,10.));
#9501=CARTESIAN_POINT('Origin',(1.3373680342903,24.9642033067522,10.));
#9502=CARTESIAN_POINT('',(1.3373680342903,24.9642033067522,10.));
#9503=CARTESIAN_POINT('',(0.892857142857143,24.5535714285714,10.));
#9504=CARTESIAN_POINT('',(1.3373680342903,24.9642033067522,12.));
#9505=CARTESIAN_POINT('',(0.892857142857143,24.5535714285714,12.));
#9506=CARTESIAN_POINT('',(1.3373680342903,24.9642033067522,10.));
#9507=CARTESIAN_POINT('Origin',(1.69689148372018,24.9419598837255,10.));
#9508=CARTESIAN_POINT('',(1.69689148372018,24.9419598837255,10.));
#9509=CARTESIAN_POINT('',(1.3373680342903,24.9642033067522,10.));
#9510=CARTESIAN_POINT('',(1.69689148372018,24.9419598837255,12.));
#9511=CARTESIAN_POINT('',(1.3373680342903,24.9642033067522,12.));
#9512=CARTESIAN_POINT('',(1.69689148372018,24.9419598837255,10.));
#9513=CARTESIAN_POINT('Origin',(2.00960474800775,24.9190988752961,10.));
#9514=CARTESIAN_POINT('',(2.00960474800775,24.9190988752961,10.));
#9515=CARTESIAN_POINT('',(1.6358310640169,24.9464237262578,10.));
#9516=CARTESIAN_POINT('',(2.00960474800775,24.9190988752961,12.));
#9517=CARTESIAN_POINT('',(1.6358310640169,24.9464237262578,12.));
#9518=CARTESIAN_POINT('',(2.00960474800775,24.9190988752961,10.));
#9519=CARTESIAN_POINT('Origin',(2.80476091519767,24.8421681060366,10.));
#9520=CARTESIAN_POINT('',(2.80476091519767,24.8421681060366,10.));
#9521=CARTESIAN_POINT('',(2.00960474800775,24.9190988752961,10.));
#9522=CARTESIAN_POINT('',(2.80476091519767,24.8421681060366,12.));
#9523=CARTESIAN_POINT('',(2.00960474800775,24.9190988752961,12.));
#9524=CARTESIAN_POINT('',(2.80476091519767,24.8421681060366,10.));
#9525=CARTESIAN_POINT('Origin',(3.5913909801043,24.7406934184963,10.));
#9526=CARTESIAN_POINT('',(3.5913909801043,24.7406934184963,10.));
#9527=CARTESIAN_POINT('',(2.80476091519767,24.8421681060366,10.));
#9528=CARTESIAN_POINT('',(3.5913909801043,24.7406934184963,12.));
#9529=CARTESIAN_POINT('',(2.80476091519767,24.8421681060366,12.));
#9530=CARTESIAN_POINT('',(3.5913909801043,24.7406934184963,10.));
#9531=CARTESIAN_POINT('Origin',(4.36728061552945,24.615581651166,10.));
#9532=CARTESIAN_POINT('',(4.36728061552945,24.615581651166,10.));
#9533=CARTESIAN_POINT('',(3.5913909801043,24.7406934184963,10.));
#9534=CARTESIAN_POINT('',(4.36728061552945,24.615581651166,12.));
#9535=CARTESIAN_POINT('',(3.5913909801043,24.7406934184963,12.));
#9536=CARTESIAN_POINT('',(4.36728061552945,24.615581651166,10.));
#9537=CARTESIAN_POINT('Origin',(5.1303711074322,24.4679237431382,10.));
#9538=CARTESIAN_POINT('',(5.1303711074322,24.4679237431382,10.));
#9539=CARTESIAN_POINT('',(4.36728061552945,24.615581651166,10.));
#9540=CARTESIAN_POINT('',(5.1303711074322,24.4679237431382,12.));
#9541=CARTESIAN_POINT('',(4.36728061552945,24.615581651166,12.));
#9542=CARTESIAN_POINT('',(5.1303711074322,24.4679237431382,10.));
#9543=CARTESIAN_POINT('Origin',(5.87878290752657,24.2989693511098,10.));
#9544=CARTESIAN_POINT('',(5.87878290752657,24.2989693511098,10.));
#9545=CARTESIAN_POINT('',(5.1303711074322,24.4679237431382,10.));
#9546=CARTESIAN_POINT('',(5.87878290752657,24.2989693511098,12.));
#9547=CARTESIAN_POINT('',(5.1303711074322,24.4679237431382,12.));
#9548=CARTESIAN_POINT('',(5.87878290752657,24.2989693511098,10.));
#9549=CARTESIAN_POINT('Origin',(6.34281720912349,24.1819906097833,10.));
#9550=CARTESIAN_POINT('',(6.34281720912349,24.1819906097833,10.));
#9551=CARTESIAN_POINT('',(5.87878290752657,24.2989693511098,10.));
#9552=CARTESIAN_POINT('',(6.34281720912349,24.1819906097833,12.));
#9553=CARTESIAN_POINT('',(5.87878290752657,24.2989693511098,12.));
#9554=CARTESIAN_POINT('',(6.34281720912349,24.1819906097833,10.));
#9555=CARTESIAN_POINT('Origin',(6.81506431140064,24.0531681578846,10.));
#9556=CARTESIAN_POINT('',(6.81506431140064,24.0531681578846,10.));
#9557=CARTESIAN_POINT('',(6.34281720912349,24.1819906097833,10.));
#9558=CARTESIAN_POINT('',(6.81506431140064,24.0531681578846,12.));
#9559=CARTESIAN_POINT('',(6.34281720912349,24.1819906097833,12.));
#9560=CARTESIAN_POINT('',(6.81506431140064,24.0531681578846,10.));
#9561=CARTESIAN_POINT('Origin',(7.54729261736005,23.8335556337686,10.));
#9562=CARTESIAN_POINT('',(7.54729261736005,23.8335556337686,10.));
#9563=CARTESIAN_POINT('',(6.81506431140064,24.0531681578846,10.));
#9564=CARTESIAN_POINT('',(7.54729261736005,23.8335556337686,12.));
#9565=CARTESIAN_POINT('',(6.81506431140064,24.0531681578846,12.));
#9566=CARTESIAN_POINT('',(7.54729261736005,23.8335556337686,10.));
#9567=CARTESIAN_POINT('Origin',(8.25876061820265,23.5964589091504,10.));
#9568=CARTESIAN_POINT('',(8.25876061820265,23.5964589091504,10.));
#9569=CARTESIAN_POINT('',(7.54729261736005,23.8335556337686,10.));
#9570=CARTESIAN_POINT('',(8.25876061820265,23.5964589091504,12.));
#9571=CARTESIAN_POINT('',(7.54729261736005,23.8335556337686,12.));
#9572=CARTESIAN_POINT('',(8.25876061820265,23.5964589091504,10.));
#9573=CARTESIAN_POINT('Origin',(8.73456123105891,23.424505119658,10.));
#9574=CARTESIAN_POINT('',(8.73456123105891,23.424505119658,10.));
#9575=CARTESIAN_POINT('',(8.25876061820265,23.5964589091504,10.));
#9576=CARTESIAN_POINT('',(8.73456123105891,23.424505119658,12.));
#9577=CARTESIAN_POINT('',(8.25876061820265,23.5964589091504,12.));
#9578=CARTESIAN_POINT('',(8.73456123105891,23.424505119658,10.));
#9579=CARTESIAN_POINT('Origin',(9.21564300707808,23.2394475830665,10.));
#9580=CARTESIAN_POINT('',(9.21564300707808,23.2394475830665,10.));
#9581=CARTESIAN_POINT('',(8.73456123105891,23.424505119658,10.));
#9582=CARTESIAN_POINT('',(9.21564300707808,23.2394475830665,12.));
#9583=CARTESIAN_POINT('',(8.73456123105891,23.424505119658,12.));
#9584=CARTESIAN_POINT('',(9.21564300707808,23.2394475830665,10.));
#9585=CARTESIAN_POINT('Origin',(9.89573368929439,22.958102159163,10.));
#9586=CARTESIAN_POINT('',(9.89573368929439,22.958102159163,10.));
#9587=CARTESIAN_POINT('',(9.21564300707808,23.2394475830665,10.));
#9588=CARTESIAN_POINT('',(9.89573368929439,22.958102159163,12.));
#9589=CARTESIAN_POINT('',(9.21564300707808,23.2394475830665,12.));
#9590=CARTESIAN_POINT('',(9.89573368929439,22.958102159163,10.));
#9591=CARTESIAN_POINT('Origin',(10.3751294980791,22.7454762073272,10.));
#9592=CARTESIAN_POINT('',(10.3751294980791,22.7454762073272,10.));
#9593=CARTESIAN_POINT('',(9.89573368929439,22.958102159163,10.));
#9594=CARTESIAN_POINT('',(10.3751294980791,22.7454762073272,12.));
#9595=CARTESIAN_POINT('',(9.89573368929439,22.958102159163,12.));
#9596=CARTESIAN_POINT('',(10.3751294980791,22.7454762073272,10.));
#9597=CARTESIAN_POINT('Origin',(10.8574796415001,22.5192170342224,10.));
#9598=CARTESIAN_POINT('',(10.8574796415001,22.5192170342224,10.));
#9599=CARTESIAN_POINT('',(10.3751294980791,22.7454762073272,10.));
#9600=CARTESIAN_POINT('',(10.8574796415001,22.5192170342224,12.));
#9601=CARTESIAN_POINT('',(10.3751294980791,22.7454762073272,12.));
#9602=CARTESIAN_POINT('',(10.8574796415001,22.5192170342224,10.));
#9603=CARTESIAN_POINT('Origin',(11.4963561915363,22.1998602319322,10.));
#9604=CARTESIAN_POINT('',(11.4963561915363,22.1998602319322,10.));
#9605=CARTESIAN_POINT('',(10.8574796415001,22.5192170342224,10.));
#9606=CARTESIAN_POINT('',(11.4963561915363,22.1998602319322,12.));
#9607=CARTESIAN_POINT('',(10.8574796415001,22.5192170342224,12.));
#9608=CARTESIAN_POINT('',(11.4963561915363,22.1998602319322,10.));
#9609=CARTESIAN_POINT('Origin',(11.9713032670143,21.9473893228596,10.));
#9610=CARTESIAN_POINT('',(11.9713032670143,21.9473893228596,10.));
#9611=CARTESIAN_POINT('',(11.4963561915363,22.1998602319322,10.));
#9612=CARTESIAN_POINT('',(11.9713032670143,21.9473893228596,12.));
#9613=CARTESIAN_POINT('',(11.4963561915363,22.1998602319322,12.));
#9614=CARTESIAN_POINT('',(11.9713032670143,21.9473893228596,10.));
#9615=CARTESIAN_POINT('Origin',(12.4466879638329,21.6813274208702,10.));
#9616=CARTESIAN_POINT('',(12.4466879638329,21.6813274208702,10.));
#9617=CARTESIAN_POINT('',(11.9713032670143,21.9473893228596,10.));
#9618=CARTESIAN_POINT('',(12.4466879638329,21.6813274208702,12.));
#9619=CARTESIAN_POINT('',(11.9713032670143,21.9473893228596,12.));
#9620=CARTESIAN_POINT('',(12.4466879638329,21.6813274208702,10.));
#9621=CARTESIAN_POINT('Origin',(13.0362502363494,21.332045841299,10.));
#9622=CARTESIAN_POINT('',(13.0362502363494,21.332045841299,10.));
#9623=CARTESIAN_POINT('',(12.4466879638329,21.6813274208702,10.));
#9624=CARTESIAN_POINT('',(13.0362502363494,21.332045841299,12.));
#9625=CARTESIAN_POINT('',(12.4466879638329,21.6813274208702,12.));
#9626=CARTESIAN_POINT('',(13.0362502363494,21.332045841299,10.));
#9627=CARTESIAN_POINT('Origin',(13.498867357091,21.0423520566419,10.));
#9628=CARTESIAN_POINT('',(13.498867357091,21.0423520566419,10.));
#9629=CARTESIAN_POINT('',(13.0362502363494,21.332045841299,10.));
#9630=CARTESIAN_POINT('',(13.498867357091,21.0423520566419,12.));
#9631=CARTESIAN_POINT('',(13.0362502363494,21.332045841299,12.));
#9632=CARTESIAN_POINT('',(13.498867357091,21.0423520566419,10.));
#9633=CARTESIAN_POINT('Origin',(13.9594092147498,20.7396936904854,10.));
#9634=CARTESIAN_POINT('',(13.9594092147498,20.7396936904854,10.));
#9635=CARTESIAN_POINT('',(13.498867357091,21.0423520566419,10.));
#9636=CARTESIAN_POINT('',(13.9594092147498,20.7396936904854,12.));
#9637=CARTESIAN_POINT('',(13.498867357091,21.0423520566419,12.));
#9638=CARTESIAN_POINT('',(13.9594092147498,20.7396936904854,10.));
#9639=CARTESIAN_POINT('Origin',(14.4170799399664,20.424196581619,10.));
#9640=CARTESIAN_POINT('',(14.4170799399664,20.424196581619,10.));
#9641=CARTESIAN_POINT('',(13.9594092147498,20.7396936904854,10.));
#9642=CARTESIAN_POINT('',(14.4170799399664,20.424196581619,12.));
#9643=CARTESIAN_POINT('',(13.9594092147498,20.7396936904854,12.));
#9644=CARTESIAN_POINT('',(14.4170799399664,20.424196581619,10.));
#9645=CARTESIAN_POINT('Origin',(14.8710751352574,20.0960474800775,10.));
#9646=CARTESIAN_POINT('',(14.8710751352574,20.0960474800775,10.));
#9647=CARTESIAN_POINT('',(14.4170799399664,20.424196581619,10.));
#9648=CARTESIAN_POINT('',(14.8710751352574,20.0960474800775,12.));
#9649=CARTESIAN_POINT('',(14.4170799399664,20.424196581619,12.));
#9650=CARTESIAN_POINT('',(14.8710751352574,20.0960474800775,10.));
#9651=CARTESIAN_POINT('Origin',(15.3757949673469,19.7125576504448,10.));
#9652=CARTESIAN_POINT('',(15.3757949673469,19.7125576504448,10.));
#9653=CARTESIAN_POINT('',(14.8710751352574,20.0960474800775,10.));
#9654=CARTESIAN_POINT('',(15.3757949673469,19.7125576504448,12.));
#9655=CARTESIAN_POINT('',(14.8710751352574,20.0960474800775,12.));
#9656=CARTESIAN_POINT('',(15.3757949673469,19.7125576504448,10.));
#9657=CARTESIAN_POINT('Origin',(15.8094122478065,19.366530003563,10.));
#9658=CARTESIAN_POINT('',(15.8094122478065,19.366530003563,10.));
#9659=CARTESIAN_POINT('',(15.3757949673469,19.7125576504448,10.));
#9660=CARTESIAN_POINT('',(15.8094122478065,19.366530003563,12.));
#9661=CARTESIAN_POINT('',(15.3757949673469,19.7125576504448,12.));
#9662=CARTESIAN_POINT('',(15.8094122478065,19.366530003563,10.));
#9663=CARTESIAN_POINT('Origin',(16.2371462530879,19.0093419548346,10.));
#9664=CARTESIAN_POINT('',(16.2371462530879,19.0093419548346,10.));
#9665=CARTESIAN_POINT('',(15.8094122478065,19.366530003563,10.));
#9666=CARTESIAN_POINT('',(16.2371462530879,19.0093419548346,12.));
#9667=CARTESIAN_POINT('',(15.8094122478065,19.366530003563,12.));
#9668=CARTESIAN_POINT('',(16.2371462530879,19.0093419548346,10.));
#9669=CARTESIAN_POINT('Origin',(16.6582745882561,18.6414025154295,10.));
#9670=CARTESIAN_POINT('',(16.6582745882561,18.6414025154295,10.));
#9671=CARTESIAN_POINT('',(16.2371462530879,19.0093419548346,10.));
#9672=CARTESIAN_POINT('',(16.6582745882561,18.6414025154295,12.));
#9673=CARTESIAN_POINT('',(16.2371462530879,19.0093419548346,12.));
#9674=CARTESIAN_POINT('',(16.6582745882561,18.6414025154295,10.));
#9675=CARTESIAN_POINT('Origin',(17.0720969516151,18.2631734831232,10.));
#9676=CARTESIAN_POINT('',(17.0720969516151,18.2631734831232,10.));
#9677=CARTESIAN_POINT('',(16.6582745882561,18.6414025154295,10.));
#9678=CARTESIAN_POINT('',(17.0720969516151,18.2631734831232,12.));
#9679=CARTESIAN_POINT('',(16.6582745882561,18.6414025154295,12.));
#9680=CARTESIAN_POINT('',(17.0720969516151,18.2631734831232,10.));
#9681=CARTESIAN_POINT('Origin',(17.477940798097,17.8751667253264,10.));
#9682=CARTESIAN_POINT('',(17.477940798097,17.8751667253264,10.));
#9683=CARTESIAN_POINT('',(17.0720969516151,18.2631734831232,10.));
#9684=CARTESIAN_POINT('',(17.477940798097,17.8751667253264,12.));
#9685=CARTESIAN_POINT('',(17.0720969516151,18.2631734831232,12.));
#9686=CARTESIAN_POINT('',(17.477940798097,17.8751667253264,10.));
#9687=CARTESIAN_POINT('Origin',(17.8751667253264,17.477940798097,10.));
#9688=CARTESIAN_POINT('',(17.8751667253264,17.477940798097,10.));
#9689=CARTESIAN_POINT('',(17.477940798097,17.8751667253264,10.));
#9690=CARTESIAN_POINT('',(17.8751667253264,17.477940798097,12.));
#9691=CARTESIAN_POINT('',(17.477940798097,17.8751667253264,12.));
#9692=CARTESIAN_POINT('',(17.8751667253264,17.477940798097,10.));
#9693=CARTESIAN_POINT('Origin',(18.2631734831232,17.0720969516151,10.));
#9694=CARTESIAN_POINT('',(18.2631734831232,17.0720969516151,10.));
#9695=CARTESIAN_POINT('',(17.8751667253264,17.477940798097,10.));
#9696=CARTESIAN_POINT('',(18.2631734831232,17.0720969516151,12.));
#9697=CARTESIAN_POINT('',(17.8751667253264,17.477940798097,12.));
#9698=CARTESIAN_POINT('',(18.2631734831232,17.0720969516151,10.));
#9699=CARTESIAN_POINT('Origin',(18.6414025154295,16.6582745882561,10.));
#9700=CARTESIAN_POINT('',(18.6414025154295,16.6582745882561,10.));
#9701=CARTESIAN_POINT('',(18.2631734831232,17.0720969516151,10.));
#9702=CARTESIAN_POINT('',(18.6414025154295,16.6582745882561,12.));
#9703=CARTESIAN_POINT('',(18.2631734831232,17.0720969516151,12.));
#9704=CARTESIAN_POINT('',(18.6414025154295,16.6582745882561,10.));
#9705=CARTESIAN_POINT('Origin',(19.0093419548346,16.2371462530879,10.));
#9706=CARTESIAN_POINT('',(19.0093419548346,16.2371462530879,10.));
#9707=CARTESIAN_POINT('',(18.6414025154295,16.6582745882561,10.));
#9708=CARTESIAN_POINT('',(19.0093419548346,16.2371462530879,12.));
#9709=CARTESIAN_POINT('',(18.6414025154295,16.6582745882561,12.));
#9710=CARTESIAN_POINT('',(19.0093419548346,16.2371462530879,10.));
#9711=CARTESIAN_POINT('Origin',(19.366530003563,15.8094122478065,10.));
#9712=CARTESIAN_POINT('',(19.366530003563,15.8094122478065,10.));
#9713=CARTESIAN_POINT('',(19.0093419548346,16.2371462530879,10.));
#9714=CARTESIAN_POINT('',(19.366530003563,15.8094122478065,12.));
#9715=CARTESIAN_POINT('',(19.0093419548346,16.2371462530879,12.));
#9716=CARTESIAN_POINT('',(19.366530003563,15.8094122478065,10.));
#9717=CARTESIAN_POINT('Origin',(19.7125576504448,15.3757949673469,10.));
#9718=CARTESIAN_POINT('',(19.7125576504448,15.3757949673469,10.));
#9719=CARTESIAN_POINT('',(19.366530003563,15.8094122478065,10.));
#9720=CARTESIAN_POINT('',(19.7125576504448,15.3757949673469,12.));
#9721=CARTESIAN_POINT('',(19.366530003563,15.8094122478065,12.));
#9722=CARTESIAN_POINT('',(19.7125576504448,15.3757949673469,10.));
#9723=CARTESIAN_POINT('Origin',(20.0960474800775,14.8710751352574,10.));
#9724=CARTESIAN_POINT('',(20.0960474800775,14.8710751352574,10.));
#9725=CARTESIAN_POINT('',(19.7125576504448,15.3757949673469,10.));
#9726=CARTESIAN_POINT('',(20.0960474800775,14.8710751352574,12.));
#9727=CARTESIAN_POINT('',(19.7125576504448,15.3757949673469,12.));
#9728=CARTESIAN_POINT('',(20.0960474800775,14.8710751352574,10.));
#9729=CARTESIAN_POINT('Origin',(20.424196581619,14.4170799399664,10.));
#9730=CARTESIAN_POINT('',(20.424196581619,14.4170799399664,10.));
#9731=CARTESIAN_POINT('',(20.0960474800775,14.8710751352574,10.));
#9732=CARTESIAN_POINT('',(20.424196581619,14.4170799399664,12.));
#9733=CARTESIAN_POINT('',(20.0960474800775,14.8710751352574,12.));
#9734=CARTESIAN_POINT('',(20.424196581619,14.4170799399664,10.));
#9735=CARTESIAN_POINT('Origin',(20.7396936904854,13.9594092147498,10.));
#9736=CARTESIAN_POINT('',(20.7396936904854,13.9594092147498,10.));
#9737=CARTESIAN_POINT('',(20.424196581619,14.4170799399664,10.));
#9738=CARTESIAN_POINT('',(20.7396936904854,13.9594092147498,12.));
#9739=CARTESIAN_POINT('',(20.424196581619,14.4170799399664,12.));
#9740=CARTESIAN_POINT('',(20.7396936904854,13.9594092147498,10.));
#9741=CARTESIAN_POINT('Origin',(21.0423520566419,13.498867357091,10.));
#9742=CARTESIAN_POINT('',(21.0423520566419,13.498867357091,10.));
#9743=CARTESIAN_POINT('',(20.7396936904854,13.9594092147498,10.));
#9744=CARTESIAN_POINT('',(21.0423520566419,13.498867357091,12.));
#9745=CARTESIAN_POINT('',(20.7396936904854,13.9594092147498,12.));
#9746=CARTESIAN_POINT('',(21.0423520566419,13.498867357091,10.));
#9747=CARTESIAN_POINT('Origin',(21.332045841299,13.0362502363494,10.));
#9748=CARTESIAN_POINT('',(21.332045841299,13.0362502363494,10.));
#9749=CARTESIAN_POINT('',(21.0423520566419,13.498867357091,10.));
#9750=CARTESIAN_POINT('',(21.332045841299,13.0362502363494,12.));
#9751=CARTESIAN_POINT('',(21.0423520566419,13.498867357091,12.));
#9752=CARTESIAN_POINT('',(21.332045841299,13.0362502363494,10.));
#9753=CARTESIAN_POINT('Origin',(21.6813274208702,12.4466879638329,10.));
#9754=CARTESIAN_POINT('',(21.6813274208702,12.4466879638329,10.));
#9755=CARTESIAN_POINT('',(21.332045841299,13.0362502363494,10.));
#9756=CARTESIAN_POINT('',(21.6813274208702,12.4466879638329,12.));
#9757=CARTESIAN_POINT('',(21.332045841299,13.0362502363494,12.));
#9758=CARTESIAN_POINT('',(21.6813274208702,12.4466879638329,10.));
#9759=CARTESIAN_POINT('Origin',(21.9473893228596,11.9713032670143,10.));
#9760=CARTESIAN_POINT('',(21.9473893228596,11.9713032670143,10.));
#9761=CARTESIAN_POINT('',(21.6813274208702,12.4466879638329,10.));
#9762=CARTESIAN_POINT('',(21.9473893228596,11.9713032670143,12.));
#9763=CARTESIAN_POINT('',(21.6813274208702,12.4466879638329,12.));
#9764=CARTESIAN_POINT('',(21.9473893228596,11.9713032670143,10.));
#9765=CARTESIAN_POINT('Origin',(22.1998602319322,11.4963561915363,10.));
#9766=CARTESIAN_POINT('',(22.1998602319322,11.4963561915363,10.));
#9767=CARTESIAN_POINT('',(21.9473893228596,11.9713032670143,10.));
#9768=CARTESIAN_POINT('',(22.1998602319322,11.4963561915363,12.));
#9769=CARTESIAN_POINT('',(21.9473893228596,11.9713032670143,12.));
#9770=CARTESIAN_POINT('',(22.1998602319322,11.4963561915363,10.));
#9771=CARTESIAN_POINT('Origin',(22.5192170342224,10.8574796415001,10.));
#9772=CARTESIAN_POINT('',(22.5192170342224,10.8574796415001,10.));
#9773=CARTESIAN_POINT('',(22.1998602319322,11.4963561915363,10.));
#9774=CARTESIAN_POINT('',(22.5192170342224,10.8574796415001,12.));
#9775=CARTESIAN_POINT('',(22.1998602319322,11.4963561915363,12.));
#9776=CARTESIAN_POINT('',(22.5192170342224,10.8574796415001,10.));
#9777=CARTESIAN_POINT('Origin',(22.7454762073272,10.3751294980791,10.));
#9778=CARTESIAN_POINT('',(22.7454762073272,10.3751294980791,10.));
#9779=CARTESIAN_POINT('',(22.5192170342224,10.8574796415001,10.));
#9780=CARTESIAN_POINT('',(22.7454762073272,10.3751294980791,12.));
#9781=CARTESIAN_POINT('',(22.5192170342224,10.8574796415001,12.));
#9782=CARTESIAN_POINT('',(22.7454762073272,10.3751294980791,10.));
#9783=CARTESIAN_POINT('Origin',(22.958102159163,9.89573368929439,10.));
#9784=CARTESIAN_POINT('',(22.958102159163,9.89573368929439,10.));
#9785=CARTESIAN_POINT('',(22.7454762073272,10.3751294980791,10.));
#9786=CARTESIAN_POINT('',(22.958102159163,9.89573368929439,12.));
#9787=CARTESIAN_POINT('',(22.7454762073272,10.3751294980791,12.));
#9788=CARTESIAN_POINT('',(22.958102159163,9.89573368929439,10.));
#9789=CARTESIAN_POINT('Origin',(23.2394475830665,9.21564300707808,10.));
#9790=CARTESIAN_POINT('',(23.2394475830665,9.21564300707808,10.));
#9791=CARTESIAN_POINT('',(22.958102159163,9.89573368929439,10.));
#9792=CARTESIAN_POINT('',(23.2394475830665,9.21564300707808,12.));
#9793=CARTESIAN_POINT('',(22.958102159163,9.89573368929439,12.));
#9794=CARTESIAN_POINT('',(23.2394475830665,9.21564300707808,10.));
#9795=CARTESIAN_POINT('Origin',(23.424505119658,8.73456123105891,10.));
#9796=CARTESIAN_POINT('',(23.424505119658,8.73456123105891,10.));
#9797=CARTESIAN_POINT('',(23.2394475830665,9.21564300707808,10.));
#9798=CARTESIAN_POINT('',(23.424505119658,8.73456123105891,12.));
#9799=CARTESIAN_POINT('',(23.2394475830665,9.21564300707808,12.));
#9800=CARTESIAN_POINT('',(23.424505119658,8.73456123105891,10.));
#9801=CARTESIAN_POINT('Origin',(23.5964589091504,8.25876061820265,10.));
#9802=CARTESIAN_POINT('',(23.5964589091504,8.25876061820265,10.));
#9803=CARTESIAN_POINT('',(23.424505119658,8.73456123105891,10.));
#9804=CARTESIAN_POINT('',(23.5964589091504,8.25876061820265,12.));
#9805=CARTESIAN_POINT('',(23.424505119658,8.73456123105891,12.));
#9806=CARTESIAN_POINT('',(23.5964589091504,8.25876061820265,10.));
#9807=CARTESIAN_POINT('Origin',(23.8335556337686,7.54729261736005,10.));
#9808=CARTESIAN_POINT('',(23.8335556337686,7.54729261736005,10.));
#9809=CARTESIAN_POINT('',(23.5964589091504,8.25876061820265,10.));
#9810=CARTESIAN_POINT('',(23.8335556337686,7.54729261736005,12.));
#9811=CARTESIAN_POINT('',(23.5964589091504,8.25876061820265,12.));
#9812=CARTESIAN_POINT('',(23.8335556337686,7.54729261736005,10.));
#9813=CARTESIAN_POINT('Origin',(24.0531681578846,6.81506431140064,10.));
#9814=CARTESIAN_POINT('',(24.0531681578846,6.81506431140064,10.));
#9815=CARTESIAN_POINT('',(23.8335556337686,7.54729261736005,10.));
#9816=CARTESIAN_POINT('',(24.0531681578846,6.81506431140064,12.));
#9817=CARTESIAN_POINT('',(23.8335556337686,7.54729261736005,12.));
#9818=CARTESIAN_POINT('',(24.0531681578846,6.81506431140064,10.));
#9819=CARTESIAN_POINT('Origin',(24.1819906097833,6.34281720912349,10.));
#9820=CARTESIAN_POINT('',(24.1819906097833,6.34281720912349,10.));
#9821=CARTESIAN_POINT('',(24.0531681578846,6.81506431140064,10.));
#9822=CARTESIAN_POINT('',(24.1819906097833,6.34281720912348,12.));
#9823=CARTESIAN_POINT('',(24.0531681578846,6.81506431140064,12.));
#9824=CARTESIAN_POINT('',(24.1819906097833,6.34281720912349,10.));
#9825=CARTESIAN_POINT('Origin',(24.2989693511098,5.87878290752657,10.));
#9826=CARTESIAN_POINT('',(24.2989693511098,5.87878290752657,10.));
#9827=CARTESIAN_POINT('',(24.1819906097833,6.34281720912349,10.));
#9828=CARTESIAN_POINT('',(24.2989693511098,5.87878290752657,12.));
#9829=CARTESIAN_POINT('',(24.1819906097833,6.34281720912349,12.));
#9830=CARTESIAN_POINT('',(24.2989693511098,5.87878290752657,10.));
#9831=CARTESIAN_POINT('Origin',(24.4679237431382,5.1303711074322,10.));
#9832=CARTESIAN_POINT('',(24.4679237431382,5.1303711074322,10.));
#9833=CARTESIAN_POINT('',(24.2989693511098,5.87878290752657,10.));
#9834=CARTESIAN_POINT('',(24.4679237431382,5.1303711074322,12.));
#9835=CARTESIAN_POINT('',(24.2989693511098,5.87878290752657,12.));
#9836=CARTESIAN_POINT('',(24.4679237431382,5.1303711074322,10.));
#9837=CARTESIAN_POINT('Origin',(24.615581651166,4.36728061552945,10.));
#9838=CARTESIAN_POINT('',(24.615581651166,4.36728061552945,10.));
#9839=CARTESIAN_POINT('',(24.4679237431382,5.1303711074322,10.));
#9840=CARTESIAN_POINT('',(24.615581651166,4.36728061552945,12.));
#9841=CARTESIAN_POINT('',(24.4679237431382,5.1303711074322,12.));
#9842=CARTESIAN_POINT('',(24.615581651166,4.36728061552945,10.));
#9843=CARTESIAN_POINT('Origin',(24.7406934184963,3.5913909801043,10.));
#9844=CARTESIAN_POINT('',(24.7406934184963,3.5913909801043,10.));
#9845=CARTESIAN_POINT('',(24.615581651166,4.36728061552945,10.));
#9846=CARTESIAN_POINT('',(24.7406934184963,3.5913909801043,12.));
#9847=CARTESIAN_POINT('',(24.615581651166,4.36728061552945,12.));
#9848=CARTESIAN_POINT('',(24.7406934184963,3.5913909801043,10.));
#9849=CARTESIAN_POINT('Origin',(24.8421681060366,2.80476091519767,10.));
#9850=CARTESIAN_POINT('',(24.8421681060366,2.80476091519767,10.));
#9851=CARTESIAN_POINT('',(24.7406934184963,3.5913909801043,10.));
#9852=CARTESIAN_POINT('',(24.8421681060366,2.80476091519767,12.));
#9853=CARTESIAN_POINT('',(24.7406934184963,3.5913909801043,12.));
#9854=CARTESIAN_POINT('',(24.8421681060366,2.80476091519767,10.));
#9855=CARTESIAN_POINT('Origin',(24.9190988752961,2.00960474800775,10.));
#9856=CARTESIAN_POINT('',(24.9190988752961,2.00960474800775,10.));
#9857=CARTESIAN_POINT('',(24.8421681060366,2.80476091519767,10.));
#9858=CARTESIAN_POINT('',(24.9190988752961,2.00960474800775,12.));
#9859=CARTESIAN_POINT('',(24.8421681060366,2.80476091519767,12.));
#9860=CARTESIAN_POINT('',(24.9190988752961,2.00960474800775,10.));
#9861=CARTESIAN_POINT('Origin',(24.97078490205,1.20826378558306,10.));
#9862=CARTESIAN_POINT('',(24.97078490205,1.20826378558306,10.));
#9863=CARTESIAN_POINT('',(24.9190988752961,2.00960474800775,10.));
#9864=CARTESIAN_POINT('',(24.97078490205,1.20826378558306,12.));
#9865=CARTESIAN_POINT('',(24.9190988752961,2.00960474800775,12.));
#9866=CARTESIAN_POINT('',(24.97078490205,1.20826378558306,10.));
#9867=CARTESIAN_POINT('Origin',(24.9967488133031,0.403173367956502,10.));
#9868=CARTESIAN_POINT('',(24.9967488133031,0.403173367956502,10.));
#9869=CARTESIAN_POINT('',(24.97078490205,1.20826378558306,10.));
#9870=CARTESIAN_POINT('',(24.9967488133031,0.403173367956502,12.));
#9871=CARTESIAN_POINT('',(24.97078490205,1.20826378558306,12.));
#9872=CARTESIAN_POINT('',(24.9967488133031,0.403173367956502,10.));
#9873=CARTESIAN_POINT('Origin',(24.9967488133031,-0.403173367956502,10.));
#9874=CARTESIAN_POINT('',(24.9967488133031,-0.403173367956502,10.));
#9875=CARTESIAN_POINT('',(24.9967488133031,0.403173367956502,10.));
#9876=CARTESIAN_POINT('',(24.9967488133031,-0.403173367956502,12.));
#9877=CARTESIAN_POINT('',(24.9967488133031,0.403173367956502,12.));
#9878=CARTESIAN_POINT('',(24.9967488133031,-0.403173367956502,10.));
#9879=CARTESIAN_POINT('Origin',(24.97078490205,-1.20826378558306,10.));
#9880=CARTESIAN_POINT('',(24.97078490205,-1.20826378558306,10.));
#9881=CARTESIAN_POINT('',(24.9967488133031,-0.403173367956502,10.));
#9882=CARTESIAN_POINT('',(24.97078490205,-1.20826378558306,12.));
#9883=CARTESIAN_POINT('',(24.9967488133031,-0.403173367956502,12.));
#9884=CARTESIAN_POINT('',(24.97078490205,-1.20826378558306,10.));
#9885=CARTESIAN_POINT('Origin',(24.9190988752961,-2.00960474800775,10.));
#9886=CARTESIAN_POINT('',(24.9190988752961,-2.00960474800775,10.));
#9887=CARTESIAN_POINT('',(24.97078490205,-1.20826378558306,10.));
#9888=CARTESIAN_POINT('',(24.9190988752961,-2.00960474800775,12.));
#9889=CARTESIAN_POINT('',(24.97078490205,-1.20826378558306,12.));
#9890=CARTESIAN_POINT('',(24.9190988752961,-2.00960474800775,10.));
#9891=CARTESIAN_POINT('Origin',(24.8421681060366,-2.80476091519767,10.));
#9892=CARTESIAN_POINT('',(24.8421681060366,-2.80476091519767,10.));
#9893=CARTESIAN_POINT('',(24.9190988752961,-2.00960474800775,10.));
#9894=CARTESIAN_POINT('',(24.8421681060366,-2.80476091519767,12.));
#9895=CARTESIAN_POINT('',(24.9190988752961,-2.00960474800775,12.));
#9896=CARTESIAN_POINT('',(24.8421681060366,-2.80476091519767,10.));
#9897=CARTESIAN_POINT('Origin',(24.7406934184963,-3.5913909801043,10.));
#9898=CARTESIAN_POINT('',(24.7406934184963,-3.5913909801043,10.));
#9899=CARTESIAN_POINT('',(24.8421681060366,-2.80476091519767,10.));
#9900=CARTESIAN_POINT('',(24.7406934184963,-3.5913909801043,12.));
#9901=CARTESIAN_POINT('',(24.8421681060366,-2.80476091519767,12.));
#9902=CARTESIAN_POINT('',(24.7406934184963,-3.5913909801043,10.));
#9903=CARTESIAN_POINT('Origin',(24.615581651166,-4.36728061552945,10.));
#9904=CARTESIAN_POINT('',(24.615581651166,-4.36728061552945,10.));
#9905=CARTESIAN_POINT('',(24.7406934184963,-3.5913909801043,10.));
#9906=CARTESIAN_POINT('',(24.615581651166,-4.36728061552945,12.));
#9907=CARTESIAN_POINT('',(24.7406934184963,-3.5913909801043,12.));
#9908=CARTESIAN_POINT('',(24.615581651166,-4.36728061552945,10.));
#9909=CARTESIAN_POINT('Origin',(24.4679237431382,-5.1303711074322,10.));
#9910=CARTESIAN_POINT('',(24.4679237431382,-5.1303711074322,10.));
#9911=CARTESIAN_POINT('',(24.615581651166,-4.36728061552945,10.));
#9912=CARTESIAN_POINT('',(24.4679237431382,-5.1303711074322,12.));
#9913=CARTESIAN_POINT('',(24.615581651166,-4.36728061552945,12.));
#9914=CARTESIAN_POINT('',(24.4679237431382,-5.1303711074322,10.));
#9915=CARTESIAN_POINT('Origin',(24.2989693511098,-5.87878290752657,10.));
#9916=CARTESIAN_POINT('',(24.2989693511098,-5.87878290752657,10.));
#9917=CARTESIAN_POINT('',(24.4679237431382,-5.1303711074322,10.));
#9918=CARTESIAN_POINT('',(24.2989693511098,-5.87878290752657,12.));
#9919=CARTESIAN_POINT('',(24.4679237431382,-5.1303711074322,12.));
#9920=CARTESIAN_POINT('',(24.2989693511098,-5.87878290752657,10.));
#9921=CARTESIAN_POINT('Origin',(24.1819906097833,-6.34281720912349,10.));
#9922=CARTESIAN_POINT('',(24.1819906097833,-6.34281720912349,10.));
#9923=CARTESIAN_POINT('',(24.2989693511098,-5.87878290752657,10.));
#9924=CARTESIAN_POINT('',(24.1819906097833,-6.34281720912349,12.));
#9925=CARTESIAN_POINT('',(24.2989693511098,-5.87878290752657,12.));
#9926=CARTESIAN_POINT('',(24.1819906097833,-6.34281720912349,10.));
#9927=CARTESIAN_POINT('Origin',(24.0531681578846,-6.81506431140064,10.));
#9928=CARTESIAN_POINT('',(24.0531681578846,-6.81506431140064,10.));
#9929=CARTESIAN_POINT('',(24.1819906097833,-6.34281720912349,10.));
#9930=CARTESIAN_POINT('',(24.0531681578846,-6.81506431140064,12.));
#9931=CARTESIAN_POINT('',(24.1819906097833,-6.34281720912349,12.));
#9932=CARTESIAN_POINT('',(24.0531681578846,-6.81506431140064,10.));
#9933=CARTESIAN_POINT('Origin',(23.8335556337686,-7.54729261736005,10.));
#9934=CARTESIAN_POINT('',(23.8335556337686,-7.54729261736005,10.));
#9935=CARTESIAN_POINT('',(24.0531681578846,-6.81506431140064,10.));
#9936=CARTESIAN_POINT('',(23.8335556337686,-7.54729261736005,12.));
#9937=CARTESIAN_POINT('',(24.0531681578846,-6.81506431140064,12.));
#9938=CARTESIAN_POINT('',(23.8335556337686,-7.54729261736005,10.));
#9939=CARTESIAN_POINT('Origin',(23.5964589091504,-8.25876061820265,10.));
#9940=CARTESIAN_POINT('',(23.5964589091504,-8.25876061820265,10.));
#9941=CARTESIAN_POINT('',(23.8335556337686,-7.54729261736005,10.));
#9942=CARTESIAN_POINT('',(23.5964589091504,-8.25876061820265,12.));
#9943=CARTESIAN_POINT('',(23.8335556337686,-7.54729261736005,12.));
#9944=CARTESIAN_POINT('',(23.5964589091504,-8.25876061820265,10.));
#9945=CARTESIAN_POINT('Origin',(23.424505119658,-8.73456123105891,10.));
#9946=CARTESIAN_POINT('',(23.424505119658,-8.73456123105891,10.));
#9947=CARTESIAN_POINT('',(23.5964589091504,-8.25876061820265,10.));
#9948=CARTESIAN_POINT('',(23.424505119658,-8.73456123105891,12.));
#9949=CARTESIAN_POINT('',(23.5964589091504,-8.25876061820265,12.));
#9950=CARTESIAN_POINT('',(23.424505119658,-8.73456123105891,10.));
#9951=CARTESIAN_POINT('Origin',(23.2394475830665,-9.21564300707808,10.));
#9952=CARTESIAN_POINT('',(23.2394475830665,-9.21564300707808,10.));
#9953=CARTESIAN_POINT('',(23.424505119658,-8.73456123105891,10.));
#9954=CARTESIAN_POINT('',(23.2394475830665,-9.21564300707808,12.));
#9955=CARTESIAN_POINT('',(23.424505119658,-8.73456123105891,12.));
#9956=CARTESIAN_POINT('',(23.2394475830665,-9.21564300707808,10.));
#9957=CARTESIAN_POINT('Origin',(22.958102159163,-9.89573368929439,10.));
#9958=CARTESIAN_POINT('',(22.958102159163,-9.89573368929439,10.));
#9959=CARTESIAN_POINT('',(23.2394475830665,-9.21564300707808,10.));
#9960=CARTESIAN_POINT('',(22.958102159163,-9.89573368929439,12.));
#9961=CARTESIAN_POINT('',(23.2394475830665,-9.21564300707808,12.));
#9962=CARTESIAN_POINT('',(22.958102159163,-9.89573368929439,10.));
#9963=CARTESIAN_POINT('Origin',(22.7454762073272,-10.3751294980791,10.));
#9964=CARTESIAN_POINT('',(22.7454762073272,-10.3751294980791,10.));
#9965=CARTESIAN_POINT('',(22.958102159163,-9.89573368929439,10.));
#9966=CARTESIAN_POINT('',(22.7454762073272,-10.3751294980791,12.));
#9967=CARTESIAN_POINT('',(22.958102159163,-9.89573368929439,12.));
#9968=CARTESIAN_POINT('',(22.7454762073272,-10.3751294980791,10.));
#9969=CARTESIAN_POINT('Origin',(22.5192170342224,-10.8574796415001,10.));
#9970=CARTESIAN_POINT('',(22.5192170342224,-10.8574796415001,10.));
#9971=CARTESIAN_POINT('',(22.7454762073272,-10.3751294980791,10.));
#9972=CARTESIAN_POINT('',(22.5192170342224,-10.8574796415001,12.));
#9973=CARTESIAN_POINT('',(22.7454762073272,-10.3751294980791,12.));
#9974=CARTESIAN_POINT('',(22.5192170342224,-10.8574796415001,10.));
#9975=CARTESIAN_POINT('Origin',(22.1998602319322,-11.4963561915363,10.));
#9976=CARTESIAN_POINT('',(22.1998602319322,-11.4963561915363,10.));
#9977=CARTESIAN_POINT('',(22.5192170342224,-10.8574796415001,10.));
#9978=CARTESIAN_POINT('',(22.1998602319322,-11.4963561915363,12.));
#9979=CARTESIAN_POINT('',(22.5192170342224,-10.8574796415001,12.));
#9980=CARTESIAN_POINT('',(22.1998602319322,-11.4963561915363,10.));
#9981=CARTESIAN_POINT('Origin',(21.9473893228596,-11.9713032670143,10.));
#9982=CARTESIAN_POINT('',(21.9473893228596,-11.9713032670143,10.));
#9983=CARTESIAN_POINT('',(22.1998602319322,-11.4963561915363,10.));
#9984=CARTESIAN_POINT('',(21.9473893228596,-11.9713032670143,12.));
#9985=CARTESIAN_POINT('',(22.1998602319322,-11.4963561915363,12.));
#9986=CARTESIAN_POINT('',(21.9473893228596,-11.9713032670143,10.));
#9987=CARTESIAN_POINT('Origin',(21.6813274208702,-12.4466879638329,10.));
#9988=CARTESIAN_POINT('',(21.6813274208702,-12.4466879638329,10.));
#9989=CARTESIAN_POINT('',(21.9473893228596,-11.9713032670143,10.));
#9990=CARTESIAN_POINT('',(21.6813274208702,-12.4466879638329,12.));
#9991=CARTESIAN_POINT('',(21.9473893228596,-11.9713032670143,12.));
#9992=CARTESIAN_POINT('',(21.6813274208702,-12.4466879638329,10.));
#9993=CARTESIAN_POINT('Origin',(21.332045841299,-13.0362502363494,10.));
#9994=CARTESIAN_POINT('',(21.332045841299,-13.0362502363494,10.));
#9995=CARTESIAN_POINT('',(21.6813274208702,-12.4466879638329,10.));
#9996=CARTESIAN_POINT('',(21.332045841299,-13.0362502363494,12.));
#9997=CARTESIAN_POINT('',(21.6813274208702,-12.4466879638329,12.));
#9998=CARTESIAN_POINT('',(21.332045841299,-13.0362502363494,10.));
#9999=CARTESIAN_POINT('Origin',(21.0423520566419,-13.498867357091,10.));
#10000=CARTESIAN_POINT('',(21.0423520566419,-13.498867357091,10.));
#10001=CARTESIAN_POINT('',(21.332045841299,-13.0362502363494,10.));
#10002=CARTESIAN_POINT('',(21.0423520566419,-13.498867357091,12.));
#10003=CARTESIAN_POINT('',(21.332045841299,-13.0362502363494,12.));
#10004=CARTESIAN_POINT('',(21.0423520566419,-13.498867357091,10.));
#10005=CARTESIAN_POINT('Origin',(20.7396936904854,-13.9594092147498,10.));
#10006=CARTESIAN_POINT('',(20.7396936904854,-13.9594092147498,10.));
#10007=CARTESIAN_POINT('',(21.0423520566419,-13.498867357091,10.));
#10008=CARTESIAN_POINT('',(20.7396936904854,-13.9594092147498,12.));
#10009=CARTESIAN_POINT('',(21.0423520566419,-13.498867357091,12.));
#10010=CARTESIAN_POINT('',(20.7396936904854,-13.9594092147498,10.));
#10011=CARTESIAN_POINT('Origin',(20.424196581619,-14.4170799399664,10.));
#10012=CARTESIAN_POINT('',(20.424196581619,-14.4170799399664,10.));
#10013=CARTESIAN_POINT('',(20.7396936904854,-13.9594092147498,10.));
#10014=CARTESIAN_POINT('',(20.424196581619,-14.4170799399664,12.));
#10015=CARTESIAN_POINT('',(20.7396936904854,-13.9594092147498,12.));
#10016=CARTESIAN_POINT('',(20.424196581619,-14.4170799399664,10.));
#10017=CARTESIAN_POINT('Origin',(20.0960474800775,-14.8710751352574,10.));
#10018=CARTESIAN_POINT('',(20.0960474800775,-14.8710751352574,10.));
#10019=CARTESIAN_POINT('',(20.424196581619,-14.4170799399664,10.));
#10020=CARTESIAN_POINT('',(20.0960474800775,-14.8710751352574,12.));
#10021=CARTESIAN_POINT('',(20.424196581619,-14.4170799399664,12.));
#10022=CARTESIAN_POINT('',(20.0960474800775,-14.8710751352574,10.));
#10023=CARTESIAN_POINT('Origin',(19.7125576504448,-15.3757949673469,10.));
#10024=CARTESIAN_POINT('',(20.0960474800775,-14.8710751352574,10.));
#10025=CARTESIAN_POINT('',(20.0960474800775,-14.8710751352574,12.));
#10026=CARTESIAN_POINT('Origin',(12.4983744066516,1.98160943126647,12.));
#10027=CARTESIAN_POINT('Origin',(12.4983744066516,1.98160943126647,10.));
#10028=CARTESIAN_POINT('Origin',(-5.80357142857143,5.35714285714286,10.));
#10029=CARTESIAN_POINT('',(-8.48214285714286,5.35714285714286,10.));
#10030=CARTESIAN_POINT('',(-5.80357142857143,5.35714285714286,10.));
#10031=CARTESIAN_POINT('',(-6.69642857142857,5.35714285714286,10.));
#10032=CARTESIAN_POINT('',(-8.48214285714286,5.35714285714286,12.));
#10033=CARTESIAN_POINT('',(-8.48214285714286,5.35714285714286,10.));
#10034=CARTESIAN_POINT('',(-5.80357142857143,5.35714285714286,12.));
#10035=CARTESIAN_POINT('',(-6.69642857142857,5.35714285714286,12.));
#10036=CARTESIAN_POINT('',(-5.80357142857143,5.35714285714286,10.));
#10037=CARTESIAN_POINT('Origin',(-4.91071428571429,4.46428571428571,10.));
#10038=CARTESIAN_POINT('',(-4.91071428571429,4.46428571428571,10.));
#10039=CARTESIAN_POINT('',(-5.35714285714286,4.91071428571429,10.));
#10040=CARTESIAN_POINT('',(-4.91071428571429,4.46428571428571,12.));
#10041=CARTESIAN_POINT('',(-5.35714285714286,4.91071428571429,12.));
#10042=CARTESIAN_POINT('',(-4.91071428571429,4.46428571428571,10.));
#10043=CARTESIAN_POINT('Origin',(-4.01785714285714,4.46428571428571,10.));
#10044=CARTESIAN_POINT('',(-4.01785714285714,4.46428571428571,10.));
#10045=CARTESIAN_POINT('',(-4.91071428571429,4.46428571428571,10.));
#10046=CARTESIAN_POINT('',(-4.01785714285714,4.46428571428571,12.));
#10047=CARTESIAN_POINT('',(-4.91071428571429,4.46428571428571,12.));
#10048=CARTESIAN_POINT('',(-4.01785714285714,4.46428571428571,10.));
#10049=CARTESIAN_POINT('Origin',(-0.892857142857143,1.33928571428571,10.));
#10050=CARTESIAN_POINT('',(-0.892857142857143,1.33928571428571,10.));
#10051=CARTESIAN_POINT('',(-1.33928571428571,1.78571428571429,10.));
#10052=CARTESIAN_POINT('',(-0.892857142857142,1.33928571428571,12.));
#10053=CARTESIAN_POINT('',(-1.33928571428571,1.78571428571429,12.));
#10054=CARTESIAN_POINT('',(-0.892857142857143,1.33928571428571,10.));
#10055=CARTESIAN_POINT('Origin',(-1.33928571428571,0.892857142857143,10.));
#10056=CARTESIAN_POINT('',(-1.33928571428571,0.892857142857143,10.));
#10057=CARTESIAN_POINT('',(-0.892857142857143,1.33928571428571,10.));
#10058=CARTESIAN_POINT('',(-1.33928571428571,0.892857142857143,12.));
#10059=CARTESIAN_POINT('',(-0.892857142857143,1.33928571428571,12.));
#10060=CARTESIAN_POINT('',(-1.33928571428571,0.892857142857143,10.));
#10061=CARTESIAN_POINT('Origin',(-4.01785714285714,0.892857142857143,10.));
#10062=CARTESIAN_POINT('',(-4.01785714285714,0.892857142857143,10.));
#10063=CARTESIAN_POINT('',(-3.125,0.892857142857143,10.));
#10064=CARTESIAN_POINT('',(-4.01785714285714,0.892857142857143,12.));
#10065=CARTESIAN_POINT('',(-3.125,0.892857142857143,12.));
#10066=CARTESIAN_POINT('',(-4.01785714285714,0.892857142857143,10.));
#10067=CARTESIAN_POINT('Origin',(-4.46428571428571,0.446428571428572,10.));
#10068=CARTESIAN_POINT('',(-4.46428571428571,0.446428571428572,10.));
#10069=CARTESIAN_POINT('',(-4.01785714285714,0.892857142857143,10.));
#10070=CARTESIAN_POINT('',(-4.46428571428571,0.446428571428572,12.));
#10071=CARTESIAN_POINT('',(-4.01785714285714,0.892857142857143,12.));
#10072=CARTESIAN_POINT('',(-4.46428571428571,0.446428571428572,10.));
#10073=CARTESIAN_POINT('Origin',(-4.01785714285714,0.,10.));
#10074=CARTESIAN_POINT('',(-4.01785714285714,0.,10.));
#10075=CARTESIAN_POINT('',(-4.46428571428571,0.446428571428572,10.));
#10076=CARTESIAN_POINT('',(-4.01785714285714,0.,12.));
#10077=CARTESIAN_POINT('',(-4.46428571428571,0.446428571428572,12.));
#10078=CARTESIAN_POINT('',(-4.01785714285714,0.,10.));
#10079=CARTESIAN_POINT('Origin',(-1.33928571428571,0.,10.));
#10080=CARTESIAN_POINT('',(-1.33928571428571,0.,10.));
#10081=CARTESIAN_POINT('',(-2.23214285714286,0.,10.));
#10082=CARTESIAN_POINT('',(-1.33928571428571,0.,12.));
#10083=CARTESIAN_POINT('',(-2.23214285714286,0.,12.));
#10084=CARTESIAN_POINT('',(-1.33928571428571,0.,10.));
#10085=CARTESIAN_POINT('Origin',(-0.892857142857143,-0.446428571428572,
10.));
#10086=CARTESIAN_POINT('',(-0.892857142857143,-0.446428571428572,10.));
#10087=CARTESIAN_POINT('',(-1.33928571428571,0.,10.));
#10088=CARTESIAN_POINT('',(-0.892857142857142,-0.446428571428572,12.));
#10089=CARTESIAN_POINT('',(-1.33928571428571,0.,12.));
#10090=CARTESIAN_POINT('',(-0.892857142857143,-0.446428571428572,10.));
#10091=CARTESIAN_POINT('Origin',(-0.892857142857143,-1.33928571428571,10.));
#10092=CARTESIAN_POINT('',(-0.892857142857143,-1.33928571428571,10.));
#10093=CARTESIAN_POINT('',(-0.892857142857143,-0.446428571428572,10.));
#10094=CARTESIAN_POINT('',(-0.892857142857142,-1.33928571428571,12.));
#10095=CARTESIAN_POINT('',(-0.892857142857143,-0.446428571428572,12.));
#10096=CARTESIAN_POINT('',(-0.892857142857143,-1.33928571428571,10.));
#10097=CARTESIAN_POINT('Origin',(-1.78571428571429,-2.23214285714286,10.));
#10098=CARTESIAN_POINT('',(-1.78571428571429,-2.23214285714286,10.));
#10099=CARTESIAN_POINT('',(-1.33928571428571,-1.78571428571429,10.));
#10100=CARTESIAN_POINT('',(-1.78571428571429,-2.23214285714286,12.));
#10101=CARTESIAN_POINT('',(-1.33928571428571,-1.78571428571429,12.));
#10102=CARTESIAN_POINT('',(-1.78571428571429,-2.23214285714286,10.));
#10103=CARTESIAN_POINT('Origin',(-1.78571428571429,-6.69642857142857,10.));
#10104=CARTESIAN_POINT('',(-1.78571428571429,-6.69642857142857,10.));
#10105=CARTESIAN_POINT('',(-1.78571428571429,-5.80357142857143,10.));
#10106=CARTESIAN_POINT('',(-1.78571428571429,-6.69642857142857,12.));
#10107=CARTESIAN_POINT('',(-1.78571428571429,-5.80357142857143,12.));
#10108=CARTESIAN_POINT('',(-1.78571428571429,-6.69642857142857,10.));
#10109=CARTESIAN_POINT('Origin',(-2.67857142857143,-7.58928571428571,10.));
#10110=CARTESIAN_POINT('',(-2.67857142857143,-7.58928571428571,10.));
#10111=CARTESIAN_POINT('',(-2.23214285714286,-7.14285714285714,10.));
#10112=CARTESIAN_POINT('',(-2.67857142857143,-7.58928571428571,12.));
#10113=CARTESIAN_POINT('',(-2.23214285714286,-7.14285714285714,12.));
#10114=CARTESIAN_POINT('',(-2.67857142857143,-7.58928571428571,10.));
#10115=CARTESIAN_POINT('Origin',(-2.67857142857143,-8.48214285714286,10.));
#10116=CARTESIAN_POINT('',(-2.67857142857143,-8.48214285714286,10.));
#10117=CARTESIAN_POINT('',(-2.67857142857143,-7.58928571428571,10.));
#10118=CARTESIAN_POINT('',(-2.67857142857143,-8.48214285714286,12.));
#10119=CARTESIAN_POINT('',(-2.67857142857143,-7.58928571428571,12.));
#10120=CARTESIAN_POINT('',(-2.67857142857143,-8.48214285714286,10.));
#10121=CARTESIAN_POINT('Origin',(-4.91071428571429,-10.7142857142857,10.));
#10122=CARTESIAN_POINT('',(-4.91071428571429,-10.7142857142857,10.));
#10123=CARTESIAN_POINT('',(-4.46428571428571,-10.2678571428571,10.));
#10124=CARTESIAN_POINT('',(-4.91071428571429,-10.7142857142857,12.));
#10125=CARTESIAN_POINT('',(-4.46428571428571,-10.2678571428571,12.));
#10126=CARTESIAN_POINT('',(-4.91071428571429,-10.7142857142857,10.));
#10127=CARTESIAN_POINT('Origin',(-6.69642857142857,-10.7142857142857,10.));
#10128=CARTESIAN_POINT('',(-6.69642857142857,-10.7142857142857,10.));
#10129=CARTESIAN_POINT('',(-5.80357142857143,-10.7142857142857,10.));
#10130=CARTESIAN_POINT('',(-6.69642857142857,-10.7142857142857,12.));
#10131=CARTESIAN_POINT('',(-5.80357142857143,-10.7142857142857,12.));
#10132=CARTESIAN_POINT('',(-6.69642857142857,-10.7142857142857,10.));
#10133=CARTESIAN_POINT('Origin',(-8.03571428571429,-9.375,10.));
#10134=CARTESIAN_POINT('',(-8.03571428571429,-9.375,10.));
#10135=CARTESIAN_POINT('',(-7.58928571428571,-9.82142857142857,10.));
#10136=CARTESIAN_POINT('',(-8.03571428571429,-9.375,12.));
#10137=CARTESIAN_POINT('',(-7.58928571428571,-9.82142857142857,12.));
#10138=CARTESIAN_POINT('',(-8.03571428571429,-9.375,10.));
#10139=CARTESIAN_POINT('Origin',(-8.03571428571429,-8.48214285714286,10.));
#10140=CARTESIAN_POINT('',(-8.03571428571429,-8.48214285714286,10.));
#10141=CARTESIAN_POINT('',(-8.03571428571429,-9.375,10.));
#10142=CARTESIAN_POINT('',(-8.03571428571429,-8.48214285714286,12.));
#10143=CARTESIAN_POINT('',(-8.03571428571429,-9.375,12.));
#10144=CARTESIAN_POINT('',(-8.03571428571429,-8.48214285714286,10.));
#10145=CARTESIAN_POINT('Origin',(-8.92857142857143,-7.58928571428571,10.));
#10146=CARTESIAN_POINT('',(-8.92857142857143,-7.58928571428571,10.));
#10147=CARTESIAN_POINT('',(-8.48214285714286,-8.03571428571429,10.));
#10148=CARTESIAN_POINT('',(-8.92857142857143,-7.58928571428571,12.));
#10149=CARTESIAN_POINT('',(-8.48214285714286,-8.03571428571429,12.));
#10150=CARTESIAN_POINT('',(-8.92857142857143,-7.58928571428571,10.));
#10151=CARTESIAN_POINT('Origin',(-8.92857142857143,-5.80357142857143,10.));
#10152=CARTESIAN_POINT('',(-8.92857142857143,-5.80357142857143,10.));
#10153=CARTESIAN_POINT('',(-8.92857142857143,-6.69642857142857,10.));
#10154=CARTESIAN_POINT('',(-8.92857142857143,-5.80357142857143,12.));
#10155=CARTESIAN_POINT('',(-8.92857142857143,-6.69642857142857,12.));
#10156=CARTESIAN_POINT('',(-8.92857142857143,-5.80357142857143,10.));
#10157=CARTESIAN_POINT('Origin',(-11.1607142857143,-3.57142857142857,10.));
#10158=CARTESIAN_POINT('',(-11.1607142857143,-3.57142857142857,10.));
#10159=CARTESIAN_POINT('',(-10.7142857142857,-4.01785714285714,10.));
#10160=CARTESIAN_POINT('',(-11.1607142857143,-3.57142857142857,12.));
#10161=CARTESIAN_POINT('',(-10.7142857142857,-4.01785714285714,12.));
#10162=CARTESIAN_POINT('',(-11.1607142857143,-3.57142857142857,10.));
#10163=CARTESIAN_POINT('Origin',(-12.9464285714286,-3.57142857142857,10.));
#10164=CARTESIAN_POINT('',(-12.9464285714286,-3.57142857142857,10.));
#10165=CARTESIAN_POINT('',(-12.0535714285714,-3.57142857142857,10.));
#10166=CARTESIAN_POINT('',(-12.9464285714286,-3.57142857142857,12.));
#10167=CARTESIAN_POINT('',(-12.0535714285714,-3.57142857142857,12.));
#10168=CARTESIAN_POINT('',(-12.9464285714286,-3.57142857142857,10.));
#10169=CARTESIAN_POINT('Origin',(-14.2857142857143,-2.23214285714286,10.));
#10170=CARTESIAN_POINT('',(-14.2857142857143,-2.23214285714286,10.));
#10171=CARTESIAN_POINT('',(-13.8392857142857,-2.67857142857143,10.));
#10172=CARTESIAN_POINT('',(-14.2857142857143,-2.23214285714286,12.));
#10173=CARTESIAN_POINT('',(-13.8392857142857,-2.67857142857143,12.));
#10174=CARTESIAN_POINT('',(-14.2857142857143,-2.23214285714286,10.));
#10175=CARTESIAN_POINT('Origin',(-14.2857142857143,-0.446428571428572,10.));
#10176=CARTESIAN_POINT('',(-14.2857142857143,-0.446428571428572,10.));
#10177=CARTESIAN_POINT('',(-14.2857142857143,-1.33928571428571,10.));
#10178=CARTESIAN_POINT('',(-14.2857142857143,-0.446428571428572,12.));
#10179=CARTESIAN_POINT('',(-14.2857142857143,-1.33928571428571,12.));
#10180=CARTESIAN_POINT('',(-14.2857142857143,-0.446428571428572,10.));
#10181=CARTESIAN_POINT('Origin',(-8.48214285714286,5.35714285714286,10.));
#10182=CARTESIAN_POINT('',(-8.92857142857143,4.91071428571429,10.));
#10183=CARTESIAN_POINT('',(-8.92857142857143,4.91071428571429,12.));
#10184=CARTESIAN_POINT('Origin',(-7.58928571428571,-2.67857142857143,12.));
#10185=CARTESIAN_POINT('Origin',(-7.58928571428571,-2.67857142857143,10.));
#10186=UNCERTAINTY_MEASURE_WITH_UNIT(LENGTH_MEASURE(0.01),#10190,
'DISTANCE_ACCURACY_VALUE',
'Maximum model space distance between geometric entities at asserted c
onnectivities');
#10187=UNCERTAINTY_MEASURE_WITH_UNIT(LENGTH_MEASURE(0.01),#10190,
'DISTANCE_ACCURACY_VALUE',
'Maximum model space distance between geometric entities at asserted c
onnectivities');
#10188=(
GEOMETRIC_REPRESENTATION_CONTEXT(3)
GLOBAL_UNCERTAINTY_ASSIGNED_CONTEXT((#10186))
GLOBAL_UNIT_ASSIGNED_CONTEXT((#10190,#10192,#10193))
REPRESENTATION_CONTEXT('','3D')
);
#10189=(
GEOMETRIC_REPRESENTATION_CONTEXT(3)
GLOBAL_UNCERTAINTY_ASSIGNED_CONTEXT((#10187))
GLOBAL_UNIT_ASSIGNED_CONTEXT((#10190,#10192,#10193))
REPRESENTATION_CONTEXT('','3D')
);
#10190=(
LENGTH_UNIT()
NAMED_UNIT(*)
SI_UNIT(.MILLI.,.METRE.)
);
#10191=(
LENGTH_UNIT()
NAMED_UNIT(*)
SI_UNIT($,.METRE.)
);
#10192=(
NAMED_UNIT(*)
PLANE_ANGLE_UNIT()
SI_UNIT($,.RADIAN.)
);
#10193=(
NAMED_UNIT(*)
SI_UNIT($,.STERADIAN.)
SOLID_ANGLE_UNIT()
);
#10194=SHAPE_DEFINITION_REPRESENTATION(#10195,#10196);
#10195=PRODUCT_DEFINITION_SHAPE('',$,#10198);
#10196=SHAPE_REPRESENTATION('',(#6482),#10188);
#10197=PRODUCT_DEFINITION_CONTEXT('part definition',#10202,'design');
#10198=PRODUCT_DEFINITION('2026-06-03-12-57-52-965','FusionComponent',#10199,
#10197);
#10199=PRODUCT_DEFINITION_FORMATION('',$,#10204);
#10200=PRODUCT_RELATED_PRODUCT_CATEGORY('FusionComponent',
'FusionComponent',(#10204));
#10201=APPLICATION_PROTOCOL_DEFINITION('international standard',
'automotive_design',2009,#10202);
#10202=APPLICATION_CONTEXT(
'Core Data for Automotive Mechanical Design Process');
#10203=PRODUCT_CONTEXT('part definition',#10202,'mechanical');
#10204=PRODUCT('2026-06-03-12-57-52-965','FusionComponent',$,(#10203));
#10205=PRESENTATION_STYLE_ASSIGNMENT((#10206));
#10206=SURFACE_STYLE_USAGE(.BOTH.,#10207);
#10207=SURFACE_SIDE_STYLE('',(#10208));
#10208=SURFACE_STYLE_FILL_AREA(#10209);
#10209=FILL_AREA_STYLE('Steel - Satin',(#10210));
#10210=FILL_AREA_STYLE_COLOUR('Steel - Satin',#10211);
#10211=COLOUR_RGB('Steel - Satin',0.627450980392157,0.627450980392157,0.627450980392157);
ENDSEC;
END-ISO-10303-21;
